{
  "1": [
    13.75953994769707,
    13.5584
  ],
  "2": [
    13.75953994769707,
    13.5584
  ],
  "3": [
    13.75953994769707,
    13.5584
  ],
  "4": [
    15.63584084965576,
    13.5584
  ],
  "5": [
    15.63584084965576,
    13.5584
  ],
  "6": [
    15.63584084965576,
    13.5584
  ],
  "7": [
    15.63584084965576,
    13.5584
  ],
  "8": [
    15.63584084965576,
    13.5584
  ],
  "9": [
    15.63584084965576,
    13.5584
  ],
  "10": [
    13.75953994769707,
    13.5584
  ],
  "11": [
    13.75953994769707,
    13.5584
  ],
  "12": [
    13.75953994769707,
    13.5584
  ],
  "13": [
    10.006938143779687,
    13.5584
  ],
  "14": [
    11.049327533756738,
    13.5584
  ],
  "15": [
    11.049327533756738,
    13.5584
  ],
  "16": [
    12.300194801729198,
    13.5584
  ],
  "17": [
    12.300194801729198,
    13.5584
  ],
  "18": [
    13.75953994769707,
    13.5584
  ],
  "19": [
    13.75953994769707,
    13.5584
  ],
  "20": [
    12.300194801729198,
    13.5584
  ],
  "21": [
    12.300194801729198,
    13.5584
  ],
  "22": [
    11.049327533756738,
    13.5584
  ],
  "23": [
    11.049327533756738,
    13.5584
  ],
  "24": [
    10.006938143779687,
    13.5584
  ],
  "25": [
    12.300194801729198,
    13.5584
  ],
  "26": [
    11.049327533756738,
    13.5584
  ],
  "27": [
    11.049327533756738,
    13.5584
  ],
  "28": [
    10.006938143779687,
    13.5584
  ],
  "29": [
    10.006938143779687,
    13.5584
  ],
  "30": [
    10.006938143779687,
    13.5584
  ],
  "31": [
    8.756070875807225,
    13.5584
  ],
  "32": [
    8.756070875807225,
    13.5584
  ],
  "33": [
    11.049327533756738,
    9.499799999999999
  ],
  "34": [
    10.006938143779687,
    9.499799999999999
  ],
  "35": [
    10.006938143779687,
    9.499799999999999
  ],
  "36": [
    10.006938143779687,
    9.499799999999999
  ],
  "37": [
    8.756070875807225,
    9.499799999999999
  ],
  "38": [
    8.756070875807225,
    9.499799999999999
  ],
  "39": [
    8.756070875807225,
    9.499799999999999
  ],
  "40": [
    7.5052036078347655,
    9.499799999999999
  ],
  "41": [
    12.300194801729198,
    13.5584
  ],
  "42": [
    11.049327533756738,
    13.5584
  ],
  "43": [
    11.049327533756738,
    13.5584
  ],
  "44": [
    10.006938143779687,
    13.5584
  ],
  "45": [
    10.006938143779687,
    13.5584
  ],
  "46": [
    10.006938143779687,
    13.5584
  ],
  "47": [
    8.756070875807225,
    13.5584
  ],
  "48": [
    8.756070875807225,
    13.5584
  ],
  "49": [
    11.049327533756738,
    27.1614
  ],
  "50": [
    10.006938143779687,
    27.1614
  ],
  "51": [
    10.006938143779687,
    27.1614
  ],
  "52": [
    8.756070875807225,
    27.1614
  ],
  "53": [
    8.756070875807225,
    27.1614
  ],
  "54": [
    8.756070875807225,
    27.1614
  ],
  "55": [
    7.5052036078347655,
    27.1614
  ],
  "56": [
    7.5052036078347655,
    27.1614
  ],
  "57": [
    10.006938143779687,
    9.499799999999999
  ],
  "58": [
    10.006938143779687,
    9.499799999999999
  ],
  "59": [
    10.006938143779687,
    27.1614
  ],
  "60": [
    10.006938143779687,
    27.1614
  ],
  "61": [
    8.756070875807225,
    27.1614
  ],
  "62": [
    10.006938143779687,
    27.1614
  ],
  "63": [
    10.006938143779687,
    27.1614
  ],
  "64": [
    11.049327533756738,
    27.1614
  ],
  "65": [
    11.049327533756738,
    27.1614
  ],
  "66": [
    12.300194801729198,
    27.1614
  ],
  "67": [
    12.300194801729198,
    27.1614
  ],
  "68": [
    11.049327533756738,
    27.1614
  ],
  "69": [
    11.049327533756738,
    27.1614
  ],
  "70": [
    10.006938143779687,
    27.1614
  ],
  "71": [
    10.006938143779687,
    27.1614
  ],
  "72": [
    8.756070875807225,
    27.1614
  ],
  "73": [
    10.006938143779687,
    27.1614
  ],
  "74": [
    10.006938143779687,
    27.1614
  ],
  "75": [
    12.300194801729198,
    27.1614
  ],
  "76": [
    11.049327533756738,
    27.1614
  ],
  "77": [
    11.049327533756738,
    27.1614
  ],
  "78": [
    10.006938143779687,
    27.1614
  ],
  "79": [
    12.300194801729198,
    27.1614
  ],
  "80": [
    11.049327533756738,
    27.1614
  ],
  "81": [
    11.049327533756738,
    27.1614
  ],
  "82": [
    10.006938143779687,
    27.1614
  ],
  "83": [
    10.006938143779687,
    27.1614
  ],
  "84": [
    8.756070875807225,
    27.1614
  ],
  "85": [
    8.756070875807225,
    27.1614
  ],
  "86": [
    8.756070875807225,
    27.1614
  ],
  "87": [
    13.75953994769707,
    40.7644
  ],
  "88": [
    13.75953994769707,
    40.7644
  ],
  "89": [
    13.75953994769707,
    40.7644
  ],
  "90": [
    12.300194801729198,
    40.7644
  ],
  "91": [
    10.006938143779687,
    27.1614
  ],
  "92": [
    10.006938143779687,
    27.1614
  ],
  "93": [
    12.300194801729198,
    40.7644
  ],
  "94": [
    11.049327533756738,
    40.7644
  ],
  "95": [
    11.049327533756738,
    40.7644
  ],
  "96": [
    10.006938143779687,
    40.7644
  ],
  "97": [
    12.300194801729198,
    40.7644
  ],
  "98": [
    11.049327533756738,
    40.7644
  ],
  "99": [
    11.049327533756738,
    40.7644
  ],
  "100": [
    10.006938143779687,
    40.7644
  ],
  "101": [
    10.006938143779687,
    40.7644
  ],
  "102": [
    8.756070875807225,
    40.7644
  ],
  "103": [
    8.756070875807225,
    40.7644
  ],
  "104": [
    8.756070875807225,
    40.7644
  ],
  "105": [
    13.75953994769707,
    27.1614
  ],
  "106": [
    13.75953994769707,
    27.1614
  ],
  "107": [
    13.75953994769707,
    27.1614
  ],
  "108": [
    12.300194801729198,
    27.1614
  ],
  "109": [
    13.75953994769707,
    13.5584
  ],
  "110": [
    12.300194801729198,
    13.5584
  ],
  "111": [
    13.75953994769707,
    13.5584
  ],
  "112": [
    13.75953994769707,
    13.5584
  ],
  "113": [
    13.75953994769707,
    9.499799999999999
  ],
  "114": [
    13.75953994769707,
    9.499799999999999
  ],
  "115": [
    12.300194801729198,
    9.499799999999999
  ],
  "116": [
    11.049327533756738,
    27.1614
  ],
  "117": [
    11.049327533756738,
    27.1614
  ],
  "118": [
    10.006938143779687,
    27.1614
  ],
  "119": [
    11.049327533756738,
    9.499799999999999
  ],
  "120": [
    10.006938143779687,
    9.499799999999999
  ],
  "121": [
    10.006938143779687,
    9.499799999999999
  ],
  "122": [
    8.756070875807225,
    9.499799999999999
  ],
  "123": [
    8.756070875807225,
    9.499799999999999
  ],
  "124": [
    7.5052036078347655,
    9.499799999999999
  ],
  "125": [
    7.5052036078347655,
    9.499799999999999
  ],
  "126": [
    7.5052036078347655,
    9.499799999999999
  ],
  "127": [
    12.300194801729198,
    9.499799999999999
  ],
  "128": [
    11.049327533756738,
    9.499799999999999
  ],
  "129": [
    13.75953994769707,
    13.5584
  ],
  "130": [
    12.300194801729198,
    13.5584
  ],
  "131": [
    13.75953994769707,
    13.5584
  ],
  "132": [
    13.75953994769707,
    13.5584
  ],
  "133": [
    13.75953994769707,
    9.499799999999999
  ],
  "134": [
    13.75953994769707,
    9.499799999999999
  ],
  "135": [
    12.300194801729198,
    9.499799999999999
  ],
  "136": [
    11.049327533756738,
    27.1614
  ],
  "137": [
    11.049327533756738,
    27.1614
  ],
  "138": [
    10.006938143779687,
    27.1614
  ],
  "139": [
    12.300194801729198,
    27.1614
  ],
  "140": [
    11.049327533756738,
    27.1614
  ],
  "141": [
    11.049327533756738,
    27.1614
  ],
  "142": [
    10.006938143779687,
    27.1614
  ],
  "143": [
    10.006938143779687,
    27.1614
  ],
  "144": [
    8.756070875807225,
    27.1614
  ],
  "145": [
    8.756070875807225,
    27.1614
  ],
  "146": [
    7.5052036078347655,
    27.1614
  ],
  "147": [
    12.300194801729198,
    27.1614
  ],
  "148": [
    12.300194801729198,
    27.1614
  ],
  "149": [
    12.300194801729198,
    9.499799999999999
  ],
  "150": [
    13.75953994769707,
    9.499799999999999
  ],
  "151": [
    13.75953994769707,
    9.499799999999999
  ],