0 0 0 0 121.899 2.889 
0 0 0 1 161.057 2.657 
0 0 0 2 124.245 2.852 
0 0 0 3 160.805 2.977 
0 0 0 4 150.812 3.042 
0 0 0 5 169.977 2.890 
0 0 0 6 119.366 2.912 
0 0 0 7 106.721 2.641 
0 0 0 8 118.893 3.336 
0 0 0 9 131.530 3.479 
0 0 0 10 136.352 3.249 
0 0 0 11 170.225 3.116 
0 0 0 12 116.530 3.181 
0 0 0 13 144.862 3.642 
0 0 0 14 117.238 4.047 
0 0 0 15 153.245 5.172 
0 0 0 16 136.866 3.559 
0 0 0 17 113.597 2.894 
0 0 0 18 144.923 2.943 
0 0 0 19 139.819 2.773 
0 0 0 20 139.191 3.082 
0 0 0 21 152.416 2.994 
0 0 0 22 141.248 2.990 
0 0 0 23 156.577 3.433 
0 0 0 24 142.534 5.174 
0 0 0 25 180.641 5.636 
0 0 0 26 140.168 5.256 
0 0 0 27 0.000 0.000 
0 0 0 28 133.574 2.616 
0 0 0 29 153.866 2.884 
0 0 0 30 97.527 2.636 
0 0 0 31 198.208 2.730 
0 0 1 0 106.611 2.627 
0 0 1 1 84.107 2.459 
0 0 1 2 92.198 2.282 
0 0 1 3 110.436 2.593 
0 0 1 4 96.909 2.516 
0 0 1 5 152.879 3.067 
0 0 1 6 124.493 2.955 
0 0 1 7 108.188 2.242 
0 0 1 8 124.426 3.656 
0 0 1 9 88.315 3.121 
0 0 1 10 148.477 3.129 
0 0 1 11 102.319 3.508 
0 0 1 12 94.013 3.472 
0 0 1 13 106.765 3.824 
0 0 1 14 155.034 4.149 
0 0 1 15 72.597 4.456 
0 0 1 16 125.842 2.949 
0 0 1 17 78.315 2.473 
0 0 1 18 73.164 2.151 
0 0 1 19 85.433 2.265 
0 0 1 20 126.386 3.022 
0 0 1 21 107.728 2.726 
0 0 1 22 76.916 2.855 
0 0 1 23 91.221 2.860 
0 0 1 24 136.326 3.400 
0 0 1 25 102.473 2.756 
0 0 1 26 86.292 2.522 
0 0 1 27 139.782 2.810 
0 0 1 28 145.664 2.505 
0 0 1 29 134.919 2.716 
0 0 1 30 86.503 2.516 
0 0 1 31 99.121 2.964 
0 0 2 0 121.289 3.396 
0 0 2 1 146.248 3.129 
0 0 2 2 113.883 3.093 
0 0 2 3 95.084 3.130 
0 0 2 4 118.993 3.165 
0 0 2 5 84.446 3.061 
0 0 2 6 107.389 3.413 
0 0 2 7 105.403 3.724 
0 0 2 8 99.413 4.594 
0 0 2 9 86.604 4.010 
0 0 2 10 93.983 4.425 
0 0 2 11 89.906 3.942 
0 0 2 12 105.852 4.048 
0 0 2 13 131.198 4.615 
0 0 2 14 116.933 5.018 
0 0 2 15 94.443 5.265 
0 0 2 16 115.017 13.077 
0 0 2 17 113.148 12.340 
0 0 2 18 95.268 12.622 
0 0 2 19 134.688 13.761 
0 0 2 20 112.003 13.678 
0 0 2 21 102.487 13.607 
0 0 2 22 104.550 12.286 
0 0 2 23 110.114 13.057 
0 0 2 24 116.782 13.739 
0 0 2 25 110.349 13.555 
0 0 2 26 129.651 13.752 
0 0 2 27 109.587 13.370 
0 0 2 28 132.376 13.202 
0 0 2 29 102.628 12.988 
0 0 2 30 125.993 12.993 
0 0 2 31 117.326 13.043 
0 0 3 0 121.178 18.756 
0 0 3 1 174.191 19.706 
0 0 3 2 118.054 17.762 
0 0 3 3 135.020 18.434 
0 0 3 4 124.443 18.491 
0 0 3 5 126.436 19.095 
0 0 3 6 134.577 18.525 
0 0 3 7 114.651 17.614 
0 0 3 8 148.946 19.147 
0 0 3 9 145.349 22.486 
0 0 3 10 130.950 22.890 
0 0 3 11 149.755 24.162 
0 0 3 12 115.980 21.127 
0 0 3 13 122.168 19.826 
0 0 3 14 111.362 21.267 
0 0 3 15 169.866 21.463 
0 0 3 16 169.869 19.245 
0 0 3 17 147.128 20.893 
0 0 3 18 114.862 20.678 
0 0 3 19 139.567 21.342 
0 0 3 20 165.208 20.834 
0 0 3 21 144.003 22.529 
0 0 3 22 145.802 20.000 
0 0 3 23 129.349 20.528 
0 0 3 24 144.446 20.577 
0 0 3 25 155.144 21.976 
0 0 3 26 146.101 21.254 
0 0 3 27 180.607 21.156 
0 0 3 28 145.513 20.611 
0 0 3 29 199.067 21.250 
0 0 3 30 188.705 20.867 
0 0 3 31 127.742 20.279 
0 0 4 0 110.426 22.084 
0 0 4 1 125.389 22.085 
0 0 4 2 131.000 23.833 
0 0 4 3 123.490 23.478 
0 0 4 4 151.909 23.258 
0 0 4 5 90.242 21.948 
0 0 4 6 122.725 21.643 
0 0 4 7 81.517 20.656 
0 0 4 8 103.393 21.702 
0 0 4 9 114.621 23.796 
0 0 4 10 145.527 25.034 
0 0 4 11 126.268 24.980 
0 0 4 12 100.480 23.954 
0 0 4 13 126.691 24.107 
0 0 4 14 109.661 23.644 
0 0 4 15 135.336 25.862 
0 0 4 16 125.419 23.658 
0 0 4 17 140.906 23.669 
0 0 4 18 95.557 23.014 
0 0 4 19 132.228 23.014 
0 0 4 20 121.581 23.605 
0 0 4 21 98.805 21.750 
0 0 4 22 144.658 23.807 
0 0 4 23 150.275 22.440 
0 0 4 24 123.872 23.009 
0 0 4 25 115.688 22.692 
0 0 4 26 111.829 23.120 
0 0 4 27 145.315 23.812 
0 0 4 28 105.876 20.531 
0 0 4 29 160.141 23.408 
0 0 4 30 130.181 20.714 
0 0 4 31 83.523 19.775 
0 0 5 0 119.050 15.955 
0 0 5 1 144.272 15.601 
0 0 5 2 106.017 16.075 
0 0 5 3 153.295 15.774 
0 0 5 4 117.141 14.899 
0 0 5 5 137.628 15.787 
0 0 5 6 163.688 16.470 
0 0 5 7 110.762 17.860 
0 0 5 8 113.658 16.471 
0 0 5 9 171.721 18.679 
0 0 5 10 166.728 17.494 
0 0 5 11 149.872 18.898 
0 0 5 12 163.372 21.227 
0 0 5 13 122.174 19.221 
0 0 5 14 137.268 21.253 
0 0 5 15 126.369 19.495 
0 0 5 16 138.980 1.519 
0 0 5 17 102.779 18.503 
0 0 5 18 98.497 19.642 
0 0 5 19 142.846 22.623 
0 0 5 20 121.819 25.400 
0 0 5 21 135.225 22.350 
0 0 5 22 128.010 18.760 
0 0 5 23 110.433 14.945 
0 0 5 24 136.205 15.551 
0 0 5 25 126.668 15.960 
0 0 5 26 116.966 16.374 
0 0 5 27 133.440 16.350 
0 0 5 28 129.819 16.972 
0 0 5 29 186.799 16.979 
0 0 5 30 137.336 15.928 
0 0 5 31 88.940 14.456 
0 1 0 0 163.953 2.800 
0 1 0 1 115.629 2.490 
0 1 0 2 108.057 2.512 
0 1 0 3 121.813 2.660 
0 1 0 4 116.385 2.370 
0 1 0 5 105.244 2.717 
0 1 0 6 129.298 2.953 
0 1 0 7 135.702 2.709 
0 1 0 8 103.475 3.567 
0 1 0 9 114.816 3.496 
0 1 0 10 117.060 3.477 
0 1 0 11 120.742 3.544 
0 1 0 12 78.211 3.006 
0 1 0 13 129.602 4.174 
0 1 0 14 117.217 4.433 
0 1 0 15 75.064 4.037 
0 1 0 16 131.057 3.197 
0 1 0 17 109.033 2.651 
0 1 0 18 111.204 3.067 
0 1 0 19 124.281 2.967 
0 1 0 20 80.455 2.602 
0 1 0 21 61.903 2.836 
0 1 0 22 123.946 3.248 
0 1 0 23 131.294 2.985 
0 1 0 24 146.936 2.857 
0 1 0 25 78.970 2.372 
0 1 0 26 102.890 2.522 
0 1 0 27 107.548 2.418 
0 1 0 28 124.719 2.881 
0 1 0 29 145.007 2.564 
0 1 0 30 89.548 2.496 
0 1 0 31 80.642 2.345 
0 1 1 0 138.963 2.461 
0 1 1 1 152.732 2.317 
0 1 1 2 97.351 2.646 
0 1 1 3 124.304 3.250 
0 1 1 4 138.040 2.174 
0 1 1 5 145.809 2.459 
0 1 1 6 116.067 2.588 
0 1 1 7 121.943 2.994 
0 1 1 8 133.739 3.211 
0 1 1 9 137.100 2.872 
0 1 1 10 128.686 3.317 
0 1 1 11 136.194 2.861 
0 1 1 12 128.107 3.754 
0 1 1 13 106.268 3.442 
0 1 1 14 99.324 3.525 
0 1 1 15 130.699 4.699 
0 1 1 16 120.689 3.123 
0 1 1 17 142.946 2.777 
0 1 1 18 158.060 2.341 
0 1 1 19 114.970 2.904 
0 1 1 20 118.706 2.594 
0 1 1 21 122.689 3.184 
0 1 1 22 104.027 2.960 
0 1 1 23 160.836 2.784 
0 1 1 24 135.184 2.663 
0 1 1 25 154.465 2.672 
0 1 1 26 179.776 2.513 
0 1 1 27 129.836 2.643 
0 1 1 28 109.017 2.535 
0 1 1 29 171.836 2.428 
0 1 1 30 159.632 2.526 
0 1 1 31 157.368 2.441 
0 1 2 0 142.983 2.595 
0 1 2 1 161.204 2.450 
0 1 2 2 119.064 2.581 
0 1 2 3 142.087 2.674 
0 1 2 4 141.555 2.860 
0 1 2 5 166.288 3.539 
0 1 2 6 129.722 4.897 
0 1 2 7 147.823 3.439 
0 1 2 8 164.849 3.425 
0 1 2 9 128.559 3.433 
0 1 2 10 105.739 3.000 
0 1 2 11 125.856 3.592 
0 1 2 12 171.124 3.164 
0 1 2 13 129.161 3.426 
0 1 2 14 117.448 3.999 
0 1 2 15 145.666 3.982 
0 1 2 16 133.615 4.939 
0 1 2 17 137.017 4.824 
0 1 2 18 172.923 5.310 
0 1 2 19 152.870 5.446 
0 1 2 20 136.107 5.274 
0 1 2 21 109.883 4.844 
0 1 2 22 129.047 5.510 
0 1 2 23 147.090 5.621 
0 1 2 24 134.896 5.321 
0 1 2 25 140.729 5.103 
0 1 2 26 139.930 4.700 
0 1 2 27 118.508 4.954 
0 1 2 28 182.528 5.309 
0 1 2 29 157.582 5.072 
0 1 2 30 137.652 4.925 
0 1 2 31 144.057 4.642 
0 1 3 0 106.258 4.531 
0 1 3 1 94.107 4.643 
0 1 3 2 100.472 4.783 
0 1 3 3 109.582 4.630 
0 1 3 4 97.204 4.789 
0 1 3 5 98.525 4.449 
0 1 3 6 111.181 4.821 
0 1 3 7 108.174 5.093 
0 1 3 8 112.498 6.043 
0 1 3 9 178.910 6.085 
0 1 3 10 122.575 5.790 
0 1 3 11 93.719 5.880 
0 1 3 12 112.294 5.668 
0 1 3 13 92.565 5.783 
0 1 3 14 103.070 6.165 
0 1 3 15 89.341 6.119 
0 1 3 16 123.431 8.132 
0 1 3 17 114.789 7.098 
0 1 3 18 78.435 5.718 
0 1 3 19 159.104 8.070 
0 1 3 20 88.314 7.467 
0 1 3 21 142.408 7.360 
0 1 3 22 91.328 7.804 
0 1 3 23 144.334 7.512 
0 1 3 24 124.124 7.961 
0 1 3 25 143.110 10.808 
0 1 3 26 151.926 12.650 
0 1 3 27 101.244 14.871 
0 1 3 28 66.181 14.037 
0 1 3 29 64.652 11.458 
0 1 3 30 105.977 8.959 
0 1 3 31 113.438 7.973 
0 1 4 0 93.833 18.425 
0 1 4 1 110.722 18.952 
0 1 4 2 117.719 19.912 
0 1 4 3 54.726 15.341 
0 1 4 4 104.873 20.159 
0 1 4 5 130.097 20.589 
0 1 4 6 99.251 19.050 
0 1 4 7 91.562 19.210 
0 1 4 8 112.508 21.587 
0 1 4 9 111.385 21.217 
0 1 4 10 101.642 20.324 
0 1 4 11 86.950 18.970 
0 1 4 12 85.538 19.151 
0 1 4 13 70.298 18.705 
0 1 4 14 73.201 19.163 
0 1 4 15 107.207 20.960 
0 1 4 16 100.732 25.233 
0 1 4 17 157.328 28.440 
0 1 4 18 104.247 24.560 
0 1 4 19 87.709 23.783 
0 1 4 20 131.873 26.519 
0 1 4 21 133.298 28.943 
0 1 4 22 148.575 26.576 
0 1 4 23 113.331 25.461 
0 1 4 24 70.064 23.352 
0 1 4 25 96.438 25.282 
0 1 4 26 134.722 25.922 
0 1 4 27 145.298 26.257 
0 1 4 28 112.896 24.079 
0 1 4 29 81.732 22.667 
0 1 4 30 122.120 26.686 
0 1 4 31 122.923 25.481 
0 1 5 0 161.435 1.210 
0 1 5 1 169.662 9.486 
0 1 5 2 129.395 9.324 
0 1 5 3 110.395 9.070 
0 1 5 4 151.729 8.786 
0 1 5 5 133.739 8.983 
0 1 5 6 132.448 9.448 
0 1 5 7 126.880 9.404 
0 1 5 8 141.475 10.102 
0 1 5 9 123.699 10.158 
0 1 5 10 169.642 10.848 
0 1 5 11 144.130 11.175 
0 1 5 12 101.043 11.099 
0 1 5 13 159.070 11.945 
0 1 5 14 153.408 2.904 
0 1 5 15 133.515 10.824 
0 1 5 16 148.846 20.353 
0 1 5 17 93.766 18.487 
0 1 5 18 141.505 20.342 
0 1 5 19 144.425 20.709 
0 1 5 20 139.271 22.407 
0 1 5 21 110.207 24.751 
0 1 5 22 132.562 24.161 
0 1 5 23 183.020 23.685 
0 1 5 24 161.258 21.070 
0 1 5 25 153.401 20.845 
0 1 5 26 88.411 16.853 
0 1 5 27 129.799 20.734 
0 1 5 28 106.462 19.255 
0 1 5 29 142.860 21.022 
0 1 5 30 142.167 18.739 
0 1 5 31 164.221 20.352 
0 2 0 0 0.000 0.000 
0 2 0 1 0.000 0.000 
0 2 0 2 0.000 0.000 
0 2 0 3 0.000 0.000 
0 2 0 4 0.000 0.000 
0 2 0 5 0.000 0.000 
0 2 0 6 0.000 0.000 
0 2 0 7 0.000 0.000 
0 2 0 8 0.000 0.000 
0 2 0 9 0.000 0.000 
0 2 0 10 0.000 0.000 
0 2 0 11 0.000 0.000 
0 2 0 12 0.000 0.000 
0 2 0 13 0.000 0.000 
0 2 0 14 0.000 0.000 
0 2 0 15 0.000 0.000 
0 2 0 16 0.000 0.000 
0 2 0 17 0.000 0.000 
0 2 0 18 0.000 0.000 
0 2 0 19 0.000 0.000 
0 2 0 20 0.000 0.000 
0 2 0 21 0.000 0.000 
0 2 0 22 0.000 0.000 
0 2 0 23 0.000 0.000 
0 2 0 24 0.000 0.000 
0 2 0 25 0.000 0.000 
0 2 0 26 0.000 0.000 
0 2 0 27 0.000 0.000 
0 2 0 28 0.000 0.000 
0 2 0 29 0.000 0.000 
0 2 0 30 0.000 0.000 
0 2 0 31 0.000 0.000 
0 2 1 0 0.000 0.000 
0 2 1 1 0.000 0.000 
0 2 1 2 0.000 0.000 
0 2 1 3 0.000 0.000 
0 2 1 4 0.000 0.000 
0 2 1 5 0.000 0.000 
0 2 1 6 0.000 0.000 
0 2 1 7 0.000 0.000 
0 2 1 8 0.000 0.000 
0 2 1 9 0.000 0.000 
0 2 1 10 0.000 0.000 
0 2 1 11 0.000 0.000 
0 2 1 12 0.000 0.000 
0 2 1 13 0.000 0.000 
0 2 1 14 0.000 0.000 
0 2 1 15 0.000 0.000 
0 2 1 16 0.000 0.000 
0 2 1 17 0.000 0.000 
0 2 1 18 0.000 0.000 
0 2 1 19 0.000 0.000 
0 2 1 20 0.000 0.000 
0 2 1 21 0.000 0.000 
0 2 1 22 0.000 0.000 
0 2 1 23 0.000 0.000 
0 2 1 24 0.000 0.000 
0 2 1 25 0.000 0.000 
0 2 1 26 0.000 0.000 
0 2 1 27 0.000 0.000 
0 2 1 28 0.000 0.000 
0 2 1 29 0.000 0.000 
0 2 1 30 0.000 0.000 
0 2 1 31 0.000 0.000 
0 2 2 0 0.000 0.000 
0 2 2 1 0.000 0.000 
0 2 2 2 0.000 0.000 
0 2 2 3 0.000 0.000 
0 2 2 4 0.000 0.000 
0 2 2 5 0.000 0.000 
0 2 2 6 0.000 0.000 
0 2 2 7 0.000 0.000 
0 2 2 8 0.000 0.000 
0 2 2 9 0.000 0.000 
0 2 2 10 0.000 0.000 
0 2 2 11 0.000 0.000 
0 2 2 12 0.000 0.000 
0 2 2 13 0.000 0.000 
0 2 2 14 0.000 0.000 
0 2 2 15 0.000 0.000 
0 2 2 16 0.000 0.000 
0 2 2 17 0.000 0.000 
0 2 2 18 0.000 0.000 
0 2 2 19 0.000 0.000 
0 2 2 20 0.000 0.000 
0 2 2 21 0.000 0.000 
0 2 2 22 0.000 0.000 
0 2 2 23 0.000 0.000 
0 2 2 24 0.000 0.000 
0 2 2 25 0.000 0.000 
0 2 2 26 0.000 0.000 
0 2 2 27 0.000 0.000 
0 2 2 28 0.000 0.000 
0 2 2 29 0.000 0.000 
0 2 2 30 0.000 0.000 
0 2 2 31 0.000 0.000 
0 2 3 0 0.000 0.000 
0 2 3 1 0.000 0.000 
0 2 3 2 0.000 0.000 
0 2 3 3 0.000 0.000 
0 2 3 4 0.000 0.000 
0 2 3 5 0.000 0.000 
0 2 3 6 0.000 0.000 
0 2 3 7 0.000 0.000 
0 2 3 8 0.000 0.000 
0 2 3 9 0.000 0.000 
0 2 3 10 0.000 0.000 
0 2 3 11 0.000 0.000 
0 2 3 12 0.000 0.000 
0 2 3 13 0.000 0.000 
0 2 3 14 0.000 0.000 
0 2 3 15 0.000 0.000 
0 2 3 16 0.000 0.000 
0 2 3 17 0.000 0.000 
0 2 3 18 0.000 0.000 
0 2 3 19 0.000 0.000 
0 2 3 20 0.000 0.000 
0 2 3 21 0.000 0.000 
0 2 3 22 0.000 0.000 
0 2 3 23 0.000 0.000 
0 2 3 24 0.000 0.000 
0 2 3 25 0.000 0.000 
0 2 3 26 0.000 0.000 
0 2 3 27 0.000 0.000 
0 2 3 28 0.000 0.000 
0 2 3 29 0.000 0.000 
0 2 3 30 0.000 0.000 
0 2 3 31 0.000 0.000 
0 2 4 0 0.000 0.000 
0 2 4 1 0.000 0.000 
0 2 4 2 0.000 0.000 
0 2 4 3 0.000 0.000 
0 2 4 4 0.000 0.000 
0 2 4 5 0.000 0.000 
0 2 4 6 0.000 0.000 
0 2 4 7 0.000 0.000 
0 2 4 8 0.000 0.000 
0 2 4 9 0.000 0.000 
0 2 4 10 0.000 0.000 
0 2 4 11 0.000 0.000 
0 2 4 12 0.000 0.000 
0 2 4 13 0.000 0.000 
0 2 4 14 0.000 0.000 
0 2 4 15 0.000 0.000 
0 2 4 16 0.000 0.000 
0 2 4 17 0.000 0.000 
0 2 4 18 0.000 0.000 
0 2 4 19 0.000 0.000 
0 2 4 20 0.000 0.000 
0 2 4 21 0.000 0.000 
0 2 4 22 0.000 0.000 
0 2 4 23 0.000 0.000 
0 2 4 24 0.000 0.000 
0 2 4 25 0.000 0.000 
0 2 4 26 0.000 0.000 
0 2 4 27 0.000 0.000 
0 2 4 28 0.000 0.000 
0 2 4 29 0.000 0.000 
0 2 4 30 0.000 0.000 
0 2 4 31 0.000 0.000 
0 2 5 0 0.000 0.000 
0 2 5 1 0.000 0.000 
0 2 5 2 0.000 0.000 
0 2 5 3 0.000 0.000 
0 2 5 4 0.000 0.000 
0 2 5 5 0.000 0.000 
0 2 5 6 0.000 0.000 
0 2 5 7 0.000 0.000 
0 2 5 8 0.000 0.000 
0 2 5 9 0.000 0.000 
0 2 5 10 0.000 0.000 
0 2 5 11 0.000 0.000 
0 2 5 12 0.000 0.000 
0 2 5 13 0.000 0.000 
0 2 5 14 0.000 0.000 
0 2 5 15 0.000 0.000 
0 2 5 16 0.000 0.000 
0 2 5 17 0.000 0.000 
0 2 5 18 0.000 0.000 
0 2 5 19 0.000 0.000 
0 2 5 20 0.000 0.000 
0 2 5 21 0.000 0.000 
0 2 5 22 0.000 0.000 
0 2 5 23 0.000 0.000 
0 2 5 24 0.000 0.000 
0 2 5 25 0.000 0.000 
0 2 5 26 0.000 0.000 
0 2 5 27 0.000 0.000 
0 2 5 28 0.000 0.000 
0 2 5 29 0.000 0.000 
0 2 5 30 0.000 0.000 
0 2 5 31 0.000 0.000 
0 3 0 0 129.177 5.281 
0 3 0 1 128.502 5.444 
0 3 0 2 145.545 5.196 
0 3 0 3 117.378 5.268 
0 3 0 4 125.866 5.758 
0 3 0 5 118.391 5.399 
0 3 0 6 163.726 5.335 
0 3 0 7 123.532 5.649 
0 3 0 8 126.201 8.936 
0 3 0 9 109.304 8.769 
0 3 0 10 115.542 8.156 
0 3 0 11 98.355 7.548 
0 3 0 12 111.164 8.392 
0 3 0 13 138.963 10.746 
0 3 0 14 142.870 10.201 
0 3 0 15 158.311 11.709 
0 3 0 16 93.247 3.498 
0 3 0 17 140.411 3.214 
0 3 0 18 110.448 3.082 
0 3 0 19 116.194 3.101 
0 3 0 20 72.589 2.642 
0 3 0 21 106.441 3.137 
0 3 0 22 105.020 3.136 
0 3 0 23 127.318 3.519 
0 3 0 24 135.304 2.903 
0 3 0 25 191.977 3.491 
0 3 0 26 122.455 3.429 
0 3 0 27 108.833 3.260 
0 3 0 28 122.602 2.942 
0 3 0 29 125.117 3.073 
0 3 0 30 157.669 3.310 
0 3 0 31 143.395 2.900 
0 3 1 0 130.134 3.598 
0 3 1 1 84.759 2.620 
0 3 1 2 98.094 2.960 
0 3 1 3 164.826 3.217 
0 3 1 4 111.548 3.079 
0 3 1 5 133.445 2.890 
0 3 1 6 99.933 2.907 
0 3 1 7 135.395 3.149 
0 3 1 8 125.154 7.984 
0 3 1 9 61.699 6.519 
0 3 1 10 124.599 7.128 
0 3 1 11 103.214 6.262 
0 3 1 12 88.926 6.724 
0 3 1 13 135.154 9.277 
0 3 1 14 119.515 9.050 
0 3 1 15 81.659 11.343 
0 3 1 16 90.856 3.143 
0 3 1 17 99.625 3.275 
0 3 1 18 108.274 3.132 
0 3 1 19 95.849 3.336 
0 3 1 20 108.736 3.416 
0 3 1 21 84.060 2.980 
0 3 1 22 109.629 3.488 
0 3 1 23 123.809 4.115 
0 3 1 24 103.351 3.535 
0 3 1 25 113.475 3.395 
0 3 1 26 64.211 2.793 
0 3 1 27 121.033 3.243 
0 3 1 28 103.421 2.925 
0 3 1 29 65.538 2.521 
0 3 1 30 117.649 3.338 
0 3 1 31 143.900 3.021 
0 3 2 0 135.194 3.131 
0 3 2 1 115.368 2.609 
0 3 2 2 137.194 2.531 
0 3 2 3 161.950 3.033 
0 3 2 4 112.702 3.013 
0 3 2 5 100.839 2.616 
0 3 2 6 106.893 2.801 
0 3 2 7 135.324 3.039 
0 3 2 8 97.385 7.477 
0 3 2 9 147.970 7.468 
0 3 2 10 113.191 7.769 
0 3 2 11 132.632 5.930 
0 3 2 12 108.619 7.146 
0 3 2 13 117.234 8.258 
0 3 2 14 101.482 9.414 
0 3 2 15 113.161 11.989 
0 3 2 16 146.926 2.907 
0 3 2 17 114.783 3.160 
0 3 2 18 143.455 2.823 
0 3 2 19 85.281 2.550 
0 3 2 20 171.070 2.952 
0 3 2 21 147.281 2.583 
0 3 2 22 94.134 3.044 
0 3 2 23 135.622 3.126 
0 3 2 24 144.542 3.214 
0 3 2 25 108.672 2.805 
0 3 2 26 127.629 3.228 
0 3 2 27 156.916 2.908 
0 3 2 28 91.843 2.699 
0 3 2 29 109.147 2.732 
0 3 2 30 130.886 2.695 
0 3 2 31 95.535 2.448 
0 3 3 0 122.017 3.448 
0 3 3 1 142.157 2.683 
0 3 3 2 122.064 2.721 
0 3 3 3 171.033 2.860 
0 3 3 4 135.863 3.088 
0 3 3 5 115.672 3.044 
0 3 3 6 164.662 2.805 
0 3 3 7 124.923 3.374 
0 3 3 8 146.662 7.808 
0 3 3 9 109.739 7.813 
0 3 3 10 153.468 6.998 
0 3 3 11 183.338 6.724 
0 3 3 12 124.388 6.773 
0 3 3 13 93.796 8.405 
0 3 3 14 107.712 8.971 
0 3 3 15 125.294 11.045 
0 3 3 16 138.401 2.482 
0 3 3 17 136.742 2.820 
0 3 3 18 102.548 2.624 
0 3 3 19 97.906 2.834 
0 3 3 20 126.870 2.717 
0 3 3 21 162.181 3.174 
0 3 3 22 132.763 2.663 
0 3 3 23 143.191 3.080 
0 3 3 24 169.000 2.658 
0 3 3 25 180.398 3.007 
0 3 3 26 149.585 2.876 
0 3 3 27 222.060 2.808 
0 3 3 28 203.130 2.770 
0 3 3 29 115.140 2.525 
0 3 3 30 186.043 2.707 
0 3 3 31 151.943 2.680 
0 3 4 0 80.609 3.176 
0 3 4 1 99.227 2.658 
0 3 4 2 86.140 2.365 
0 3 4 3 135.361 2.557 
0 3 4 4 105.963 2.718 
0 3 4 5 112.946 2.859 
0 3 4 6 122.649 2.580 
0 3 4 7 103.341 2.650 
0 3 4 8 124.967 8.639 
0 3 4 9 111.164 7.817 
0 3 4 10 122.635 8.288 
0 3 4 11 154.114 6.752 
0 3 4 12 108.137 7.514 
0 3 4 13 87.211 8.054 
0 3 4 14 104.602 8.901 
0 3 4 15 110.709 11.451 
0 3 4 16 101.833 2.691 
0 3 4 17 106.505 2.537 
0 3 4 18 64.502 2.269 
0 3 4 19 95.047 2.626 
0 3 4 20 109.666 2.652 
0 3 4 21 111.843 2.652 
0 3 4 22 89.729 2.578 
0 3 4 23 113.154 2.804 
0 3 4 24 109.957 2.814 
0 3 4 25 91.973 2.926 
0 3 4 26 71.906 2.452 
0 3 4 27 103.197 2.433 
0 3 4 28 122.261 2.812 
0 3 4 29 128.318 2.696 
0 3 4 30 140.341 2.707 
0 3 4 31 150.298 2.532 
0 3 5 0 110.518 3.282 
0 3 5 1 119.555 2.591 
0 3 5 2 110.953 2.690 
0 3 5 3 131.375 2.498 
0 3 5 4 129.732 3.046 
0 3 5 5 104.147 2.732 
0 3 5 6 61.462 2.338 
0 3 5 7 144.010 2.680 
0 3 5 8 120.712 9.392 
0 3 5 9 98.341 8.127 
0 3 5 10 115.094 8.058 
0 3 5 11 104.438 7.224 
0 3 5 12 129.371 8.489 
0 3 5 13 97.739 9.630 
0 3 5 14 100.251 10.015 
0 3 5 15 119.054 13.505 
0 3 5 16 146.043 2.886 
0 3 5 17 137.709 2.453 
0 3 5 18 156.214 3.113 
0 3 5 19 138.967 2.522 
0 3 5 20 87.030 2.583 
0 3 5 21 131.676 2.832 
0 3 5 22 59.438 2.581 
0 3 5 23 66.709 2.474 
0 3 5 24 111.545 2.852 
0 3 5 25 99.622 2.718 
0 3 5 26 144.886 2.595 
0 3 5 27 143.732 2.681 
0 3 5 28 95.328 2.681 
0 3 5 29 148.395 2.496 
0 3 5 30 101.796 2.525 
0 3 5 31 150.110 2.578 
0 4 0 0 100.227 2.937 
0 4 0 1 145.090 2.629 
0 4 0 2 87.682 3.359 
0 4 0 3 146.040 3.315 
0 4 0 4 130.900 3.460 
0 4 0 5 106.903 3.567 
0 4 0 6 147.512 3.577 
0 4 0 7 135.853 3.246 
0 4 0 8 123.582 0.986 
0 4 0 9 110.361 3.495 
0 4 0 10 118.548 3.473 
0 4 0 11 139.010 3.438 
0 4 0 12 139.465 3.053 
0 4 0 13 89.906 3.735 
0 4 0 14 97.686 3.879 
0 4 0 15 163.625 4.820 
0 4 0 16 169.445 4.433 
0 4 0 17 152.331 3.974 
0 4 0 18 128.097 3.176 
0 4 0 19 134.361 2.885 
0 4 0 20 155.381 2.867 
0 4 0 21 86.033 2.391 
0 4 0 22 103.813 2.917 
0 4 0 23 148.478 3.362 
0 4 0 24 164.311 3.085 
0 4 0 25 111.251 2.882 
0 4 0 26 118.666 3.037 
0 4 0 27 140.662 2.997 
0 4 0 28 119.592 2.958 
0 4 0 29 158.562 3.068 
0 4 0 30 157.739 2.861 
0 4 0 31 125.080 2.894 
0 4 1 0 63.087 2.711 
0 4 1 1 62.963 2.582 
0 4 1 2 153.880 2.945 
0 4 1 3 107.943 3.124 
0 4 1 4 109.120 3.498 
0 4 1 5 132.796 3.451 
0 4 1 6 157.187 3.267 
0 4 1 7 80.224 2.959 
0 4 1 8 119.572 3.401 
0 4 1 9 97.923 2.803 
0 4 1 10 138.361 2.988 
0 4 1 11 68.294 2.731 
0 4 1 12 100.311 2.959 
0 4 1 13 108.492 3.730 
0 4 1 14 99.589 3.629 
0 4 1 15 106.134 4.650 
0 4 1 16 82.913 3.174 
0 4 1 17 81.779 2.760 
0 4 1 18 141.963 2.859 
0 4 1 19 137.361 2.797 
0 4 1 20 117.545 2.675 
0 4 1 21 122.799 2.763 
0 4 1 22 93.970 2.962 
0 4 1 23 54.441 2.414 
0 4 1 24 117.187 2.846 
0 4 1 25 80.030 2.851 
0 4 1 26 141.816 2.905 
0 4 1 27 93.428 2.921 
0 4 1 28 109.930 2.971 
0 4 1 29 112.973 2.940 
0 4 1 30 82.605 2.391 
0 4 1 31 135.729 2.725 
0 4 2 0 124.532 2.855 
0 4 2 1 175.475 2.762 
0 4 2 2 162.013 2.790 
0 4 2 3 110.043 2.768 
0 4 2 4 137.207 2.756 
0 4 2 5 96.465 2.716 
0 4 2 6 132.090 3.033 
0 4 2 7 151.358 2.832 
0 4 2 8 95.916 3.120 
0 4 2 9 137.883 3.176 
0 4 2 10 110.495 3.230 
0 4 2 11 93.776 3.164 
0 4 2 12 146.753 3.195 
0 4 2 13 114.304 3.845 
0 4 2 14 102.833 3.553 
0 4 2 15 131.043 4.298 
0 4 2 16 150.809 2.798 
0 4 2 17 124.311 3.094 
0 4 2 18 90.569 2.373 
0 4 2 19 156.120 2.576 
0 4 2 20 146.084 2.780 
0 4 2 21 188.020 2.812 
0 4 2 22 139.194 2.420 
0 4 2 23 143.054 3.096 
0 4 2 24 163.288 3.651 
0 4 2 25 120.589 3.394 
0 4 2 26 137.251 2.636 
0 4 2 27 189.401 2.594 
0 4 2 28 137.575 2.488 
0 4 2 29 190.873 2.774 
0 4 2 30 124.408 2.944 
0 4 2 31 173.886 2.654 
0 4 3 0 89.094 2.471 
0 4 3 1 147.431 2.332 
0 4 3 2 96.548 2.703 
0 4 3 3 115.732 2.839 
0 4 3 4 107.421 2.730 
0 4 3 5 102.666 2.787 
0 4 3 6 94.020 2.675 
0 4 3 7 76.712 2.229 
0 4 3 8 88.100 2.943 
0 4 3 9 110.525 3.301 
0 4 3 10 141.087 3.236 
0 4 3 11 92.836 2.974 
0 4 3 12 113.201 3.596 
0 4 3 13 126.468 4.035 
0 4 3 14 109.920 4.061 
0 4 3 15 110.726 4.350 
0 4 3 16 56.829 1.960 
0 4 3 17 122.247 2.705 
0 4 3 18 120.555 2.509 
0 4 3 19 116.080 2.763 
0 4 3 20 100.639 3.112 
0 4 3 21 138.686 6.056 
0 4 3 22 93.890 5.306 
0 4 3 23 113.662 3.679 
0 4 3 24 93.980 2.680 
0 4 3 25 67.950 3.322 
0 4 3 26 112.154 3.846 
0 4 3 27 140.813 2.939 
0 4 3 28 125.254 3.942 
0 4 3 29 149.773 3.433 
0 4 3 30 132.672 2.988 
0 4 3 31 102.756 2.381 
0 4 4 0 108.127 2.822 
0 4 4 1 111.348 2.666 
0 4 4 2 149.535 2.806 
0 4 4 3 134.234 2.613 
0 4 4 4 155.759 2.942 
0 4 4 5 122.689 2.778 
0 4 4 6 123.682 3.248 
0 4 4 7 128.652 2.989 
0 4 4 8 117.666 3.467 
0 4 4 9 87.254 3.377 
0 4 4 10 126.997 3.694 
0 4 4 11 107.736 3.084 
0 4 4 12 99.732 3.497 
0 4 4 13 156.786 3.983 
0 4 4 14 154.478 4.137 
0 4 4 15 95.515 4.519 
0 4 4 16 138.485 2.579 
0 4 4 17 112.699 2.423 
0 4 4 18 103.395 2.563 
0 4 4 19 108.946 2.703 
0 4 4 20 110.217 2.584 
0 4 4 21 132.211 2.507 
0 4 4 22 118.990 2.914 
0 4 4 23 134.057 2.552 
0 4 4 24 136.067 2.503 
0 4 4 25 95.472 2.819 
0 4 4 26 97.538 2.808 
0 4 4 27 110.361 2.647 
0 4 4 28 87.211 2.178 
0 4 4 29 147.799 2.483 
0 4 4 30 126.953 2.862 
0 4 4 31 154.328 2.585 
0 4 5 0 154.579 3.094 
0 4 5 1 147.870 2.709 
0 4 5 2 165.672 3.338 
0 4 5 3 111.983 2.838 
0 4 5 4 163.732 3.016 
0 4 5 5 133.569 3.224 
0 4 5 6 119.114 3.112 
0 4 5 7 160.107 4.032 
0 4 5 8 119.659 3.876 
0 4 5 9 139.211 3.711 
0 4 5 10 131.635 3.653 
0 4 5 11 142.234 3.801 
0 4 5 12 128.137 3.796 
0 4 5 13 139.365 3.933 
0 4 5 14 150.047 3.851 
0 4 5 15 142.117 4.267 
0 4 5 16 155.575 2.850 
0 4 5 17 140.916 3.214 
0 4 5 18 117.930 3.066 
0 4 5 19 154.605 2.943 
0 4 5 20 154.147 2.759 
0 4 5 21 167.569 3.071 
0 4 5 22 134.237 2.872 
0 4 5 23 143.729 2.990 
0 4 5 24 158.595 3.485 
0 4 5 25 125.234 3.250 
0 4 5 26 105.642 3.075 
0 4 5 27 138.525 3.302 
0 4 5 28 95.582 3.162 
0 4 5 29 106.595 2.920 
0 4 5 30 151.458 2.821 
0 4 5 31 119.047 2.884 
0 5 0 0 110.452 3.290 
0 5 0 1 130.963 3.461 
0 5 0 2 115.849 3.547 
0 5 0 3 118.967 3.547 
0 5 0 4 117.361 3.550 
0 5 0 5 115.629 3.434 
0 5 0 6 101.990 3.439 
0 5 0 7 143.100 3.569 
0 5 0 8 133.398 3.706 
0 5 0 9 150.388 3.821 
0 5 0 10 136.207 3.830 
0 5 0 11 168.856 3.735 
0 5 0 12 86.191 3.713 
0 5 0 13 127.341 4.104 
0 5 0 14 91.224 4.201 
0 5 0 15 92.084 4.540 
0 5 0 16 106.391 4.065 
0 5 0 17 123.916 3.377 
0 5 0 18 126.635 2.733 
0 5 0 19 137.013 2.958 
0 5 0 20 84.806 2.375 
0 5 0 21 164.344 3.015 
0 5 0 22 101.799 3.363 
0 5 0 23 137.592 3.375 
0 5 0 24 122.605 3.087 
0 5 0 25 126.789 3.275 
0 5 0 26 106.756 3.083 
0 5 0 27 125.692 3.642 
0 5 0 28 119.890 3.166 
0 5 0 29 118.488 2.947 
0 5 0 30 93.846 2.995 
0 5 0 31 124.328 3.038 
0 5 1 0 134.876 2.700 
0 5 1 1 136.906 2.884 
0 5 1 2 142.585 2.829 
0 5 1 3 145.656 2.901 
0 5 1 4 142.010 3.177 
0 5 1 5 153.849 2.940 
0 5 1 6 164.846 2.830 
0 5 1 7 121.749 2.874 
0 5 1 8 118.946 3.367 
0 5 1 9 109.943 3.196 
0 5 1 10 107.154 3.009 
0 5 1 11 126.301 3.795 
0 5 1 12 123.789 3.316 
0 5 1 13 133.997 3.258 
0 5 1 14 93.391 3.709 
0 5 1 15 158.401 4.024 
0 5 1 16 173.478 2.848 
0 5 1 17 135.896 2.467 
0 5 1 18 137.448 2.519 
0 5 1 19 130.391 2.759 
0 5 1 20 142.843 2.957 
0 5 1 21 122.910 3.109 
0 5 1 22 133.127 2.758 
0 5 1 23 135.990 2.718 
0 5 1 24 143.047 2.778 
0 5 1 25 122.120 2.869 
0 5 1 26 105.117 2.667 
0 5 1 27 148.147 2.700 
0 5 1 28 131.097 2.839 
0 5 1 29 106.421 2.596 
0 5 1 30 139.625 2.627 
0 5 1 31 122.368 2.994 
0 5 2 0 89.365 2.143 
0 5 2 1 99.552 2.411 
0 5 2 2 119.518 2.878 
0 5 2 3 128.391 3.053 
0 5 2 4 109.328 2.742 
0 5 2 5 102.047 2.868 
0 5 2 6 92.957 2.612 
0 5 2 7 90.321 2.866 
0 5 2 8 138.783 3.273 
0 5 2 9 150.829 3.465 
0 5 2 10 100.351 3.214 
0 5 2 11 104.786 3.042 
0 5 2 12 126.903 3.448 
0 5 2 13 86.381 3.224 
0 5 2 14 119.595 3.540 
0 5 2 15 120.237 4.054 
0 5 2 16 106.739 2.559 
0 5 2 17 73.656 1.932 
0 5 2 18 101.351 2.315 
0 5 2 19 118.261 2.466 
0 5 2 20 113.709 2.661 
0 5 2 21 108.916 2.691 
0 5 2 22 132.401 2.526 
0 5 2 23 67.783 2.026 
0 5 2 24 158.796 2.692 
0 5 2 25 148.936 2.453 
0 5 2 26 89.094 2.387 
0 5 2 27 166.625 3.054 
0 5 2 28 174.060 2.818 
0 5 2 29 113.304 2.615 
0 5 2 30 125.385 2.503 
0 5 2 31 140.418 2.388 
0 5 3 0 137.207 2.566 
0 5 3 1 108.385 2.493 
0 5 3 2 117.579 2.961 
0 5 3 3 123.137 3.347 
0 5 3 4 116.271 2.908 
0 5 3 5 127.385 3.603 
0 5 3 6 89.893 3.036 
0 5 3 7 101.542 3.144 
0 5 3 8 117.298 3.661 
0 5 3 9 104.428 3.387 
0 5 3 10 127.401 4.090 
0 5 3 11 124.070 3.692 
0 5 3 12 88.896 3.284 
0 5 3 13 150.860 3.484 
0 5 3 14 102.749 3.630 
0 5 3 15 118.151 4.552 
0 5 3 16 109.023 2.886 
0 5 3 17 104.873 2.700 
0 5 3 18 163.789 2.808 
0 5 3 19 112.482 2.679 
0 5 3 20 67.853 2.509 
0 5 3 21 59.799 2.685 
0 5 3 22 65.258 2.426 
0 5 3 23 107.612 2.760 
0 5 3 24 100.803 2.988 
0 5 3 25 91.455 2.754 
0 5 3 26 56.204 2.481 
0 5 3 27 84.789 2.357 
0 5 3 28 125.023 3.169 
0 5 3 29 115.933 2.703 
0 5 3 30 118.358 2.525 
0 5 3 31 101.090 2.458 
0 5 4 0 134.809 2.861 
0 5 4 1 161.786 2.880 
0 5 4 2 125.371 3.449 
0 5 4 3 112.575 3.077 
0 5 4 4 102.244 3.084 
0 5 4 5 94.512 2.950 
0 5 4 6 114.425 3.039 
0 5 4 7 90.338 2.871 
0 5 4 8 135.147 3.671 
0 5 4 9 69.140 2.790 
0 5 4 10 110.973 3.163 
0 5 4 11 55.635 2.603 
0 5 4 12 120.702 3.912 
0 5 4 13 83.900 3.067 
0 5 4 14 70.348 3.442 
0 5 4 15 128.679 4.406 
0 5 4 16 114.264 2.622 
0 5 4 17 116.689 3.028 
0 5 4 18 119.977 3.245 
0 5 4 19 85.559 2.534 
0 5 4 20 104.702 3.004 
0 5 4 21 44.338 2.178 
0 5 4 22 109.331 3.456 
0 5 4 23 81.090 3.084 
0 5 4 24 107.555 2.781 
0 5 4 25 126.027 3.656 
0 5 4 26 119.124 3.142 
0 5 4 27 99.418 2.812 
0 5 4 28 72.686 2.624 
0 5 4 29 127.873 3.119 
0 5 4 30 84.799 2.526 
0 5 4 31 88.100 2.721 
0 5 5 0 111.612 3.377 
0 5 5 1 148.746 2.971 
0 5 5 2 115.207 3.047 
0 5 5 3 118.609 3.534 
0 5 5 4 91.923 3.047 
0 5 5 5 100.502 3.260 
0 5 5 6 106.237 3.236 
0 5 5 7 121.181 3.451 
0 5 5 8 114.037 3.398 
0 5 5 9 150.783 3.313 
0 5 5 10 162.973 3.305 
0 5 5 11 105.602 3.109 
0 5 5 12 110.425 3.631 
0 5 5 13 159.408 3.609 
0 5 5 14 86.970 3.690 
0 5 5 15 121.217 4.294 
0 5 5 16 116.452 3.321 
0 5 5 17 128.197 3.073 
0 5 5 18 101.916 2.796 
0 5 5 19 102.980 2.660 
0 5 5 20 136.876 3.142 
0 5 5 21 134.087 3.223 
0 5 5 22 151.221 3.323 
0 5 5 23 192.763 1.119 
0 5 5 24 189.492 3.504 
0 5 5 25 144.033 3.165 
0 5 5 26 98.756 2.905 
0 5 5 27 92.381 2.806 
0 5 5 28 123.231 3.293 
0 5 5 29 163.294 2.957 
0 5 5 30 160.405 3.002 
0 5 5 31 143.522 3.058 
1 0 0 0 190.040 4.555 
1 0 0 1 102.613 4.290 
1 0 0 2 139.257 4.102 
1 0 0 3 71.947 3.707 
1 0 0 4 128.740 4.435 
1 0 0 5 151.810 4.430 
1 0 0 6 147.020 4.824 
1 0 0 7 115.210 5.127 
1 0 0 8 78.083 8.930 
1 0 0 9 128.020 9.401 
1 0 0 10 164.790 9.133 
1 0 0 11 102.957 8.476 
1 0 0 12 127.070 9.361 
1 0 0 13 130.190 11.501 
1 0 0 14 110.943 12.122 
1 0 0 15 110.750 13.969 
1 0 0 16 95.607 6.188 
1 0 0 17 125.167 5.922 
1 0 0 18 95.817 5.284 
1 0 0 19 101.380 5.514 
1 0 0 20 144.607 6.585 
1 0 0 21 101.590 5.801 
1 0 0 22 79.333 5.781 
1 0 0 23 130.813 6.765 
1 0 0 24 104.947 9.197 
1 0 0 25 133.260 20.741 
1 0 0 26 117.283 36.100 
1 0 0 27 141.213 45.920 
1 0 0 28 111.470 48.581 
1 0 0 29 132.917 56.623 
1 0 0 30 75.127 42.862 
1 0 0 31 127.983 43.167 
1 0 1 0 124.573 37.566 
1 0 1 1 124.207 53.679 
1 0 1 2 121.780 52.757 
1 0 1 3 77.293 37.225 
1 0 1 4 117.207 46.344 
1 0 1 5 105.287 31.207 
1 0 1 6 83.240 18.535 
1 0 1 7 125.597 10.586 
1 0 1 8 107.760 10.778 
1 0 1 9 105.920 10.709 
1 0 1 10 130.137 11.258 
1 0 1 11 109.327 12.811 
1 0 1 12 96.583 19.349 
1 0 1 13 103.737 33.480 
1 0 1 14 112.940 49.614 
1 0 1 15 112.300 46.665 
1 0 1 16 113.700 0.728 
1 0 1 17 160.300 4.059 
1 0 1 18 112.260 4.162 
1 0 1 19 141.007 3.976 
1 0 1 20 117.120 4.320 
1 0 1 21 91.727 3.470 
1 0 1 22 93.700 3.832 
1 0 1 23 113.373 3.875 
1 0 1 24 172.460 5.171 
1 0 1 25 131.160 4.921 
1 0 1 26 104.837 3.602 
1 0 1 27 59.457 3.245 
1 0 1 28 146.357 3.739 
1 0 1 29 116.707 3.835 
1 0 1 30 126.047 4.005 
1 0 1 31 125.357 3.992 
1 0 2 0 137.617 50.268 
1 0 2 1 107.167 54.987 
1 0 2 2 116.770 61.743 
1 0 2 3 110.073 58.673 
1 0 2 4 104.617 55.302 
1 0 2 5 112.243 56.872 
1 0 2 6 116.070 52.750 
1 0 2 7 133.923 33.956 
1 0 2 8 121.727 41.065 
1 0 2 9 133.780 62.137 
1 0 2 10 124.840 71.264 
1 0 2 11 96.607 58.881 
1 0 2 12 116.640 70.330 
1 0 2 13 137.143 79.808 
1 0 2 14 163.740 82.388 
1 0 2 15 96.943 57.236 
1 0 2 16 135.800 7.638 
1 0 2 17 137.370 7.652 
1 0 2 18 120.573 8.903 
1 0 2 19 106.930 7.695 
1 0 2 20 105.177 7.734 
1 0 2 21 153.003 7.973 
1 0 2 22 119.673 7.666 
1 0 2 23 143.507 7.485 
1 0 2 24 152.330 9.351 
1 0 2 25 173.000 11.664 
1 0 2 26 115.213 10.229 
1 0 2 27 91.020 8.262 
1 0 2 28 128.947 8.053 
1 0 2 29 105.060 7.275 
1 0 2 30 129.277 6.959 
1 0 2 31 129.520 6.419 
1 0 3 0 96.350 9.769 
1 0 3 1 133.380 9.574 
1 0 3 2 110.910 8.762 
1 0 3 3 119.183 9.118 
1 0 3 4 130.320 9.508 
1 0 3 5 114.080 8.974 
1 0 3 6 116.647 8.726 
1 0 3 7 108.500 9.765 
1 0 3 8 145.467 22.144 
1 0 3 9 113.030 36.825 
1 0 3 10 111.010 49.313 
1 0 3 11 114.727 51.634 
1 0 3 12 103.233 52.614 
1 0 3 13 155.610 60.405 
1 0 3 14 129.997 54.654 
1 0 3 15 134.210 50.269 
1 0 3 16 150.357 49.833 
1 0 3 17 125.633 57.545 
1 0 3 18 159.247 67.252 
1 0 3 19 115.990 62.937 
1 0 3 20 134.637 68.429 
1 0 3 21 142.010 63.053 
1 0 3 22 168.643 52.782 
1 0 3 23 146.987 35.715 
1 0 3 24 122.503 19.489 
1 0 3 25 136.360 26.809 
1 0 3 26 137.300 36.448 
1 0 3 27 150.390 45.091 
1 0 3 28 130.560 45.278 
1 0 3 29 150.333 39.275 
1 0 3 30 135.913 24.240 
1 0 3 31 157.617 14.134 
1 0 4 0 114.973 41.690 
1 0 4 1 127.197 57.921 
1 0 4 2 86.960 52.921 
1 0 4 3 131.427 60.797 
1 0 4 4 144.257 49.320 
1 0 4 5 151.023 41.572 
1 0 4 6 102.247 28.944 
1 0 4 7 101.813 27.044 
1 0 4 8 128.530 34.940 
1 0 4 9 111.647 38.199 
1 0 4 10 100.023 49.005 
1 0 4 11 103.907 60.665 
1 0 4 12 116.430 73.022 
1 0 4 13 93.630 66.831 
1 0 4 14 116.837 73.750 
1 0 4 15 103.567 63.093 
1 0 4 16 86.737 58.331 
1 0 4 17 100.643 72.935 
1 0 4 18 106.603 78.709 
1 0 4 19 100.877 79.739 
1 0 4 20 158.777 106.373 
1 0 4 21 100.847 85.355 
1 0 4 22 87.877 75.466 
1 0 4 23 140.293 94.417 
1 0 4 24 108.357 77.480 
1 0 4 25 117.443 88.966 
1 0 4 26 113.990 86.202 
1 0 4 27 152.633 98.583 
1 0 4 28 100.283 77.484 
1 0 4 29 76.913 57.788 
1 0 4 30 117.267 75.058 
1 0 4 31 110.553 59.095 
1 0 5 0 89.547 29.190 
1 0 5 1 93.607 44.474 
1 0 5 2 133.957 58.646 
1 0 5 3 131.483 61.385 
1 0 5 4 135.480 59.717 
1 0 5 5 133.180 54.918 
1 0 5 6 139.487 49.600 
1 0 5 7 130.343 35.259 
1 0 5 8 123.913 40.849 
1 0 5 9 112.210 54.317 
1 0 5 10 80.523 54.062 
1 0 5 11 105.160 64.095 
1 0 5 12 96.420 58.133 
1 0 5 13 115.163 10.972 
1 0 5 14 139.370 56.593 
1 0 5 15 113.167 39.992 
1 0 5 16 114.377 51.021 
1 0 5 17 115.053 65.899 
1 0 5 18 96.987 68.305 
1 0 5 19 136.293 82.099 
1 0 5 20 148.857 91.691 
1 0 5 21 123.400 83.593 
1 0 5 22 118.533 81.717 
1 0 5 23 132.797 78.031 
1 0 5 24 132.270 83.062 
1 0 5 25 165.767 93.839 
1 0 5 26 113.820 76.702 
1 0 5 27 131.440 78.038 
1 0 5 28 138.697 78.994 
1 0 5 29 95.110 60.801 
1 0 5 30 124.823 65.003 
1 0 5 31 125.527 49.547 
1 1 0 0 125.327 3.870 
1 1 0 1 122.457 2.712 
1 1 0 2 154.957 2.917 
1 1 0 3 111.903 2.993 
1 1 0 4 89.590 2.912 
1 1 0 5 137.570 3.177 
1 1 0 6 137.980 3.396 
1 1 0 7 118.560 3.406 
1 1 0 8 125.387 0.847 
1 1 0 9 106.793 7.719 
1 1 0 10 129.767 8.237 
1 1 0 11 109.557 7.639 
1 1 0 12 125.600 7.491 
1 1 0 13 115.563 9.257 
1 1 0 14 115.253 9.868 
1 1 0 15 111.533 11.347 
1 1 0 16 88.340 3.153 
1 1 0 17 121.313 3.040 
1 1 0 18 142.590 2.865 
1 1 0 19 113.660 2.891 
1 1 0 20 113.533 3.127 
1 1 0 21 126.137 3.206 
1 1 0 22 152.493 2.966 
1 1 0 23 142.390 3.313 
1 1 0 24 138.040 0.662 
1 1 0 25 102.863 3.400 
1 1 0 26 126.080 3.299 
1 1 0 27 126.443 3.316 
1 1 0 28 112.780 3.166 
1 1 0 29 110.370 3.185 
1 1 0 30 148.190 2.744 
1 1 0 31 197.173 3.244 
1 1 1 0 138.993 3.187 
1 1 1 1 139.763 2.567 
1 1 1 2 112.797 2.758 
1 1 1 3 96.357 2.995 
1 1 1 4 90.167 2.727 
1 1 1 5 140.073 2.852 
1 1 1 6 135.860 2.568 
1 1 1 7 95.127 2.689 
1 1 1 8 109.560 7.835 
1 1 1 9 118.837 7.863 
1 1 1 10 101.477 7.603 
1 1 1 11 110.130 6.567 
1 1 1 12 74.313 6.149 
1 1 1 13 136.180 8.142 
1 1 1 14 130.587 10.046 
1 1 1 15 142.510 11.070 
1 1 1 16 151.977 3.047 
1 1 1 17 108.430 2.540 
1 1 1 18 123.093 2.507 
1 1 1 19 147.237 2.738 
1 1 1 20 154.630 2.751 
1 1 1 21 106.947 2.704 
1 1 1 22 122.210 2.814 
1 1 1 23 137.143 2.785 
1 1 1 24 152.600 2.668 
1 1 1 25 129.907 2.790 
1 1 1 26 124.060 2.929 
1 1 1 27 127.970 2.852 
1 1 1 28 131.513 2.558 
1 1 1 29 127.730 2.555 
1 1 1 30 154.220 2.619 
1 1 1 31 96.070 2.704 
1 1 2 0 153.287 3.279 
1 1 2 1 143.993 3.608 
1 1 2 2 122.167 6.926 
1 1 2 3 98.280 0.745 
1 1 2 4 111.733 7.823 
1 1 2 5 124.330 4.700 
1 1 2 6 103.470 3.079 
1 1 2 7 97.713 3.028 
1 1 2 8 126.263 8.063 
1 1 2 9 150.410 8.377 
1 1 2 10 136.430 7.312 
1 1 2 11 92.440 6.438 
1 1 2 12 117.620 8.505 
1 1 2 13 135.893 9.388 
1 1 2 14 166.153 11.251 
1 1 2 15 118.753 11.967 
1 1 2 16 114.283 3.395 
1 1 2 17 110.567 2.878 
1 1 2 18 129.763 2.785 
1 1 2 19 115.990 2.610 
1 1 2 20 118.170 2.580 
1 1 2 21 98.097 2.626 
1 1 2 22 129.650 2.478 
1 1 2 23 135.110 2.566 
1 1 2 24 135.660 2.695 
1 1 2 25 123.910 2.972 
1 1 2 26 164.010 2.993 
1 1 2 27 106.317 2.461 
1 1 2 28 118.617 2.709 
1 1 2 29 128.217 2.646 
1 1 2 30 131.493 2.580 
1 1 2 31 144.267 2.525 
1 1 3 0 131.237 66.972 
1 1 3 1 97.497 65.389 
1 1 3 2 90.450 60.378 
1 1 3 3 118.827 72.040 
1 1 3 4 94.063 71.040 
1 1 3 5 132.800 76.054 
1 1 3 6 93.660 58.758 
1 1 3 7 94.493 45.000 
1 1 3 8 108.963 41.094 
1 1 3 9 103.917 43.866 
1 1 3 10 128.527 47.535 
1 1 3 11 116.470 44.655 
1 1 3 12 122.237 44.808 
1 1 3 13 103.743 44.172 
1 1 3 14 143.757 48.561 
1 1 3 15 94.980 41.451 
1 1 3 16 123.790 40.624 
1 1 3 17 130.213 39.594 
1 1 3 18 126.670 38.825 
1 1 3 19 97.110 37.842 
1 1 3 20 114.073 39.186 
1 1 3 21 95.983 38.171 
1 1 3 22 111.197 39.631 
1 1 3 23 104.330 38.073 
1 1 3 24 110.090 74.835 
1 1 3 25 149.127 88.104 
1 1 3 26 100.683 71.512 
1 1 3 27 110.560 71.961 
1 1 3 28 133.107 75.676 
1 1 3 29 114.510 75.845 
1 1 3 30 118.507 67.835 
1 1 3 31 96.897 55.462 
1 1 4 0 133.867 16.979 
1 1 4 1 134.123 34.260 
1 1 4 2 122.490 45.841 
1 1 4 3 103.020 40.042 
1 1 4 4 142.817 35.977 
1 1 4 5 130.560 34.226 
1 1 4 6 129.993 33.623 
1 1 4 7 135.073 25.627 
1 1 4 8 117.360 15.972 
1 1 4 9 122.797 25.082 
1 1 4 10 121.883 30.911 
1 1 4 11 97.157 32.406 
1 1 4 12 120.853 33.812 
1 1 4 13 91.557 30.159 
1 1 4 14 104.747 22.254 
1 1 4 15 123.490 19.022 
1 1 4 16 107.273 5.604 
1 1 4 17 89.823 6.077 
1 1 4 18 116.177 6.038 
1 1 4 19 134.077 5.997 
1 1 4 20 70.097 4.882 
1 1 4 21 122.140 6.635 
1 1 4 22 78.977 6.257 
1 1 4 23 99.920 6.923 
1 1 4 24 119.203 39.056 
1 1 4 25 109.437 28.842 
1 1 4 26 106.800 14.473 
1 1 4 27 138.657 8.630 
1 1 4 28 124.130 6.721 
1 1 4 29 121.130 6.128 
1 1 4 30 130.330 6.084 
1 1 4 31 102.187 4.898 
1 1 5 0 103.403 5.176 
1 1 5 1 96.247 4.702 
1 1 5 2 112.460 5.357 
1 1 5 3 126.793 5.841 
1 1 5 4 130.500 6.299 
1 1 5 5 127.053 6.324 
1 1 5 6 122.733 6.767 
1 1 5 7 98.057 8.481 
1 1 5 8 131.220 26.537 
1 1 5 9 122.420 8.306 
1 1 5 10 145.490 39.880 
1 1 5 11 92.547 34.514 
1 1 5 12 93.973 32.418 
1 1 5 13 89.617 33.521 
1 1 5 14 139.370 33.397 
1 1 5 15 136.297 25.053 
1 1 5 16 133.840 5.334 
1 1 5 17 117.793 6.718 
1 1 5 18 119.050 6.404 
1 1 5 19 107.100 7.489 
1 1 5 20 135.130 10.018 
1 1 5 21 136.763 18.680 
1 1 5 22 159.067 29.196 
1 1 5 23 185.693 1.485 
1 1 5 24 155.520 7.036 
1 1 5 25 134.573 10.435 
1 1 5 26 184.320 9.716 
1 1 5 27 119.020 8.298 
1 1 5 28 150.320 10.312 
1 1 5 29 145.370 14.086 
1 1 5 30 168.297 13.851 
1 1 5 31 125.877 8.398 
1 2 0 0 137.710 2.829 
1 2 0 1 112.883 2.648 
1 2 0 2 121.367 2.781 
1 2 0 3 130.663 2.729 
1 2 0 4 138.540 2.862 
1 2 0 5 115.533 2.830 
1 2 0 6 81.740 2.716 
1 2 0 7 125.740 3.192 
1 2 0 8 108.680 3.990 
1 2 0 9 121.320 3.860 
1 2 0 10 140.627 3.491 
1 2 0 11 92.260 3.308 
1 2 0 12 92.927 3.492 
1 2 0 13 140.567 3.953 
1 2 0 14 114.047 4.469 
1 2 0 15 102.293 4.836 
1 2 0 16 132.037 3.551 
1 2 0 17 148.373 2.933 
1 2 0 18 123.227 3.127 
1 2 0 19 81.200 2.404 
1 2 0 20 111.680 2.788 
1 2 0 21 130.857 2.803 
1 2 0 22 134.507 2.992 
1 2 0 23 111.983 3.148 
1 2 0 24 116.827 5.108 
1 2 0 25 135.903 8.746 
1 2 0 26 96.027 6.559 
1 2 0 27 149.340 5.029 
1 2 0 28 91.257 3.620 
1 2 0 29 112.900 3.736 
1 2 0 30 120.870 4.066 
1 2 0 31 122.957 2.971 
1 2 1 0 159.673 15.843 
1 2 1 1 150.403 15.990 
1 2 1 2 99.167 15.928 
1 2 1 3 158.587 15.940 
1 2 1 4 90.597 15.542 
1 2 1 5 105.003 15.697 
1 2 1 6 82.867 14.324 
1 2 1 7 147.987 16.845 
1 2 1 8 120.320 18.011 
1 2 1 9 119.853 16.989 
1 2 1 10 121.223 17.625 
1 2 1 11 94.280 17.324 
1 2 1 12 124.683 16.603 
1 2 1 13 94.417 17.056 
1 2 1 14 161.870 16.135 
1 2 1 15 90.593 17.877 
1 2 1 16 106.390 19.142 
1 2 1 17 104.477 18.807 
1 2 1 18 114.687 22.101 
1 2 1 19 129.767 21.574 
1 2 1 20 160.483 18.092 
1 2 1 21 70.800 16.774 
1 2 1 22 142.130 17.570 
1 2 1 23 79.873 17.016 
1 2 1 24 166.207 25.717 
1 2 1 25 114.767 35.447 
1 2 1 26 154.897 37.238 
1 2 1 27 105.697 33.651 
1 2 1 28 73.187 28.982 
1 2 1 29 151.420 26.971 
1 2 1 30 115.350 25.033 
1 2 1 31 88.797 17.618 
1 2 2 0 114.380 2.732 
1 2 2 1 114.707 3.472 
1 2 2 2 104.970 2.989 
1 2 2 3 92.487 2.925 
1 2 2 4 107.440 2.652 
1 2 2 5 96.313 3.010 
1 2 2 6 123.820 3.161 
1 2 2 7 130.017 3.474 
1 2 2 8 89.290 3.022 
1 2 2 9 103.563 3.322 
1 2 2 10 100.240 3.294 
1 2 2 11 95.650 2.952 
1 2 2 12 110.803 3.312 
1 2 2 13 134.993 3.251 
1 2 2 14 100.780 3.559 
1 2 2 15 137.420 4.053 
1 2 2 16 118.940 2.948 
1 2 2 17 80.560 2.660 
1 2 2 18 116.727 3.096 
1 2 2 19 93.640 2.768 
1 2 2 20 98.207 2.790 
1 2 2 21 142.690 2.619 
1 2 2 22 113.457 2.817 
1 2 2 23 67.613 2.456 
1 2 2 24 114.347 3.094 
1 2 2 25 107.027 2.632 
1 2 2 26 75.880 2.488 
1 2 2 27 131.633 3.023 
1 2 2 28 161.887 2.983 
1 2 2 29 93.453 2.643 
1 2 2 30 106.757 2.411 
1 2 2 31 83.610 2.076 
1 2 3 0 135.377 30.873 
1 2 3 1 80.830 43.566 
1 2 3 2 120.547 52.631 
1 2 3 3 142.590 61.199 
1 2 3 4 127.057 58.611 
1 2 3 5 95.657 56.478 
1 2 3 6 137.420 58.922 
1 2 3 7 116.383 35.183 
1 2 3 8 127.840 14.496 
1 2 3 9 163.773 15.540 
1 2 3 10 106.627 19.944 
1 2 3 11 133.093 25.907 
1 2 3 12 102.913 29.858 
1 2 3 13 130.170 34.983 
1 2 3 14 103.420 27.478 
1 2 3 15 126.687 18.034 
1 2 3 16 110.760 10.071 
1 2 3 17 90.160 9.234 
1 2 3 18 106.100 10.066 
1 2 3 19 115.733 10.524 
1 2 3 20 86.960 10.035 
1 2 3 21 87.243 9.188 
1 2 3 22 136.517 10.404 
1 2 3 23 130.617 10.697 
1 2 3 24 124.703 30.509 
1 2 3 25 111.800 31.711 
1 2 3 26 122.450 29.562 
1 2 3 27 132.833 26.909 
1 2 3 28 119.840 21.194 
1 2 3 29 114.343 15.296 
1 2 3 30 132.877 11.856 
1 2 3 31 168.157 9.881 
1 2 4 0 91.323 45.020 
1 2 4 1 88.077 48.330 
1 2 4 2 113.967 61.572 
1 2 4 3 146.823 71.950 
1 2 4 4 100.563 58.631 
1 2 4 5 102.470 61.540 
1 2 4 6 169.350 78.672 
1 2 4 7 148.713 68.935 
1 2 4 8 121.387 54.504 
1 2 4 9 100.740 64.964 
1 2 4 10 85.750 62.231 
1 2 4 11 144.347 83.610 
1 2 4 12 145.303 78.513 
1 2 4 13 149.843 79.402 
1 2 4 14 82.450 57.938 
1 2 4 15 143.900 55.077 
1 2 4 16 116.467 11.527 
1 2 4 17 128.043 11.861 
1 2 4 18 125.847 11.690 
1 2 4 19 135.420 11.908 
1 2 4 20 80.460 10.136 
1 2 4 21 141.160 11.151 
1 2 4 22 107.333 11.021 
1 2 4 23 132.397 11.477 
1 2 4 24 115.687 11.557 
1 2 4 25 95.733 10.187 
1 2 4 26 115.980 11.542 
1 2 4 27 131.413 10.630 
1 2 4 28 104.190 10.939 
1 2 4 29 98.663 10.504 
1 2 4 30 90.203 10.350 
1 2 4 31 123.747 10.597 
1 2 5 0 120.057 38.751 
1 2 5 1 86.807 37.282 
1 2 5 2 145.120 44.645 
1 2 5 3 93.403 38.622 
1 2 5 4 108.130 35.916 
1 2 5 5 154.300 24.462 
1 2 5 6 101.453 19.273 
1 2 5 7 125.827 16.912 
1 2 5 8 87.537 43.058 
1 2 5 9 112.077 62.602 
1 2 5 10 113.803 65.215 
1 2 5 11 110.603 63.933 
1 2 5 12 126.093 65.463 
1 2 5 13 123.077 55.342 
1 2 5 14 141.877 51.248 
1 2 5 15 103.193 41.264 
1 2 5 16 141.697 8.107 
1 2 5 17 118.520 7.421 
1 2 5 18 143.503 7.755 
1 2 5 19 151.920 7.903 
1 2 5 20 78.290 6.459 
1 2 5 21 118.703 7.602 
1 2 5 22 75.777 7.188 
1 2 5 23 120.483 7.952 
1 2 5 24 141.827 8.307 
1 2 5 25 124.507 7.726 
1 2 5 26 112.723 7.913 
1 2 5 27 147.933 10.087 
1 2 5 28 125.400 10.022 
1 2 5 29 121.113 14.356 
1 2 5 30 52.620 14.852 
1 2 5 31 105.593 19.519 
1 3 0 0 105.263 2.880 
1 3 0 1 101.820 2.771 
1 3 0 2 130.543 3.199 
1 3 0 3 89.367 2.682 
1 3 0 4 111.430 3.360 
1 3 0 5 123.120 2.888 
1 3 0 6 96.000 2.831 
1 3 0 7 133.483 3.081 
1 3 0 8 98.977 3.880 
1 3 0 9 88.060 3.445 
1 3 0 10 146.603 3.711 
1 3 0 11 107.840 3.924 
1 3 0 12 125.600 4.073 
1 3 0 13 123.930 4.643 
1 3 0 14 140.320 4.684 
1 3 0 15 140.963 5.080 
1 3 0 16 165.137 3.707 
1 3 0 17 121.430 3.196 
1 3 0 18 116.020 3.150 
1 3 0 19 128.867 2.944 
1 3 0 20 171.000 3.099 
1 3 0 21 144.400 3.351 
1 3 0 22 135.810 3.116 
1 3 0 23 103.350 3.268 
1 3 0 24 128.637 3.427 
1 3 0 25 104.147 3.828 
1 3 0 26 105.840 2.840 
1 3 0 27 102.390 3.091 
1 3 0 28 124.087 3.598 
1 3 0 29 115.237 3.527 
1 3 0 30 133.617 3.044 
1 3 0 31 117.740 2.596 
1 3 1 0 95.490 2.882 
1 3 1 1 124.170 3.927 
1 3 1 2 121.617 3.722 
1 3 1 3 128.550 3.211 
1 3 1 4 109.430 3.110 
1 3 1 5 115.973 3.278 
1 3 1 6 124.153 2.961 
1 3 1 7 103.387 3.309 
1 3 1 8 121.340 4.033 
1 3 1 9 107.320 4.135 
1 3 1 10 76.763 3.484 
1 3 1 11 84.570 3.215 
1 3 1 12 84.783 3.878 
1 3 1 13 118.113 4.717 
1 3 1 14 114.393 4.591 
1 3 1 15 88.153 4.536 
1 3 1 16 136.663 4.439 
1 3 1 17 99.043 3.922 
1 3 1 18 170.917 4.786 
1 3 1 19 96.943 4.288 
1 3 1 20 110.570 4.128 
1 3 1 21 116.597 4.414 
1 3 1 22 89.353 3.743 
1 3 1 23 134.053 4.470 
1 3 1 24 129.000 5.297 
1 3 1 25 82.380 6.805 
1 3 1 26 103.733 13.917 
1 3 1 27 125.103 26.291 
1 3 1 28 90.413 25.253 
1 3 1 29 126.643 26.587 
1 3 1 30 98.563 13.957 
1 3 1 31 97.440 6.716 
1 3 2 0 102.230 16.932 
1 3 2 1 116.723 26.598 
1 3 2 2 116.667 29.283 
1 3 2 3 146.337 27.128 
1 3 2 4 113.360 21.097 
1 3 2 5 140.413 18.225 
1 3 2 6 179.873 17.938 
1 3 2 7 93.980 14.124 
1 3 2 8 110.513 11.064 
1 3 2 9 117.113 10.897 
1 3 2 10 96.410 10.902 
1 3 2 11 90.170 10.742 
1 3 2 12 142.473 11.510 
1 3 2 13 134.130 11.751 
1 3 2 14 117.917 13.172 
1 3 2 15 144.187 13.432 
1 3 2 16 133.883 28.421 
1 3 2 17 87.740 27.673 
1 3 2 18 112.660 32.217 
1 3 2 19 88.400 29.645 
1 3 2 20 111.687 32.410 
1 3 2 21 129.313 29.465 
1 3 2 22 98.117 21.377 
1 3 2 23 103.850 20.484 
1 3 2 24 76.717 32.107 
1 3 2 25 122.467 55.230 
1 3 2 26 88.070 53.457 
1 3 2 27 84.567 53.218 
1 3 2 28 167.430 77.978 
1 3 2 29 136.123 73.870 
1 3 2 30 125.627 67.552 
1 3 2 31 106.563 49.069 
1 3 3 0 111.640 13.611 
1 3 3 1 88.010 15.095 
1 3 3 2 102.420 19.527 
1 3 3 3 81.177 21.009 
1 3 3 4 87.187 23.198 
1 3 3 5 88.830 26.124 
1 3 3 6 124.110 28.834 
1 3 3 7 84.273 23.206 
1 3 3 8 114.630 14.333 
1 3 3 9 106.147 14.199 
1 3 3 10 97.110 14.739 
1 3 3 11 122.170 14.060 
1 3 3 12 114.020 15.203 
1 3 3 13 83.167 13.838 
1 3 3 14 112.577 14.097 
1 3 3 15 106.523 14.474 
1 3 3 16 122.520 4.782 
1 3 3 17 137.740 4.675 
1 3 3 18 111.940 4.552 
1 3 3 19 114.540 5.321 
1 3 3 20 112.630 5.718 
1 3 3 21 120.997 5.530 
1 3 3 22 109.080 5.003 
1 3 3 23 91.367 4.907 
1 3 3 24 82.770 16.096 
1 3 3 25 119.090 24.051 
1 3 3 26 133.267 22.155 
1 3 3 27 78.330 13.861 
1 3 3 28 105.323 12.638 
1 3 3 29 83.433 8.534 
1 3 3 30 106.023 6.775 
1 3 3 31 81.160 5.355 
1 3 4 0 114.513 18.064 
1 3 4 1 75.597 33.865 
1 3 4 2 105.957 47.399 
1 3 4 3 137.483 62.222 
1 3 4 4 109.600 52.600 
1 3 4 5 139.627 52.587 
1 3 4 6 134.200 43.190 
1 3 4 7 136.997 22.519 
1 3 4 8 116.533 5.951 
1 3 4 9 180.387 6.284 
1 3 4 10 91.197 5.571 
1 3 4 11 76.827 5.282 
1 3 4 12 97.087 5.342 
1 3 4 13 143.660 5.917 
1 3 4 14 140.953 6.159 
1 3 4 15 106.857 6.162 
1 3 4 16 148.960 4.193 
1 3 4 17 122.320 5.511 
1 3 4 18 116.113 4.522 
1 3 4 19 120.197 4.405 
1 3 4 20 120.230 4.186 
1 3 4 21 109.277 4.222 
1 3 4 22 101.377 4.043 
1 3 4 23 106.893 4.548 
1 3 4 24 135.127 8.510 
1 3 4 25 127.003 17.038 
1 3 4 26 128.600 17.848 
1 3 4 27 164.800 16.796 
1 3 4 28 84.340 16.042 
1 3 4 29 123.047 18.616 
1 3 4 30 152.950 13.258 
1 3 4 31 113.120 6.630 
1 3 5 0 130.663 46.617 
1 3 5 1 129.113 55.614 
1 3 5 2 92.190 47.935 
1 3 5 3 106.380 57.830 
1 3 5 4 110.200 54.872 
1 3 5 5 118.073 52.001 
1 3 5 6 118.350 53.815 
1 3 5 7 139.713 52.796 
1 3 5 8 132.813 57.804 
1 3 5 9 109.450 61.081 
1 3 5 10 164.687 62.311 
1 3 5 11 111.510 49.138 
1 3 5 12 98.463 37.596 
1 3 5 13 102.063 42.436 
1 3 5 14 88.307 41.448 
1 3 5 15 108.393 36.657 
1 3 5 16 89.690 34.190 
1 3 5 17 126.230 44.923 
1 3 5 18 134.737 44.912 
1 3 5 19 103.957 43.760 
1 3 5 20 145.733 54.449 
1 3 5 21 104.390 48.888 
1 3 5 22 133.360 46.015 
1 3 5 23 130.537 26.954 
1 3 5 24 118.737 13.477 
1 3 5 25 116.357 14.187 
1 3 5 26 111.657 13.008 
1 3 5 27 101.327 13.147 
1 3 5 28 103.120 12.682 
1 3 5 29 155.907 12.645 
1 3 5 30 106.863 22.481 
1 3 5 31 139.807 15.366 
1 4 0 0 91.830 2.904 
1 4 0 1 114.010 3.038 
1 4 0 2 133.653 4.368 
1 4 0 3 90.810 6.994 
1 4 0 4 137.597 8.932 
1 4 0 5 134.137 8.378 
1 4 0 6 139.670 10.595 
1 4 0 7 122.943 12.792 
1 4 0 8 143.147 4.136 
1 4 0 9 84.417 3.522 
1 4 0 10 104.223 4.059 
1 4 0 11 74.643 3.556 
1 4 0 12 131.513 4.162 
1 4 0 13 81.050 3.838 
1 4 0 14 109.630 5.309 
1 4 0 15 128.573 5.825 
1 4 0 16 74.107 3.538 
1 4 0 17 129.110 3.256 
1 4 0 18 132.933 3.144 
1 4 0 19 105.447 2.979 
1 4 0 20 145.850 2.993 
1 4 0 21 110.063 2.945 
1 4 0 22 141.987 3.251 
1 4 0 23 85.487 2.956 
1 4 0 24 108.463 4.767 
1 4 0 25 114.497 4.278 
1 4 0 26 147.763 6.466 
1 4 0 27 118.003 0.881 
1 4 0 28 107.227 0.884 
1 4 0 29 124.113 4.494 
1 4 0 30 128.593 0.891 
1 4 0 31 123.727 4.056 
1 4 1 0 122.620 27.162 
1 4 1 1 96.753 33.148 
1 4 1 2 137.317 45.347 
1 4 1 3 90.400 41.369 
1 4 1 4 75.377 40.831 
1 4 1 5 98.820 49.542 
1 4 1 6 141.707 55.121 
1 4 1 7 89.153 43.364 
1 4 1 8 112.180 30.362 
1 4 1 9 88.323 24.225 
1 4 1 10 126.600 29.383 
1 4 1 11 117.243 30.118 
1 4 1 12 94.487 29.988 
1 4 1 13 126.537 37.585 
1 4 1 14 144.103 1.119 
1 4 1 15 107.540 33.364 
1 4 1 16 122.980 42.917 
1 4 1 17 129.433 64.408 
1 4 1 18 89.710 53.741 
1 4 1 19 110.597 63.921 
1 4 1 20 147.717 73.156 
1 4 1 21 91.653 52.006 
1 4 1 22 89.870 42.278 
1 4 1 23 115.503 45.341 
1 4 1 24 136.220 77.726 
1 4 1 25 119.697 75.112 
1 4 1 26 137.463 78.327 
1 4 1 27 107.850 66.105 
1 4 1 28 85.460 52.904 
1 4 1 29 128.323 61.084 
1 4 1 30 109.437 49.638 
1 4 1 31 116.203 31.967 
1 4 2 0 125.667 21.900 
1 4 2 1 120.183 25.507 
1 4 2 2 144.583 23.927 
1 4 2 3 77.357 17.396 
1 4 2 4 122.363 0.756 
1 4 2 5 167.497 20.686 
1 4 2 6 127.200 19.534 
1 4 2 7 134.190 17.801 
1 4 2 8 116.190 19.387 
1 4 2 9 119.957 18.989 
1 4 2 10 108.313 18.792 
1 4 2 11 103.023 19.119 
1 4 2 12 123.710 19.725 
1 4 2 13 148.203 20.370 
1 4 2 14 125.257 20.702 
1 4 2 15 143.093 22.414 
1 4 2 16 103.380 20.039 
1 4 2 17 117.367 21.541 
1 4 2 18 112.000 20.742 
1 4 2 19 181.560 21.214 
1 4 2 20 160.517 21.323 
1 4 2 21 133.237 20.718 
1 4 2 22 134.640 19.775 
1 4 2 23 119.103 19.901 
1 4 2 24 167.917 44.469 
1 4 2 25 147.980 67.737 
1 4 2 26 115.960 63.898 
1 4 2 27 144.730 66.864 
1 4 2 28 108.407 57.704 
1 4 2 29 112.020 57.597 
1 4 2 30 112.350 53.828 
1 4 2 31 145.187 49.472 
1 4 3 0 84.220 22.113 
1 4 3 1 84.040 23.308 
1 4 3 2 120.783 25.306 
1 4 3 3 109.100 25.616 
1 4 3 4 95.683 24.464 
1 4 3 5 111.180 26.985 
1 4 3 6 112.767 28.877 
1 4 3 7 135.937 28.845 
1 4 3 8 122.820 26.529 
1 4 3 9 105.990 26.347 
1 4 3 10 120.483 26.306 
1 4 3 11 91.203 24.866 
1 4 3 12 79.877 22.595 
1 4 3 13 92.500 24.364 
1 4 3 14 113.460 24.728 
1 4 3 15 112.557 27.845 
1 4 3 16 139.380 24.032 
1 4 3 17 94.660 20.690 
1 4 3 18 123.687 23.303 
1 4 3 19 120.083 22.239 
1 4 3 20 166.463 24.737 
1 4 3 21 120.163 23.379 
1 4 3 22 103.290 23.131 
1 4 3 23 96.737 22.983 
1 4 3 24 121.070 24.304 
1 4 3 25 153.357 25.050 
1 4 3 26 90.777 23.336 
1 4 3 27 114.283 24.489 
1 4 3 28 118.420 24.312 
1 4 3 29 86.993 22.324 
1 4 3 30 86.857 21.953 
1 4 3 31 148.210 23.935 
1 4 4 0 105.083 2.586 
1 4 4 1 146.547 2.193 
1 4 4 2 124.403 2.451 
1 4 4 3 130.730 2.574 
1 4 4 4 129.207 2.653 
1 4 4 5 111.693 2.774 
1 4 4 6 111.457 2.573 
1 4 4 7 118.043 2.665 
1 4 4 8 85.023 3.097 
1 4 4 9 93.357 3.588 
1 4 4 10 143.100 3.706 
1 4 4 11 111.157 18.604 
1 4 4 12 121.320 4.002 
1 4 4 13 158.277 4.075 
1 4 4 14 93.120 3.945 
1 4 4 15 126.797 4.364 
1 4 4 16 127.683 2.432 
1 4 4 17 131.880 2.444 
1 4 4 18 132.003 2.147 
1 4 4 19 84.010 2.210 
1 4 4 20 126.890 2.464 
1 4 4 21 86.163 2.542 
1 4 4 22 113.960 2.431 
1 4 4 23 152.363 2.688 
1 4 4 24 77.543 2.411 
1 4 4 25 107.700 2.926 
1 4 4 26 133.183 2.761 
1 4 4 27 86.820 2.289 
1 4 4 28 129.167 2.915 
1 4 4 29 144.630 2.639 
1 4 4 30 86.437 2.462 
1 4 4 31 125.007 2.380 
1 4 5 0 113.467 2.939 
1 4 5 1 120.480 2.960 
1 4 5 2 147.263 2.651 
1 4 5 3 129.353 2.822 
1 4 5 4 143.500 2.884 
1 4 5 5 116.593 2.940 
1 4 5 6 164.550 2.767 
1 4 5 7 134.937 2.971 
1 4 5 8 163.130 3.345 
1 4 5 9 119.453 3.805 
1 4 5 10 156.073 3.330 
1 4 5 11 149.307 3.046 
1 4 5 12 130.093 3.497 
1 4 5 13 79.893 3.493 
1 4 5 14 112.837 4.014 
1 4 5 15 135.900 3.956 
1 4 5 16 169.357 3.165 
1 4 5 17 137.170 2.538 
1 4 5 18 131.640 2.674 
1 4 5 19 85.700 2.536 
1 4 5 20 95.740 2.786 
1 4 5 21 186.690 2.832 
1 4 5 22 130.360 3.210 
1 4 5 23 160.507 2.914 
1 4 5 24 150.203 2.825 
1 4 5 25 134.747 2.940 
1 4 5 26 173.413 2.803 
1 4 5 27 132.897 3.338 
1 4 5 28 116.447 2.819 
1 4 5 29 99.740 3.018 
1 4 5 30 159.270 2.914 
1 4 5 31 143.893 2.864 
1 5 0 0 132.533 3.134 
1 5 0 1 114.697 2.846 
1 5 0 2 131.830 2.807 
1 5 0 3 184.193 3.074 
1 5 0 4 145.657 2.990 
1 5 0 5 153.430 2.790 
1 5 0 6 171.270 3.182 
1 5 0 7 104.647 3.231 
1 5 0 8 172.257 6.676 
1 5 0 9 184.953 6.564 
1 5 0 10 97.363 6.394 
1 5 0 11 125.473 0.842 
1 5 0 12 143.887 5.998 
1 5 0 13 112.967 7.114 
1 5 0 14 136.690 7.154 
1 5 0 15 127.050 9.449 
1 5 0 16 155.960 3.714 
1 5 0 17 135.227 2.713 
1 5 0 18 147.803 2.806 
1 5 0 19 167.800 2.819 
1 5 0 20 147.443 2.728 
1 5 0 21 154.090 3.567 
1 5 0 22 154.693 3.322 
1 5 0 23 163.983 3.252 
1 5 0 24 135.907 2.787 
1 5 0 25 167.370 3.130 
1 5 0 26 121.967 3.031 
1 5 0 27 116.127 2.937 
1 5 0 28 137.853 2.771 
1 5 0 29 152.863 2.503 
1 5 0 30 136.430 2.596 
1 5 0 31 180.790 3.411 
1 5 1 0 148.763 30.268 
1 5 1 1 165.450 46.288 
1 5 1 2 138.570 52.066 
1 5 1 3 146.810 58.184 
1 5 1 4 143.427 61.148 
1 5 1 5 154.010 65.806 
1 5 1 6 144.947 67.508 
1 5 1 7 132.623 64.728 
1 5 1 8 119.607 34.028 
1 5 1 9 148.107 35.103 
1 5 1 10 182.817 32.890 
1 5 1 11 153.550 27.126 
1 5 1 12 103.733 23.373 
1 5 1 13 145.773 21.889 
1 5 1 14 112.100 17.121 
1 5 1 15 152.900 15.488 
1 5 1 16 176.130 5.190 
1 5 1 17 165.023 5.110 
1 5 1 18 140.597 4.531 
1 5 1 19 117.380 4.723 
1 5 1 20 164.667 5.290 
1 5 1 21 115.227 1.037 
1 5 1 22 140.930 4.959 
1 5 1 23 166.600 4.919 
1 5 1 24 158.610 5.331 
1 5 1 25 120.847 4.758 
1 5 1 26 162.393 4.733 
1 5 1 27 153.657 5.019 
1 5 1 28 130.037 4.734 
1 5 1 29 159.650 4.891 
1 5 1 30 119.620 4.751 
1 5 1 31 110.467 4.286 
1 5 2 0 140.350 4.332 
1 5 2 1 130.077 6.820 
1 5 2 2 113.910 9.056 
1 5 2 3 132.970 12.914 
1 5 2 4 103.613 16.302 
1 5 2 5 148.683 21.578 
1 5 2 6 109.127 21.284 
1 5 2 7 121.617 20.113 
1 5 2 8 109.793 8.074 
1 5 2 9 122.827 7.544 
1 5 2 10 125.673 7.754 
1 5 2 11 157.170 6.256 
1 5 2 12 118.210 6.832 
1 5 2 13 98.880 8.046 
1 5 2 14 128.200 9.216 
1 5 2 15 103.393 10.150 
1 5 2 16 136.570 3.909 
1 5 2 17 129.873 5.935 
1 5 2 18 141.137 4.893 
1 5 2 19 99.960 4.278 
1 5 2 20 145.283 3.875 
1 5 2 21 79.840 3.263 
1 5 2 22 126.580 3.370 
1 5 2 23 162.323 3.122 
1 5 2 24 169.470 3.079 
1 5 2 25 98.993 2.805 
1 5 2 26 127.740 3.250 
1 5 2 27 120.073 3.002 
1 5 2 28 139.050 2.583 
1 5 2 29 179.647 2.815 
1 5 2 30 193.200 2.889 
1 5 2 31 151.933 2.680 
1 5 3 0 113.717 3.004 
1 5 3 1 164.033 2.591 
1 5 3 2 148.083 2.611 
1 5 3 3 116.847 2.664 
1 5 3 4 120.360 2.479 
1 5 3 5 94.833 2.668 
1 5 3 6 112.743 2.439 
1 5 3 7 167.053 2.652 
1 5 3 8 111.737 7.888 
1 5 3 9 127.603 7.175 
1 5 3 10 110.950 7.179 
1 5 3 11 118.737 6.148 
1 5 3 12 112.850 7.275 
1 5 3 13 104.387 8.977 
1 5 3 14 101.620 9.064 
1 5 3 15 95.307 11.634 
1 5 3 16 149.410 2.730 
1 5 3 17 108.647 2.825 
1 5 3 18 140.763 2.592 
1 5 3 19 130.143 2.760 
1 5 3 20 102.973 2.447 
1 5 3 21 177.800 2.720 
1 5 3 22 98.240 2.546 
1 5 3 23 130.610 2.748 
1 5 3 24 98.303 2.629 
1 5 3 25 133.853 2.835 
1 5 3 26 91.300 2.473 
1 5 3 27 95.900 2.343 
1 5 3 28 136.057 2.768 
1 5 3 29 86.420 2.217 
1 5 3 30 104.263 2.455 
1 5 3 31 110.390 2.589 
1 5 4 0 94.750 2.968 
1 5 4 1 114.593 2.666 
1 5 4 2 130.100 2.082 
1 5 4 3 116.423 2.693 
1 5 4 4 79.793 2.428 
1 5 4 5 87.460 2.455 
1 5 4 6 151.437 2.758 
1 5 4 7 119.673 2.725 
1 5 4 8 132.603 6.906 
1 5 4 9 102.927 6.518 
1 5 4 10 114.543 6.235 
1 5 4 11 96.727 5.779 
1 5 4 12 132.793 6.324 
1 5 4 13 101.730 7.240 
1 5 4 14 108.037 8.511 
1 5 4 15 86.430 10.670 
1 5 4 16 140.607 2.885 
1 5 4 17 133.640 2.714 
1 5 4 18 116.413 2.540 
1 5 4 19 92.073 2.552 
1 5 4 20 120.420 2.593 
1 5 4 21 142.930 2.664 
1 5 4 22 108.200 2.470 
1 5 4 23 114.333 2.464 
1 5 4 24 145.030 2.631 
1 5 4 25 137.123 2.496 
1 5 4 26 143.340 2.705 
1 5 4 27 148.230 2.274 
1 5 4 28 133.610 2.400 
1 5 4 29 100.497 2.636 
1 5 4 30 103.150 2.435 
1 5 4 31 132.297 2.886 
1 5 5 0 152.543 2.939 
1 5 5 1 176.893 2.812 
1 5 5 2 115.223 2.751 
1 5 5 3 156.707 2.765 
1 5 5 4 109.027 2.523 
1 5 5 5 68.280 2.012 
1 5 5 6 153.673 2.818 
1 5 5 7 92.253 2.602 
1 5 5 8 128.400 7.729 
1 5 5 9 145.817 7.572 
1 5 5 10 114.740 6.944 
1 5 5 11 91.280 6.132 
1 5 5 12 115.000 7.493 
1 5 5 13 159.367 8.259 
1 5 5 14 94.120 8.548 
1 5 5 15 134.053 10.803 
1 5 5 16 121.143 2.731 
1 5 5 17 70.280 2.033 
1 5 5 18 157.643 2.629 
1 5 5 19 55.957 2.220 
1 5 5 20 128.747 2.841 
1 5 5 21 103.237 2.619 
1 5 5 22 127.173 2.762 
1 5 5 23 95.897 2.648 
1 5 5 24 107.523 2.629 
1 5 5 25 163.807 2.678 
1 5 5 26 108.900 2.501 
1 5 5 27 180.337 2.729 
1 5 5 28 93.570 2.452 
1 5 5 29 105.577 2.356 
1 5 5 30 119.793 2.644 
1 5 5 31 98.413 2.288 
2 0 0 0 130.873 31.891 
2 0 0 1 144.253 46.890 
2 0 0 2 111.287 1.070 
2 0 0 3 128.317 52.479 
2 0 0 4 117.720 51.478 
2 0 0 5 154.453 50.481 
2 0 0 6 121.200 0.852 
2 0 0 7 116.137 25.999 
2 0 0 8 118.283 23.493 
2 0 0 9 92.187 27.419 
2 0 0 10 86.940 28.447 
2 0 0 11 122.857 33.328 
2 0 0 12 119.037 39.504 
2 0 0 13 137.013 47.729 
2 0 0 14 124.467 48.162 
2 0 0 15 146.813 58.190 
2 0 0 16 118.280 33.929 
2 0 0 17 125.647 32.155 
2 0 0 18 140.900 22.794 
2 0 0 19 66.287 12.478 
2 0 0 20 150.353 11.575 
2 0 0 21 173.480 7.696 
2 0 0 22 109.407 6.765 
2 0 0 23 110.933 6.075 
2 0 0 24 111.433 6.120 
2 0 0 25 127.600 5.974 
2 0 0 26 145.043 6.111 
2 0 0 27 126.620 7.835 
2 0 0 28 81.407 10.512 
2 0 0 29 114.663 17.230 
2 0 0 30 90.357 19.695 
2 0 0 31 114.360 25.438 
2 0 1 0 161.983 51.130 
2 0 1 1 121.423 57.003 
2 0 1 2 126.503 63.650 
2 0 1 3 123.093 71.736 
2 0 1 4 98.513 1.005 
2 0 1 5 93.723 1.030 
2 0 1 6 108.177 66.507 
2 0 1 7 106.827 49.107 
2 0 1 8 120.973 44.106 
2 0 1 9 97.413 44.554 
2 0 1 10 122.720 49.026 
2 0 1 11 123.883 50.879 
2 0 1 12 94.670 49.015 
2 0 1 13 117.033 52.378 
2 0 1 14 102.373 56.496 
2 0 1 15 143.147 57.191 
2 0 1 16 128.370 46.810 
2 0 1 17 115.680 56.149 
2 0 1 18 132.203 57.414 
2 0 1 19 101.167 53.959 
2 0 1 20 92.037 48.274 
2 0 1 21 122.773 49.138 
2 0 1 22 142.167 48.978 
2 0 1 23 64.213 23.754 
2 0 1 24 93.953 22.629 
2 0 1 25 106.700 37.710 
2 0 1 26 126.520 48.909 
2 0 1 27 98.010 49.545 
2 0 1 28 127.767 58.787 
2 0 1 29 176.643 57.906 
2 0 1 30 140.897 58.002 
2 0 1 31 142.877 41.438 
2 0 2 0 126.437 58.938 
2 0 2 1 96.293 61.869 
2 0 2 2 125.880 75.858 
2 0 2 3 150.563 83.633 
2 0 2 4 145.777 83.984 
2 0 2 5 92.157 60.449 
2 0 2 6 125.593 75.601 
2 0 2 7 134.113 73.903 
2 0 2 8 128.997 74.534 
2 0 2 9 108.700 79.010 
2 0 2 10 103.970 72.198 
2 0 2 11 144.757 81.490 
2 0 2 12 150.240 78.955 
2 0 2 13 137.493 78.441 
2 0 2 14 120.920 70.429 
2 0 2 15 106.590 56.538 
2 0 2 16 153.797 50.012 
2 0 2 17 149.703 65.912 
2 0 2 18 117.067 63.623 
2 0 2 19 123.443 68.251 
2 0 2 20 142.087 72.256 
2 0 2 21 114.140 62.835 
2 0 2 22 131.237 62.514 
2 0 2 23 147.600 48.741 
2 0 2 24 101.993 43.603 
2 0 2 25 83.573 52.925 
2 0 2 26 129.700 71.004 
2 0 2 27 146.250 68.515 
2 0 2 28 105.910 66.982 
2 0 2 29 130.653 67.298 
2 0 2 30 139.597 70.046 
2 0 2 31 124.447 57.946 
2 0 3 0 110.157 59.933 
2 0 3 1 107.290 65.548 
2 0 3 2 138.663 86.881 
2 0 3 3 155.610 98.090 
2 0 3 4 129.023 95.635 
2 0 3 5 113.260 86.786 
2 0 3 6 116.257 93.626 
2 0 3 7 100.430 83.641 
2 0 3 8 95.837 81.117 
2 0 3 9 117.127 93.632 
2 0 3 10 84.637 73.279 
2 0 3 11 97.320 79.664 
2 0 3 12 93.647 73.438 
2 0 3 13 120.420 78.055 
2 0 3 14 121.010 76.107 
2 0 3 15 101.527 61.639 
2 0 3 16 141.917 65.760 
2 0 3 17 122.700 74.224 
2 0 3 18 119.900 74.973 
2 0 3 19 123.670 67.655 
2 0 3 20 95.517 64.773 
2 0 3 21 138.227 60.424 
2 0 3 22 126.187 47.834 
2 0 3 23 89.953 38.249 
2 0 3 24 105.287 31.727 
2 0 3 25 140.080 33.451 
2 0 3 26 110.153 39.906 
2 0 3 27 123.037 48.519 
2 0 3 28 102.367 54.132 
2 0 3 29 108.177 62.487 
2 0 3 30 107.690 60.480 
2 0 3 31 96.673 51.478 
2 0 4 0 143.317 69.127 
2 0 4 1 156.830 88.381 
2 0 4 2 148.993 85.527 
2 0 4 3 165.550 89.002 
2 0 4 4 122.100 83.170 
2 0 4 5 138.707 91.961 
2 0 4 6 155.943 98.961 
2 0 4 7 151.357 92.686 
2 0 4 8 156.807 106.148 
2 0 4 9 174.625 110.374 
2 0 4 10 143.890 97.370 
2 0 4 11 151.693 100.144 
2 0 4 12 117.260 87.443 
2 0 4 13 146.107 92.990 
2 0 4 14 163.773 94.972 
2 0 4 15 155.927 85.334 
2 0 4 16 162.253 80.105 
2 0 4 17 193.810 91.668 
2 0 4 18 152.230 89.095 
2 0 4 19 177.047 88.832 
2 0 4 20 152.030 93.452 
2 0 4 21 133.750 88.747 
2 0 4 22 213.453 103.692 
2 0 4 23 176.717 76.408 
2 0 4 24 156.700 88.899 
2 0 4 25 161.537 87.280 
2 0 4 26 204.913 96.842 
2 0 4 27 157.270 88.210 
2 0 4 28 116.920 74.273 
2 0 4 29 128.037 74.266 
2 0 4 30 176.727 80.932 
2 0 4 31 174.093 75.519 
2 0 5 0 132.147 43.382 
2 0 5 1 98.130 55.040 
2 0 5 2 193.723 76.223 
2 0 5 3 148.660 72.338 
2 0 5 4 144.800 77.939 
2 0 5 5 151.730 73.281 
2 0 5 6 173.950 85.190 
2 0 5 7 125.730 77.673 
2 0 5 8 158.800 85.795 
2 0 5 9 144.230 87.410 
2 0 5 10 139.347 83.328 
2 0 5 11 158.413 88.534 
2 0 5 12 106.303 71.945 
2 0 5 13 124.247 73.431 
2 0 5 14 176.993 83.190 
2 0 5 15 145.913 68.591 
2 0 5 16 121.717 49.698 
2 0 5 17 171.533 64.189 
2 0 5 18 136.597 69.222 
2 0 5 19 132.300 73.045 
2 0 5 20 153.610 74.422 
2 0 5 21 146.493 67.681 
2 0 5 22 151.743 68.327 
2 0 5 23 157.453 60.867 
2 0 5 24 140.810 62.974 
2 0 5 25 139.187 66.161 
2 0 5 26 123.017 59.955 
2 0 5 27 125.090 57.471 
2 0 5 28 181.413 66.512 
2 0 5 29 158.720 56.705 
2 0 5 30 92.663 39.395 
2 0 5 31 206.343 29.793 
2 1 0 0 132.790 3.058 
2 1 0 1 140.337 2.802 
2 1 0 2 146.327 2.295 
2 1 0 3 135.460 2.893 
2 1 0 4 134.433 2.834 
2 1 0 5 123.497 2.787 
2 1 0 6 153.597 3.095 
2 1 0 7 109.580 3.142 
2 1 0 8 158.550 5.492 
2 1 0 9 130.943 4.920 
2 1 0 10 154.347 4.780 
2 1 0 11 157.733 4.141 
2 1 0 12 123.107 4.282 
2 1 0 13 172.093 5.275 
2 1 0 14 119.993 5.505 
2 1 0 15 157.520 6.908 
2 1 0 16 154.867 3.993 
2 1 0 17 136.850 3.193 
2 1 0 18 151.857 3.894 
2 1 0 19 171.917 4.218 
2 1 0 20 136.693 4.012 
2 1 0 21 125.797 4.855 
2 1 0 22 114.243 4.702 
2 1 0 23 182.103 5.609 
2 1 0 24 133.403 3.726 
2 1 0 25 134.450 3.731 
2 1 0 26 120.333 3.708 
2 1 0 27 113.257 3.751 
2 1 0 28 137.870 3.671 
2 1 0 29 112.847 3.813 
2 1 0 30 142.487 3.992 
2 1 0 31 118.400 4.274 
2 1 1 0 65.957 8.515 
2 1 1 1 120.180 7.732 
2 1 1 2 95.740 6.644 
2 1 1 3 84.303 7.095 
2 1 1 4 122.083 7.977 
2 1 1 5 58.513 8.806 
2 1 1 6 120.233 11.497 
2 1 1 7 126.540 9.925 
2 1 1 8 111.670 5.390 
2 1 1 9 125.937 5.056 
2 1 1 10 102.047 5.038 
2 1 1 11 84.307 4.431 
2 1 1 12 139.597 5.278 
2 1 1 13 87.670 5.688 
2 1 1 14 92.700 5.908 
2 1 1 15 82.990 7.024 
2 1 1 16 105.240 9.040 
2 1 1 17 116.150 11.760 
2 1 1 18 97.657 15.055 
2 1 1 19 124.310 16.820 
2 1 1 20 122.813 16.843 
2 1 1 21 126.467 18.661 
2 1 1 22 105.750 18.715 
2 1 1 23 72.300 8.618 
2 1 1 24 78.603 30.858 
2 1 1 25 138.847 47.600 
2 1 1 26 128.687 52.735 
2 1 1 27 135.100 51.223 
2 1 1 28 98.997 44.560 
2 1 1 29 124.043 46.759 
2 1 1 30 73.670 34.624 
2 1 1 31 75.393 30.363 
2 1 2 0 111.253 83.039 
2 1 2 1 94.447 71.825 
2 1 2 2 133.067 93.048 
2 1 2 3 115.620 92.510 
2 1 2 4 116.153 88.525 
2 1 2 5 123.617 95.831 
2 1 2 6 155.587 102.846 
2 1 2 7 118.423 88.323 
2 1 2 8 131.465 111.855 
2 1 2 9 111.217 99.260 
2 1 2 10 140.759 108.098 
2 1 2 11 105.700 92.929 
2 1 2 12 109.877 87.496 
2 1 2 13 106.763 88.736 
2 1 2 14 170.254 109.271 
2 1 2 15 77.067 68.673 
2 1 2 16 139.200 97.086 
2 1 2 17 96.283 80.382 
2 1 2 18 109.680 91.739 
2 1 2 19 119.637 101.754 
2 1 2 20 117.957 95.076 
2 1 2 21 128.913 110.517 
2 1 2 22 120.790 1.329 
2 1 2 23 140.742 110.275 
2 1 2 24 115.127 83.780 
2 1 2 25 120.140 99.067 
2 1 2 26 143.193 100.202 
2 1 2 27 146.080 106.448 
2 1 2 28 138.123 106.272 
2 1 2 29 131.580 105.865 
2 1 2 30 121.233 90.210 
2 1 2 31 138.963 95.847 
2 1 3 0 106.747 17.358 
2 1 3 1 128.987 16.949 
2 1 3 2 76.080 13.857 
2 1 3 3 107.943 15.903 
2 1 3 4 120.463 16.441 
2 1 3 5 115.507 15.111 
2 1 3 6 78.117 12.894 
2 1 3 7 81.907 14.111 
2 1 3 8 125.083 82.743 
2 1 3 9 97.333 78.915 
2 1 3 10 111.713 78.901 
2 1 3 11 105.660 74.732 
2 1 3 12 128.243 71.855 
2 1 3 13 99.820 63.243 
2 1 3 14 99.457 63.658 
2 1 3 15 97.890 57.949 
2 1 3 16 97.850 48.328 
2 1 3 17 109.607 61.323 
2 1 3 18 84.097 53.651 
2 1 3 19 148.713 71.789 
2 1 3 20 117.803 76.538 
2 1 3 21 120.430 76.232 
2 1 3 22 122.287 86.259 
2 1 3 23 129.820 76.909 
2 1 3 24 163.963 84.081 
2 1 3 25 107.503 76.896 
2 1 3 26 139.133 81.676 
2 1 3 27 127.383 77.436 
2 1 3 28 133.117 72.573 
2 1 3 29 84.373 53.837 
2 1 3 30 101.180 56.862 
2 1 3 31 95.823 42.205 
2 1 4 0 141.830 75.631 
2 1 4 1 165.113 90.665 
2 1 4 2 169.113 88.328 
2 1 4 3 130.703 78.550 
2 1 4 4 163.207 95.580 
2 1 4 5 138.910 84.420 
2 1 4 6 83.830 69.022 
2 1 4 7 156.167 91.274 
2 1 4 8 83.680 67.119 
2 1 4 9 136.190 94.544 
2 1 4 10 129.660 95.756 
2 1 4 11 110.963 82.054 
2 1 4 12 125.823 83.256 
2 1 4 13 128.693 88.187 
2 1 4 14 149.103 91.960 
2 1 4 15 114.267 79.391 
2 1 4 16 135.477 78.183 
2 1 4 17 162.687 89.634 
2 1 4 18 163.780 98.577 
2 1 4 19 108.520 86.083 
2 1 4 20 131.410 101.194 
2 1 4 21 137.247 97.872 
2 1 4 22 131.823 102.011 
2 1 4 23 169.671 115.665 
2 1 4 24 115.843 95.383 
2 1 4 25 122.753 95.930 
2 1 4 26 120.493 92.794 
2 1 4 27 195.779 101.095 
2 1 4 28 159.933 96.190 
2 1 4 29 121.407 82.465 
2 1 4 30 159.070 89.595 
2 1 4 31 145.037 77.077 
2 1 5 0 95.927 24.030 
2 1 5 1 132.670 24.446 
2 1 5 2 154.067 25.561 
2 1 5 3 104.577 23.551 
2 1 5 4 116.563 23.219 
2 1 5 5 102.917 21.350 
2 1 5 6 134.370 25.002 
2 1 5 7 147.367 25.177 
2 1 5 8 107.240 37.650 
2 1 5 9 129.690 38.091 
2 1 5 10 147.010 32.434 
2 1 5 11 113.493 26.449 
2 1 5 12 104.080 25.520 
2 1 5 13 113.417 25.432 
2 1 5 14 110.627 23.530 
2 1 5 15 159.987 26.314 
2 1 5 16 151.727 41.132 
2 1 5 17 140.730 52.430 
2 1 5 18 150.887 64.027 
2 1 5 19 103.270 61.596 
2 1 5 20 103.220 68.131 
2 1 5 21 147.260 88.880 
2 1 5 22 152.473 99.222 
2 1 5 23 100.913 79.047 
2 1 5 24 106.310 67.615 
2 1 5 25 125.657 51.227 
2 1 5 26 124.833 46.923 
2 1 5 27 104.053 40.928 
2 1 5 28 96.300 37.509 
2 1 5 29 106.113 36.328 
2 1 5 30 132.437 33.293 
2 1 5 31 120.107 33.088 
2 2 0 0 126.210 88.833 
2 2 0 1 89.663 72.151 
2 2 0 2 138.610 91.008 
2 2 0 3 112.947 80.079 
2 2 0 4 144.063 93.018 
2 2 0 5 103.010 78.921 
2 2 0 6 136.303 93.198 
2 2 0 7 123.677 85.348 
2 2 0 8 114.657 85.456 
2 2 0 9 112.607 9.423 
2 2 0 10 106.547 87.858 
2 2 0 11 135.413 99.940 
2 2 0 12 108.283 76.025 
2 2 0 13 139.310 96.629 
2 2 0 14 137.430 95.932 
2 2 0 15 139.570 89.422 
2 2 0 16 134.357 86.962 
2 2 0 17 116.310 89.709 
2 2 0 18 156.557 99.860 
2 2 0 19 166.877 101.641 
2 2 0 20 100.783 88.592 
2 2 0 21 94.710 74.989 
2 2 0 22 98.643 80.615 
2 2 0 23 111.930 84.420 
2 2 0 24 159.393 104.009 
2 2 0 25 90.150 78.475 
2 2 0 26 112.613 87.009 
2 2 0 27 138.037 98.568 
2 2 0 28 123.457 93.443 
2 2 0 29 166.063 103.133 
2 2 0 30 124.973 87.774 
2 2 0 31 119.400 82.451 
2 2 1 0 114.770 52.261 
2 2 1 1 175.643 59.173 
2 2 1 2 157.333 59.504 
2 2 1 3 99.437 47.952 
2 2 1 4 74.523 38.061 
2 2 1 5 114.247 35.051 
2 2 1 6 159.653 31.126 
2 2 1 7 82.693 20.767 
2 2 1 8 129.443 20.909 
2 2 1 9 119.650 21.185 
2 2 1 10 108.670 21.152 
2 2 1 11 98.410 20.505 
2 2 1 12 121.247 21.065 
2 2 1 13 104.840 20.241 
2 2 1 14 115.697 21.859 
2 2 1 15 115.173 23.833 
2 2 1 16 173.807 26.354 
2 2 1 17 98.233 22.784 
2 2 1 18 115.987 23.272 
2 2 1 19 110.197 22.618 
2 2 1 20 167.510 26.033 
2 2 1 21 120.323 24.041 
2 2 1 22 149.300 32.285 
2 2 1 23 147.980 36.018 
2 2 1 24 127.470 57.775 
2 2 1 25 111.960 66.755 
2 2 1 26 122.073 67.768 
2 2 1 27 134.773 67.086 
2 2 1 28 101.383 59.452 
2 2 1 29 117.837 62.329 
2 2 1 30 136.093 56.238 
2 2 1 31 113.270 48.627 
2 2 2 0 133.093 74.627 
2 2 2 1 147.557 85.154 
2 2 2 2 166.670 97.543 
2 2 2 3 141.163 98.154 
2 2 2 4 102.930 77.508 
2 2 2 5 138.383 86.681 
2 2 2 6 122.317 89.096 
2 2 2 7 143.050 101.010 
2 2 2 8 165.333 102.256 
2 2 2 9 117.167 87.409 
2 2 2 10 128.817 90.942 
2 2 2 11 97.380 68.590 
2 2 2 12 134.930 90.150 
2 2 2 13 125.013 86.916 
2 2 2 14 156.050 88.652 
2 2 2 15 165.060 86.559 
2 2 2 16 72.817 54.602 
2 2 2 17 143.280 90.753 
2 2 2 18 128.750 84.101 
2 2 2 19 150.603 94.601 
2 2 2 20 132.730 98.899 
2 2 2 21 101.763 83.309 
2 2 2 22 113.477 91.888 
2 2 2 23 125.410 103.068 
2 2 2 24 138.570 106.776 
2 2 2 25 148.343 106.896 
2 2 2 26 143.883 102.604 
2 2 2 27 137.113 96.569 
2 2 2 28 122.840 88.766 
2 2 2 29 113.477 80.223 
2 2 2 30 113.360 78.075 
2 2 2 31 119.360 70.650 
2 2 3 0 98.700 58.194 
2 2 3 1 109.273 65.849 
2 2 3 2 129.953 68.816 
2 2 3 3 115.647 70.269 
2 2 3 4 144.590 82.097 
2 2 3 5 126.513 75.799 
2 2 3 6 153.187 81.289 
2 2 3 7 84.497 55.009 
2 2 3 8 141.393 91.075 
2 2 3 9 152.940 96.335 
2 2 3 10 127.293 79.910 
2 2 3 11 131.287 79.275 
2 2 3 12 160.117 90.004 
2 2 3 13 112.330 70.096 
2 2 3 14 166.800 87.091 
2 2 3 15 105.467 63.209 
2 2 3 16 104.533 65.673 
2 2 3 17 144.127 84.449 
2 2 3 18 123.940 74.772 
2 2 3 19 107.133 74.176 
2 2 3 20 117.297 80.746 
2 2 3 21 105.493 83.747 
2 2 3 22 147.284 105.275 
2 2 3 23 154.602 113.615 
2 2 3 24 154.163 85.839 
2 2 3 25 97.073 66.537 
2 2 3 26 144.103 84.120 
2 2 3 27 133.263 82.085 
2 2 3 28 104.150 68.866 
2 2 3 29 129.227 71.945 
2 2 3 30 111.700 64.904 
2 2 3 31 74.943 44.850 
2 2 4 0 156.937 39.668 
2 2 4 1 103.357 47.981 
2 2 4 2 97.080 53.155 
2 2 4 3 116.840 57.687 
2 2 4 4 116.970 57.894 
2 2 4 5 105.457 59.272 
2 2 4 6 127.613 55.194 
2 2 4 7 158.347 44.368 
2 2 4 8 154.737 28.894 
2 2 4 9 85.977 31.346 
2 2 4 10 164.203 31.902 
2 2 4 11 125.750 26.003 
2 2 4 12 114.950 20.411 
2 2 4 13 108.703 22.399 
2 2 4 14 96.390 18.330 
2 2 4 15 83.713 16.568 
2 2 4 16 107.507 37.625 
2 2 4 17 130.547 52.813 
2 2 4 18 132.197 59.417 
2 2 4 19 114.937 64.796 
2 2 4 20 157.153 78.668 
2 2 4 21 137.217 74.641 
2 2 4 22 157.013 81.388 
2 2 4 23 134.083 72.463 
2 2 4 24 160.177 79.931 
2 2 4 25 160.720 91.717 
2 2 4 26 116.007 79.525 
2 2 4 27 129.947 73.402 
2 2 4 28 130.590 76.745 
2 2 4 29 131.303 71.682 
2 2 4 30 155.197 66.702 
2 2 4 31 130.367 57.065 
2 2 5 0 141.000 1.260 
2 2 5 1 163.303 71.206 
2 2 5 2 107.543 62.001 
2 2 5 3 176.957 70.781 
2 2 5 4 128.810 65.482 
2 2 5 5 142.960 74.137 
2 2 5 6 131.400 71.473 
2 2 5 7 158.897 68.779 
2 2 5 8 164.450 101.613 
2 2 5 9 104.497 82.415 
2 2 5 10 146.157 91.646 
2 2 5 11 136.087 84.188 
2 2 5 12 91.433 61.640 
2 2 5 13 113.193 78.539 
2 2 5 14 110.213 78.165 
2 2 5 15 169.167 87.208 
2 2 5 16 170.083 83.063 
2 2 5 17 132.757 87.656 
2 2 5 18 143.497 95.471 
2 2 5 19 130.477 99.244 
2 2 5 20 173.752 117.910 
2 2 5 21 130.821 116.960 
2 2 5 22 146.575 128.186 
2 2 5 23 110.188 115.895 
2 2 5 24 109.293 77.997 
2 2 5 25 134.153 81.992 
2 2 5 26 115.717 77.363 
2 2 5 27 143.797 77.068 
2 2 5 28 92.513 63.823 
2 2 5 29 135.923 72.894 
2 2 5 30 162.393 70.608 
2 2 5 31 154.493 55.877 
2 3 0 0 109.147 5.162 
2 3 0 1 129.497 10.256 
2 3 0 2 117.993 9.430 
2 3 0 3 128.127 8.584 
2 3 0 4 177.393 7.441 
2 3 0 5 140.407 7.540 
2 3 0 6 118.997 5.622 
2 3 0 7 159.623 3.890 
2 3 0 8 125.717 5.144 
2 3 0 9 145.297 4.413 
2 3 0 10 142.987 4.419 
2 3 0 11 130.933 3.848 
2 3 0 12 138.780 3.770 
2 3 0 13 152.907 4.829 
2 3 0 14 135.103 5.102 
2 3 0 15 157.450 6.970 
2 3 0 16 122.500 4.437 
2 3 0 17 151.387 3.764 
2 3 0 18 116.273 3.419 
2 3 0 19 131.090 3.222 
2 3 0 20 118.067 3.146 
2 3 0 21 119.990 3.344 
2 3 0 22 173.327 3.620 
2 3 0 23 132.277 3.487 
2 3 0 24 179.687 3.802 
2 3 0 25 99.647 3.367 
2 3 0 26 121.670 3.213 
2 3 0 27 113.230 3.275 
2 3 0 28 125.040 3.602 
2 3 0 29 183.477 3.205 
2 3 0 30 168.567 2.922 
2 3 0 31 162.490 3.075 
2 3 1 0 78.770 43.400 
2 3 1 1 133.550 67.566 
2 3 1 2 103.807 61.180 
2 3 1 3 86.657 51.099 
2 3 1 4 102.143 61.131 
2 3 1 5 104.907 68.299 
2 3 1 6 105.687 64.352 
2 3 1 7 96.303 72.228 
2 3 1 8 97.563 70.131 
2 3 1 9 109.543 74.725 
2 3 1 10 142.217 82.323 
2 3 1 11 100.203 63.728 
2 3 1 12 104.513 63.402 
2 3 1 13 130.553 75.112 
2 3 1 14 103.047 61.706 
2 3 1 15 134.167 55.919 
2 3 1 16 138.053 17.871 
2 3 1 17 95.517 17.590 
2 3 1 18 100.470 19.637 
2 3 1 19 93.570 22.598 
2 3 1 20 104.617 29.909 
2 3 1 21 134.610 40.600 
2 3 1 22 129.893 51.514 
2 3 1 23 130.087 55.257 
2 3 1 24 120.913 33.449 
2 3 1 25 90.410 30.436 
2 3 1 26 124.023 27.167 
2 3 1 27 164.113 24.173 
2 3 1 28 118.473 21.991 
2 3 1 29 91.227 22.652 
2 3 1 30 104.680 27.814 
2 3 1 31 136.897 31.564 
2 3 2 0 92.680 47.623 
2 3 2 1 123.493 64.684 
2 3 2 2 140.963 66.526 
2 3 2 3 148.007 69.400 
2 3 2 4 130.203 63.347 
2 3 2 5 115.277 66.513 
2 3 2 6 122.217 72.647 
2 3 2 7 128.010 71.821 
2 3 2 8 98.387 68.698 
2 3 2 9 93.483 66.936 
2 3 2 10 115.227 72.008 
2 3 2 11 144.787 76.405 
2 3 2 12 130.180 70.923 
2 3 2 13 101.277 64.494 
2 3 2 14 128.177 69.934 
2 3 2 15 157.353 69.883 
2 3 2 16 133.973 62.329 
2 3 2 17 145.377 67.688 
2 3 2 18 110.433 63.110 
2 3 2 19 135.257 75.364 
2 3 2 20 131.077 73.211 
2 3 2 21 107.450 70.953 
2 3 2 22 137.410 90.133 
2 3 2 23 101.320 78.015 
2 3 2 24 123.657 82.366 
2 3 2 25 115.190 76.820 
2 3 2 26 116.567 75.936 
2 3 2 27 128.390 66.791 
2 3 2 28 131.393 65.149 
2 3 2 29 147.873 72.481 
2 3 2 30 117.083 58.594 
2 3 2 31 90.277 44.658 
2 3 3 0 134.287 61.685 
2 3 3 1 134.663 57.921 
2 3 3 2 124.443 52.572 
2 3 3 3 74.110 38.567 
2 3 3 4 110.843 49.612 
2 3 3 5 142.440 57.213 
2 3 3 6 124.257 55.061 
2 3 3 7 134.123 59.303 
2 3 3 8 122.453 40.617 
2 3 3 9 121.190 40.869 
2 3 3 10 112.560 39.759 
2 3 3 11 89.397 32.845 
2 3 3 12 117.623 35.357 
2 3 3 13 126.340 41.885 
2 3 3 14 128.843 38.934 
2 3 3 15 112.047 37.458 
2 3 3 16 118.537 5.738 
2 3 3 17 124.410 5.406 
2 3 3 18 107.877 5.403 
2 3 3 19 146.980 5.640 
2 3 3 20 102.590 5.320 
2 3 3 21 104.107 5.705 
2 3 3 22 134.823 6.085 
2 3 3 23 120.307 7.621 
2 3 3 24 160.920 5.869 
2 3 3 25 168.943 5.543 
2 3 3 26 128.047 5.428 
2 3 3 27 140.983 5.354 
2 3 3 28 116.977 5.463 
2 3 3 29 154.330 5.270 
2 3 3 30 132.717 5.130 
2 3 3 31 97.507 5.122 
2 3 4 0 86.863 16.606 
2 3 4 1 105.353 19.293 
2 3 4 2 122.403 14.497 
2 3 4 3 147.093 9.215 
2 3 4 4 112.133 5.268 
2 3 4 5 91.887 4.700 
2 3 4 6 70.967 6.314 
2 3 4 7 121.713 7.648 
2 3 4 8 154.753 5.133 
2 3 4 9 134.563 4.282 
2 3 4 10 103.513 4.527 
2 3 4 11 112.340 4.262 
2 3 4 12 123.697 4.803 
2 3 4 13 116.243 5.234 
2 3 4 14 66.490 5.102 
2 3 4 15 123.243 7.439 
2 3 4 16 104.830 2.785 
2 3 4 17 85.447 2.717 
2 3 4 18 88.000 2.846 
2 3 4 19 80.500 3.056 
2 3 4 20 125.687 3.170 
2 3 4 21 88.397 2.910 
2 3 4 22 103.397 2.989 
2 3 4 23 131.990 3.071 
2 3 4 24 88.163 4.381 
2 3 4 25 78.443 4.236 
2 3 4 26 125.807 4.445 
2 3 4 27 145.290 3.917 
2 3 4 28 123.563 3.435 
2 3 4 29 139.210 3.047 
2 3 4 30 84.023 2.907 
2 3 4 31 134.503 3.495 
2 3 5 0 112.443 66.816 
2 3 5 1 79.270 51.783 
2 3 5 2 143.907 81.975 
2 3 5 3 148.360 87.955 
2 3 5 4 116.510 69.191 
2 3 5 5 126.527 80.764 
2 3 5 6 113.667 73.909 
2 3 5 7 95.400 62.100 
2 3 5 8 109.163 61.680 
2 3 5 9 105.307 73.254 
2 3 5 10 107.170 59.655 
2 3 5 11 118.313 71.771 
2 3 5 12 89.313 59.003 
2 3 5 13 117.510 72.706 
2 3 5 14 94.897 66.200 
2 3 5 15 88.720 57.867 
2 3 5 16 99.777 64.182 
2 3 5 17 139.217 80.391 
2 3 5 18 108.267 74.950 
2 3 5 19 151.270 87.132 
2 3 5 20 123.070 77.287 
2 3 5 21 120.817 85.401 
2 3 5 22 113.317 83.698 
2 3 5 23 137.103 100.072 
2 3 5 24 126.750 83.069 
2 3 5 25 165.897 90.624 
2 3 5 26 100.303 67.870 
2 3 5 27 117.737 77.352 
2 3 5 28 106.297 72.160 
2 3 5 29 152.580 84.803 
2 3 5 30 150.910 82.971 
2 3 5 31 127.007 66.823 
2 4 0 0 111.953 29.365 
2 4 0 1 148.567 46.256 
2 4 0 2 173.703 56.461 
2 4 0 3 140.503 55.763 
2 4 0 4 209.820 58.576 
2 4 0 5 157.877 56.897 
2 4 0 6 164.293 61.806 
2 4 0 7 130.043 53.181 
2 4 0 8 205.317 35.991 
2 4 0 9 168.853 43.780 
2 4 0 10 127.420 38.761 
2 4 0 11 156.987 44.972 
2 4 0 12 174.383 45.705 
2 4 0 13 137.363 42.346 
2 4 0 14 134.837 39.119 
2 4 0 15 159.890 37.325 
2 4 0 16 174.063 26.958 
2 4 0 17 165.047 48.152 
2 4 0 18 162.500 52.331 
2 4 0 19 113.960 51.802 
2 4 0 20 163.230 62.459 
2 4 0 21 155.170 66.309 
2 4 0 22 169.803 69.098 
2 4 0 23 147.127 50.743 
2 4 0 24 205.053 67.570 
2 4 0 25 146.707 71.366 
2 4 0 26 159.983 64.261 
2 4 0 27 151.800 65.044 
2 4 0 28 124.210 58.071 
2 4 0 29 156.467 54.694 
2 4 0 30 158.930 50.331 
2 4 0 31 177.343 35.034 
2 4 1 0 135.523 63.491 
2 4 1 1 151.863 76.848 
2 4 1 2 107.380 71.323 
2 4 1 3 110.640 72.020 
2 4 1 4 92.467 64.792 
2 4 1 5 131.423 81.194 
2 4 1 6 153.957 89.560 
2 4 1 7 112.300 72.274 
2 4 1 8 104.260 61.954 
2 4 1 9 109.583 69.941 
2 4 1 10 135.840 77.573 
2 4 1 11 153.380 83.718 
2 4 1 12 106.153 67.640 
2 4 1 13 135.487 80.194 
2 4 1 14 131.653 74.966 
2 4 1 15 100.960 58.991 
2 4 1 16 142.987 70.819 
2 4 1 17 141.513 77.940 
2 4 1 18 147.867 81.230 
2 4 1 19 120.547 79.011 
2 4 1 20 149.503 92.616 
2 4 1 21 102.320 78.619 
2 4 1 22 129.807 94.037 
2 4 1 23 169.421 103.071 
2 4 1 24 119.207 81.251 
2 4 1 25 157.857 96.191 
2 4 1 26 80.373 64.918 
2 4 1 27 123.500 79.501 
2 4 1 28 103.640 67.453 
2 4 1 29 130.073 75.188 
2 4 1 30 96.223 62.154 
2 4 1 31 94.123 54.852 
2 4 2 0 144.167 77.061 
2 4 2 1 142.297 77.714 
2 4 2 2 165.573 88.577 
2 4 2 3 118.290 77.567 
2 4 2 4 138.947 78.153 
2 4 2 5 145.690 76.845 
2 4 2 6 116.780 83.250 
2 4 2 7 108.477 78.212 
2 4 2 8 131.817 92.181 
2 4 2 9 143.303 94.581 
2 4 2 10 143.630 94.137 
2 4 2 11 129.657 91.423 
2 4 2 12 127.500 82.447 
2 4 2 13 172.173 97.577 
2 4 2 14 128.963 77.155 
2 4 2 15 121.850 64.858 
2 4 2 16 128.550 69.666 
2 4 2 17 115.123 71.363 
2 4 2 18 133.310 82.402 
2 4 2 19 139.983 84.717 
2 4 2 20 170.820 96.825 
2 4 2 21 172.293 99.607 
2 4 2 22 153.663 90.771 
2 4 2 23 146.703 100.137 
2 4 2 24 145.963 83.554 
2 4 2 25 143.880 85.412 
2 4 2 26 145.653 86.218 
2 4 2 27 173.640 90.145 
2 4 2 28 166.217 87.158 
2 4 2 29 163.027 85.319 
2 4 2 30 139.037 78.690 
2 4 2 31 173.247 80.125 
2 4 3 0 127.750 48.867 
2 4 3 1 132.647 59.980 
2 4 3 2 136.490 67.899 
2 4 3 3 117.463 60.517 
2 4 3 4 150.333 64.192 
2 4 3 5 123.043 68.426 
2 4 3 6 133.497 67.328 
2 4 3 7 138.697 63.223 
2 4 3 8 132.823 61.766 
2 4 3 9 131.603 78.049 
2 4 3 10 127.853 73.598 
2 4 3 11 162.417 79.809 
2 4 3 12 121.210 63.486 
2 4 3 13 121.687 67.625 
2 4 3 14 145.283 72.408 
2 4 3 15 111.097 50.358 
2 4 3 16 120.097 20.309 
2 4 3 17 100.373 18.805 
2 4 3 18 108.723 19.620 
2 4 3 19 95.577 19.001 
2 4 3 20 93.610 18.022 
2 4 3 21 109.823 19.692 
2 4 3 22 120.650 20.000 
2 4 3 23 113.190 20.500 
2 4 3 24 113.840 20.976 
2 4 3 25 125.760 20.742 
2 4 3 26 102.387 18.605 
2 4 3 27 125.857 20.360 
2 4 3 28 120.393 19.033 
2 4 3 29 132.037 19.753 
2 4 3 30 102.610 18.361 
2 4 3 31 92.903 18.111 
2 4 4 0 107.093 34.385 
2 4 4 1 141.430 53.971 
2 4 4 2 148.360 60.506 
2 4 4 3 137.413 57.194 
2 4 4 4 134.057 55.133 
2 4 4 5 109.013 49.810 
2 4 4 6 163.153 52.301 
2 4 4 7 158.527 37.938 
2 4 4 8 105.450 39.735 
2 4 4 9 143.660 56.479 
2 4 4 10 106.830 56.459 
2 4 4 11 135.823 60.024 
2 4 4 12 134.383 59.195 
2 4 4 13 137.857 60.885 
2 4 4 14 116.107 53.199 
2 4 4 15 136.307 47.210 
2 4 4 16 125.757 8.498 
2 4 4 17 139.400 8.681 
2 4 4 18 115.643 8.568 
2 4 4 19 153.220 10.573 
2 4 4 20 150.483 11.238 
2 4 4 21 142.307 10.967 
2 4 4 22 177.587 10.125 
2 4 4 23 114.947 8.917 
2 4 4 24 109.003 15.615 
2 4 4 25 145.383 25.754 
2 4 4 26 135.353 30.273 
2 4 4 27 112.057 31.548 
2 4 4 28 121.750 32.496 
2 4 4 29 156.700 38.007 
2 4 4 30 141.213 37.744 
2 4 4 31 162.540 37.528 
2 4 5 0 119.510 32.462 
2 4 5 1 162.143 44.965 
2 4 5 2 131.553 44.464 
2 4 5 3 104.703 40.036 
2 4 5 4 120.963 37.696 
2 4 5 5 148.437 42.341 
2 4 5 6 124.093 42.258 
2 4 5 7 170.177 33.339 
2 4 5 8 152.053 43.581 
2 4 5 9 143.140 53.940 
2 4 5 10 124.653 52.391 
2 4 5 11 178.257 54.881 
2 4 5 12 171.450 45.407 
2 4 5 13 135.693 55.141 
2 4 5 14 139.900 50.339 
2 4 5 15 158.350 37.806 
2 4 5 16 152.227 4.710 
2 4 5 17 141.360 4.754 
2 4 5 18 174.983 4.621 
2 4 5 19 147.083 4.654 
2 4 5 20 142.653 5.124 
2 4 5 21 98.917 5.513 
2 4 5 22 143.980 11.482 
2 4 5 23 129.367 19.646 
2 4 5 24 180.750 4.806 
2 4 5 25 187.263 4.574 
2 4 5 26 151.063 5.060 
2 4 5 27 165.033 7.381 
2 4 5 28 154.137 8.754 
2 4 5 29 149.537 10.585 
2 4 5 30 139.230 12.965 
2 4 5 31 141.037 10.045 
2 5 0 0 97.357 4.653 
2 5 0 1 141.117 4.822 
2 5 0 2 118.510 1.455 
2 5 0 3 113.920 5.095 
2 5 0 4 80.337 4.512 
2 5 0 5 141.777 4.731 
2 5 0 6 104.743 4.776 
2 5 0 7 106.413 4.858 
2 5 0 8 104.527 9.566 
2 5 0 9 100.870 7.933 
2 5 0 10 107.193 8.205 
2 5 0 11 73.193 6.505 
2 5 0 12 162.260 8.126 
2 5 0 13 103.630 10.197 
2 5 0 14 137.997 11.114 
2 5 0 15 105.693 14.199 
2 5 0 16 113.170 9.349 
2 5 0 17 120.337 8.958 
2 5 0 18 129.033 9.233 
2 5 0 19 101.810 8.327 
2 5 0 20 126.203 9.709 
2 5 0 21 117.540 12.335 
2 5 0 22 120.780 18.818 
2 5 0 23 191.053 18.562 
2 5 0 24 111.010 36.067 
2 5 0 25 119.627 53.495 
2 5 0 26 98.237 53.816 
2 5 0 27 149.040 66.490 
2 5 0 28 150.243 61.543 
2 5 0 29 118.073 49.871 
2 5 0 30 123.840 40.554 
2 5 0 31 117.377 31.015 
2 5 1 0 85.870 4.013 
2 5 1 1 120.997 4.493 
2 5 1 2 144.530 4.073 
2 5 1 3 123.863 4.424 
2 5 1 4 119.963 4.586 
2 5 1 5 155.007 4.510 
2 5 1 6 131.150 4.542 
2 5 1 7 151.907 4.812 
2 5 1 8 118.500 9.138 
2 5 1 9 114.943 8.951 
2 5 1 10 131.267 9.116 
2 5 1 11 130.233 8.169 
2 5 1 12 108.980 8.269 
2 5 1 13 117.213 10.075 
2 5 1 14 98.473 10.951 
2 5 1 15 139.763 13.229 
2 5 1 16 84.700 36.893 
2 5 1 17 166.683 65.644 
2 5 1 18 132.713 67.030 
2 5 1 19 128.430 70.236 
2 5 1 20 153.023 79.406 
2 5 1 21 121.113 71.764 
2 5 1 22 124.233 82.238 
2 5 1 23 163.800 90.883 
2 5 1 24 125.160 40.506 
2 5 1 25 104.027 20.377 
2 5 1 26 144.283 11.040 
2 5 1 27 154.273 10.146 
2 5 1 28 144.043 9.647 
2 5 1 29 147.673 9.127 
2 5 1 30 94.347 7.756 
2 5 1 31 125.680 8.323 
2 5 2 0 117.387 5.490 
2 5 2 1 151.200 4.674 
2 5 2 2 117.910 4.331 
2 5 2 3 129.880 4.581 
2 5 2 4 100.163 4.613 
2 5 2 5 89.020 4.183 
2 5 2 6 123.133 4.777 
2 5 2 7 144.487 4.691 
2 5 2 8 126.757 9.387 
2 5 2 9 92.317 7.628 
2 5 2 10 125.997 8.736 
2 5 2 11 112.697 7.531 
2 5 2 12 109.313 8.742 
2 5 2 13 74.910 9.123 
2 5 2 14 96.303 11.036 
2 5 2 15 143.653 14.463 
2 5 2 16 109.650 8.328 
2 5 2 17 122.597 10.462 
2 5 2 18 62.867 11.259 
2 5 2 19 101.067 14.442 
2 5 2 20 123.283 13.862 
2 5 2 21 114.490 13.364 
2 5 2 22 138.350 13.430 
2 5 2 23 113.293 12.192 
2 5 2 24 102.827 56.583 
2 5 2 25 143.480 78.216 
2 5 2 26 111.993 61.795 
2 5 2 27 134.320 60.336 
2 5 2 28 119.483 58.615 
2 5 2 29 127.060 48.802 
2 5 2 30 170.473 43.938 
2 5 2 31 117.483 21.220 
2 5 3 0 173.600 30.124 
2 5 3 1 133.383 42.853 
2 5 3 2 114.463 48.554 
2 5 3 3 132.953 50.520 
2 5 3 4 165.253 57.582 
2 5 3 5 109.673 48.152 
2 5 3 6 128.193 41.576 
2 5 3 7 124.067 22.389 
2 5 3 8 112.397 16.656 
2 5 3 9 151.833 21.703 
2 5 3 10 136.223 32.900 
2 5 3 11 124.987 45.245 
2 5 3 12 115.630 52.504 
2 5 3 13 131.310 55.531 
2 5 3 14 128.353 53.240 
2 5 3 15 141.857 47.074 
2 5 3 16 179.420 9.542 
2 5 3 17 160.693 9.037 
2 5 3 18 169.833 10.137 
2 5 3 19 121.143 8.970 
2 5 3 20 154.087 9.368 
2 5 3 21 114.513 9.120 
2 5 3 22 171.750 9.733 
2 5 3 23 147.053 9.522 
2 5 3 24 152.793 62.822 
2 5 3 25 171.233 69.992 
2 5 3 26 143.983 69.689 
2 5 3 27 168.620 67.718 
2 5 3 28 172.187 61.458 
2 5 3 29 139.833 57.556 
2 5 3 30 188.510 50.070 
2 5 3 31 163.873 36.342 
2 5 4 0 98.630 3.455 
2 5 4 1 173.653 3.359 
2 5 4 2 137.287 3.163 
2 5 4 3 148.340 2.976 
2 5 4 4 121.650 3.310 
2 5 4 5 155.573 3.592 
2 5 4 6 117.823 3.310 
2 5 4 7 113.153 3.493 
2 5 4 8 159.433 7.784 
2 5 4 9 153.563 8.067 
2 5 4 10 118.603 7.219 
2 5 4 11 111.840 6.637 
2 5 4 12 154.390 7.047 
2 5 4 13 158.707 8.861 
2 5 4 14 89.530 8.781 
2 5 4 15 112.427 12.115 
2 5 4 16 136.490 2.749 
2 5 4 17 148.820 2.643 
2 5 4 18 155.590 2.996 
2 5 4 19 124.977 2.922 
2 5 4 20 136.417 2.721 
2 5 4 21 122.917 2.829 
2 5 4 22 171.517 2.924 
2 5 4 23 133.893 2.867 
2 5 4 24 133.567 3.907 
2 5 4 25 164.927 5.824 
2 5 4 26 99.057 8.834 
2 5 4 27 115.153 9.970 
2 5 4 28 134.253 10.328 
2 5 4 29 141.090 6.934 
2 5 4 30 127.017 4.266 
2 5 4 31 168.760 2.661 
2 5 5 0 145.077 61.410 
2 5 5 1 116.240 63.467 
2 5 5 2 106.550 60.931 
2 5 5 3 181.230 78.063 
2 5 5 4 114.813 64.864 
2 5 5 5 99.990 58.097 
2 5 5 6 132.987 69.597 
2 5 5 7 105.970 43.066 
2 5 5 8 98.830 43.258 
2 5 5 9 125.670 60.548 
2 5 5 10 105.813 67.781 
2 5 5 11 143.350 81.318 
2 5 5 12 133.743 75.086 
2 5 5 13 105.630 59.341 
2 5 5 14 119.697 71.671 
2 5 5 15 135.593 70.457 
2 5 5 16 105.207 62.761 
2 5 5 17 119.777 80.580 
2 5 5 18 106.187 75.773 
2 5 5 19 155.218 113.206 
2 5 5 20 95.977 93.028 
2 5 5 21 131.538 117.605 
2 5 5 22 98.320 90.403 
2 5 5 23 164.091 115.684 
2 5 5 24 180.823 85.425 
2 5 5 25 119.907 72.692 
2 5 5 26 132.903 82.075 
2 5 5 27 123.263 75.500 
2 5 5 28 144.070 78.304 
2 5 5 29 109.740 68.624 
2 5 5 30 85.620 51.710 
2 5 5 31 115.137 48.943 
3 0 0 0 164.420 2.998 
3 0 0 1 103.660 2.742 
3 0 0 2 89.450 2.709 
3 0 0 3 140.073 3.191 
3 0 0 4 117.767 3.307 
3 0 0 5 129.620 3.053 
3 0 0 6 126.810 3.067 
3 0 0 7 115.363 2.879 
3 0 0 8 103.060 4.335 
3 0 0 9 141.610 4.410 
3 0 0 10 100.683 3.584 
3 0 0 11 130.790 3.326 
3 0 0 12 113.353 3.824 
3 0 0 13 104.253 4.082 
3 0 0 14 132.667 4.613 
3 0 0 15 85.763 6.181 
3 0 0 16 148.957 8.433 
3 0 0 17 124.210 5.056 
3 0 0 18 140.943 3.094 
3 0 0 19 130.233 2.863 
3 0 0 20 77.050 2.950 
3 0 0 21 128.837 4.829 
3 0 0 22 154.483 5.831 
3 0 0 23 94.907 5.744 
3 0 0 24 122.237 5.665 
3 0 0 25 151.200 4.548 
3 0 0 26 110.273 4.091 
3 0 0 27 107.377 3.443 
3 0 0 28 115.017 2.381 
3 0 0 29 114.670 2.930 
3 0 0 30 123.870 3.303 
3 0 0 31 121.293 4.815 
3 0 1 0 93.017 0.705 
3 0 1 1 131.150 3.542 
3 0 1 2 112.077 3.499 
3 0 1 3 129.390 3.414 
3 0 1 4 135.860 3.341 
3 0 1 5 174.427 3.675 
3 0 1 6 101.157 3.174 
3 0 1 7 111.520 5.291 
3 0 1 8 136.953 3.602 
3 0 1 9 127.940 3.594 
3 0 1 10 120.127 3.799 
3 0 1 11 97.933 3.520 
3 0 1 12 79.997 3.642 
3 0 1 13 146.667 4.012 
3 0 1 14 67.467 3.591 
3 0 1 15 92.660 4.615 
3 0 1 16 143.877 4.216 
3 0 1 17 112.007 3.575 
3 0 1 18 102.107 3.429 
3 0 1 19 103.587 3.503 
3 0 1 20 84.040 3.105 
3 0 1 21 115.800 3.472 
3 0 1 22 73.763 2.963 
3 0 1 23 101.797 3.990 
3 0 1 24 109.070 3.274 
3 0 1 25 133.610 3.363 
3 0 1 26 163.747 3.247 
3 0 1 27 93.137 3.315 
3 0 1 28 100.150 3.445 
3 0 1 29 116.227 3.522 
3 0 1 30 94.390 3.509 
3 0 1 31 77.810 3.579 
3 0 2 0 115.417 2.989 
3 0 2 1 130.877 3.089 
3 0 2 2 113.627 2.913 
3 0 2 3 97.117 2.453 
3 0 2 4 122.077 2.904 
3 0 2 5 145.843 2.819 
3 0 2 6 115.620 2.828 
3 0 2 7 180.500 2.801 
3 0 2 8 106.783 3.494 
3 0 2 9 137.070 3.390 
3 0 2 10 109.870 3.659 
3 0 2 11 105.533 3.157 
3 0 2 12 114.110 3.660 
3 0 2 13 119.487 3.911 
3 0 2 14 119.237 4.016 
3 0 2 15 102.247 4.410 
3 0 2 16 104.870 2.348 
3 0 2 17 110.700 2.854 
3 0 2 18 134.600 2.338 
3 0 2 19 119.173 2.594 
3 0 2 20 88.660 2.365 
3 0 2 21 120.570 2.586 
3 0 2 22 107.500 2.590 
3 0 2 23 108.277 2.683 
3 0 2 24 132.630 2.847 
3 0 2 25 131.800 2.466 
3 0 2 26 126.010 2.700 
3 0 2 27 126.153 2.774 
3 0 2 28 95.420 2.456 
3 0 2 29 104.043 2.462 
3 0 2 30 123.413 2.711 
3 0 2 31 170.057 2.763 
3 0 3 0 94.673 40.897 
3 0 3 1 126.767 50.442 
3 0 3 2 169.220 50.415 
3 0 3 3 161.473 44.723 
3 0 3 4 76.120 27.941 
3 0 3 5 140.520 24.663 
3 0 3 6 124.020 11.962 
3 0 3 7 108.937 5.364 
3 0 3 8 120.527 7.634 
3 0 3 9 113.690 12.389 
3 0 3 10 123.863 11.556 
3 0 3 11 105.887 9.498 
3 0 3 12 103.037 8.488 
3 0 3 13 108.360 10.069 
3 0 3 14 160.890 10.335 
3 0 3 15 114.063 6.974 
3 0 3 16 110.143 3.437 
3 0 3 17 124.473 3.467 
3 0 3 18 94.887 3.520 
3 0 3 19 116.763 3.573 
3 0 3 20 159.590 3.682 
3 0 3 21 136.843 3.257 
3 0 3 22 126.517 3.418 
3 0 3 23 159.663 3.421 
3 0 3 24 138.770 8.916 
3 0 3 25 140.660 6.988 
3 0 3 26 114.177 6.506 
3 0 3 27 124.560 4.834 
3 0 3 28 98.173 4.076 
3 0 3 29 130.550 3.493 
3 0 3 30 121.397 3.422 
3 0 3 31 142.363 3.316 
3 0 4 0 161.623 36.763 
3 0 4 1 151.117 55.806 
3 0 4 2 121.050 56.340 
3 0 4 3 117.417 56.739 
3 0 4 4 144.523 60.660 
3 0 4 5 124.087 58.922 
3 0 4 6 114.537 53.911 
3 0 4 7 111.523 43.256 
3 0 4 8 108.737 54.493 
3 0 4 9 91.930 48.952 
3 0 4 10 115.717 64.408 
3 0 4 11 109.030 62.003 
3 0 4 12 141.213 71.148 
3 0 4 13 95.290 55.066 
3 0 4 14 116.257 67.041 
3 0 4 15 92.110 50.629 
3 0 4 16 100.677 52.672 
3 0 4 17 121.890 62.169 
3 0 4 18 133.537 64.333 
3 0 4 19 139.003 61.772 
3 0 4 20 132.950 64.404 
3 0 4 21 115.240 61.833 
3 0 4 22 94.567 50.703 
3 0 4 23 136.033 60.438 
3 0 4 24 160.487 78.515 
3 0 4 25 129.327 66.110 
3 0 4 26 91.340 54.539 
3 0 4 27 134.360 71.686 
3 0 4 28 95.163 53.255 
3 0 4 29 108.700 58.632 
3 0 4 30 103.707 48.982 
3 0 4 31 99.467 46.670 
3 0 5 0 120.533 10.360 
3 0 5 1 128.410 20.106 
3 0 5 2 136.500 25.151 
3 0 5 3 89.783 22.328 
3 0 5 4 114.730 23.510 
3 0 5 5 133.393 19.432 
3 0 5 6 99.100 10.551 
3 0 5 7 124.227 6.477 
3 0 5 8 125.917 48.935 
3 0 5 9 125.283 61.101 
3 0 5 10 136.507 61.623 
3 0 5 11 103.033 49.448 
3 0 5 12 73.300 45.475 
3 0 5 13 99.467 47.101 
3 0 5 14 121.050 47.310 
3 0 5 15 119.060 33.265 
3 0 5 16 120.570 44.878 
3 0 5 17 129.267 57.706 
3 0 5 18 72.493 49.953 
3 0 5 19 124.303 63.688 
3 0 5 20 139.543 66.671 
3 0 5 21 127.827 59.208 
3 0 5 22 113.197 55.745 
3 0 5 23 109.677 41.665 
3 0 5 24 109.747 1.024 
3 0 5 25 140.430 1.038 
3 0 5 26 145.963 0.950 
3 0 5 27 121.810 0.784 
3 0 5 28 149.280 0.917 
3 0 5 29 155.363 1.104 
3 0 5 30 108.673 0.949 
3 0 5 31 151.933 1.138 
3 1 0 0 139.470 4.277 
3 1 0 1 100.197 3.588 
3 1 0 2 137.373 2.942 
3 1 0 3 117.673 3.315 
3 1 0 4 106.707 3.179 
3 1 0 5 96.793 3.914 
3 1 0 6 101.890 5.527 
3 1 0 7 88.457 0.876 
3 1 0 8 105.567 6.447 
3 1 0 9 109.717 6.163 
3 1 0 10 97.430 4.685 
3 1 0 11 111.370 4.037 
3 1 0 12 107.617 3.999 
3 1 0 13 64.310 3.783 
3 1 0 14 93.963 5.416 
3 1 0 15 109.070 9.226 
3 1 0 16 134.693 5.984 
3 1 0 17 115.700 3.961 
3 1 0 18 107.090 3.052 
3 1 0 19 134.523 3.033 
3 1 0 20 132.930 3.009 
3 1 0 21 116.733 3.370 
3 1 0 22 124.843 3.702 
3 1 0 23 86.003 3.336 
3 1 0 24 135.463 2.963 
3 1 0 25 96.407 2.797 
3 1 0 26 96.703 2.980 
3 1 0 27 113.390 2.688 
3 1 0 28 142.010 2.648 
3 1 0 29 134.583 2.284 
3 1 0 30 92.277 2.531 
3 1 0 31 89.173 2.725 
3 1 1 0 98.720 11.517 
3 1 1 1 144.633 10.903 
3 1 1 2 116.597 11.619 
3 1 1 3 125.753 11.305 
3 1 1 4 132.290 11.277 
3 1 1 5 94.447 10.453 
3 1 1 6 76.757 10.320 
3 1 1 7 122.870 11.610 
3 1 1 8 109.213 12.255 
3 1 1 9 124.183 11.906 
3 1 1 10 139.710 11.855 
3 1 1 11 125.373 11.675 
3 1 1 12 91.497 12.281 
3 1 1 13 121.870 12.197 
3 1 1 14 106.717 12.667 
3 1 1 15 109.763 12.011 
3 1 1 16 125.310 13.081 
3 1 1 17 85.640 11.283 
3 1 1 18 107.230 12.355 
3 1 1 19 134.343 12.288 
3 1 1 20 82.877 10.737 
3 1 1 21 130.590 11.115 
3 1 1 22 99.697 11.077 
3 1 1 23 98.627 11.554 
3 1 1 24 122.863 11.962 
3 1 1 25 78.517 11.030 
3 1 1 26 109.883 11.986 
3 1 1 27 139.173 13.880 
3 1 1 28 91.490 14.898 
3 1 1 29 107.270 18.530 
3 1 1 30 94.813 19.536 
3 1 1 31 94.773 24.697 
3 1 2 0 87.227 2.301 
3 1 2 1 140.820 2.551 
3 1 2 2 112.130 2.464 
3 1 2 3 118.943 2.514 
3 1 2 4 97.787 2.424 
3 1 2 5 118.683 2.483 
3 1 2 6 133.807 2.447 
3 1 2 7 135.593 2.494 
3 1 2 8 118.533 3.513 
3 1 2 9 123.163 3.506 
3 1 2 10 132.197 3.444 
3 1 2 11 115.760 3.320 
3 1 2 12 104.477 3.623 
3 1 2 13 92.310 3.946 
3 1 2 14 132.390 4.327 
3 1 2 15 111.897 5.174 
3 1 2 16 124.567 2.878 
3 1 2 17 107.973 2.493 
3 1 2 18 100.270 2.392 
3 1 2 19 141.590 2.838 
3 1 2 20 68.877 2.103 
3 1 2 21 109.240 2.572 
3 1 2 22 109.587 2.743 
3 1 2 23 116.553 2.640 
3 1 2 24 96.177 2.554 
3 1 2 25 145.900 2.738 
3 1 2 26 118.683 2.766 
3 1 2 27 136.270 2.355 
3 1 2 28 122.393 2.714 
3 1 2 29 123.210 2.534 
3 1 2 30 90.473 2.477 
3 1 2 31 99.200 2.180 
3 1 3 0 107.173 3.026 
3 1 3 1 148.303 2.587 
3 1 3 2 133.790 2.321 
3 1 3 3 128.807 2.957 
3 1 3 4 67.847 2.269 
3 1 3 5 78.093 2.494 
3 1 3 6 107.580 2.753 
3 1 3 7 86.410 2.669 
3 1 3 8 108.203 3.605 
3 1 3 9 116.233 3.493 
3 1 3 10 78.800 3.353 
3 1 3 11 109.843 3.442 
3 1 3 12 117.950 3.856 
3 1 3 13 113.557 4.101 
3 1 3 14 147.827 4.141 
3 1 3 15 148.113 4.669 
3 1 3 16 120.050 2.652 
3 1 3 17 75.627 2.264 
3 1 3 18 118.577 2.910 
3 1 3 19 114.383 2.547 
3 1 3 20 143.587 3.061 
3 1 3 21 108.040 2.893 
3 1 3 22 147.583 3.361 
3 1 3 23 177.923 0.729 
3 1 3 24 99.927 3.131 
3 1 3 25 107.180 2.925 
3 1 3 26 148.350 2.768 
3 1 3 27 119.467 2.517 
3 1 3 28 137.093 2.928 
3 1 3 29 120.717 2.669 
3 1 3 30 91.253 2.222 
3 1 3 31 135.577 2.517 
3 1 4 0 93.363 49.165 
3 1 4 1 122.197 61.908 
3 1 4 2 127.310 71.220 
3 1 4 3 152.927 72.975 
3 1 4 4 126.450 69.142 
3 1 4 5 134.243 74.290 
3 1 4 6 122.480 67.657 
3 1 4 7 154.667 73.480 
3 1 4 8 118.000 63.349 
3 1 4 9 161.907 76.213 
3 1 4 10 85.127 53.692 
3 1 4 11 167.753 75.050 
3 1 4 12 127.623 72.301 
3 1 4 13 122.610 68.395 
3 1 4 14 134.430 73.266 
3 1 4 15 130.087 66.193 
3 1 4 16 113.660 53.127 
3 1 4 17 108.487 58.508 
3 1 4 18 125.533 66.633 
3 1 4 19 99.150 56.654 
3 1 4 20 125.857 67.020 
3 1 4 21 143.273 75.851 
3 1 4 22 111.747 67.802 
3 1 4 23 150.207 74.145 
3 1 4 24 117.997 72.790 
3 1 4 25 142.240 79.430 
3 1 4 26 144.013 71.391 
3 1 4 27 110.253 58.807 
3 1 4 28 123.280 64.822 
3 1 4 29 103.967 58.721 
3 1 4 30 111.850 58.085 
3 1 4 31 78.593 41.757 
3 1 5 0 99.457 22.401 
3 1 5 1 126.643 29.707 
3 1 5 2 119.843 34.405 
3 1 5 3 90.480 24.965 
3 1 5 4 73.490 22.325 
3 1 5 5 118.653 25.860 
3 1 5 6 104.763 22.788 
3 1 5 7 162.190 22.445 
3 1 5 8 103.643 60.872 
3 1 5 9 109.347 62.968 
3 1 5 10 92.897 61.739 
3 1 5 11 106.103 67.823 
3 1 5 12 152.240 69.877 
3 1 5 13 106.013 60.858 
3 1 5 14 118.520 65.292 
3 1 5 15 95.267 49.380 
3 1 5 16 138.360 55.441 
3 1 5 17 149.990 68.827 
3 1 5 18 153.790 69.483 
3 1 5 19 84.690 56.778 
3 1 5 20 121.343 64.650 
3 1 5 21 102.187 61.818 
3 1 5 22 124.297 64.736 
3 1 5 23 127.377 53.058 
3 1 5 24 88.813 22.487 
3 1 5 25 125.300 20.677 
3 1 5 26 89.003 15.291 
3 1 5 27 190.817 16.680 
3 1 5 28 146.153 16.042 
3 1 5 29 138.857 16.694 
3 1 5 30 119.770 16.705 
3 1 5 31 114.287 10.867 
3 2 0 0 88.293 2.787 
3 2 0 1 122.923 2.842 
3 2 0 2 73.543 2.276 
3 2 0 3 82.223 2.729 
3 2 0 4 120.317 3.199 
3 2 0 5 116.120 3.236 
3 2 0 6 83.357 2.601 
3 2 0 7 108.533 3.025 
3 2 0 8 104.110 4.737 
3 2 0 9 125.120 4.211 
3 2 0 10 88.763 3.804 
3 2 0 11 106.623 3.747 
3 2 0 12 116.560 3.863 
3 2 0 13 74.300 3.898 
3 2 0 14 122.773 4.551 
3 2 0 15 149.337 5.402 
3 2 0 16 102.490 3.445 
3 2 0 17 120.653 2.955 
3 2 0 18 101.310 2.792 
3 2 0 19 124.987 2.811 
3 2 0 20 155.157 3.070 
3 2 0 21 114.333 2.991 
3 2 0 22 158.797 3.119 
3 2 0 23 133.397 2.693 
3 2 0 24 86.703 2.457 
3 2 0 25 111.400 2.694 
3 2 0 26 122.777 3.059 
3 2 0 27 131.010 2.568 
3 2 0 28 120.743 2.592 
3 2 0 29 127.460 2.705 
3 2 0 30 143.353 2.831 
3 2 0 31 143.167 2.868 
3 2 1 0 114.133 2.435 
3 2 1 1 107.027 2.436 
3 2 1 2 151.140 2.636 
3 2 1 3 124.207 2.553 
3 2 1 4 103.613 2.785 
3 2 1 5 120.733 2.737 
3 2 1 6 147.497 2.900 
3 2 1 7 97.477 2.783 
3 2 1 8 114.107 3.729 
3 2 1 9 105.883 3.828 
3 2 1 10 128.957 3.854 
3 2 1 11 96.197 3.249 
3 2 1 12 154.907 3.382 
3 2 1 13 122.247 3.483 
3 2 1 14 119.810 4.378 
3 2 1 15 134.490 4.956 
3 2 1 16 93.310 3.336 
3 2 1 17 128.220 6.078 
3 2 1 18 111.487 5.160 
3 2 1 19 138.790 5.106 
3 2 1 20 134.143 4.613 
3 2 1 21 115.037 5.917 
3 2 1 22 98.410 7.690 
3 2 1 23 126.357 5.182 
3 2 1 24 66.147 11.785 
3 2 1 25 143.350 13.213 
3 2 1 26 138.887 5.586 
3 2 1 27 96.510 3.069 
3 2 1 28 141.520 2.720 
3 2 1 29 107.430 2.296 
3 2 1 30 113.577 2.965 
3 2 1 31 99.647 3.430 
3 2 2 0 140.463 18.952 
3 2 2 1 137.760 24.344 
3 2 2 2 134.397 34.361 
3 2 2 3 83.610 38.840 
3 2 2 4 178.810 67.093 
3 2 2 5 125.577 70.442 
3 2 2 6 160.393 72.723 
3 2 2 7 133.760 68.138 
3 2 2 8 96.980 45.056 
3 2 2 9 79.407 47.745 
3 2 2 10 129.310 61.237 
3 2 2 11 141.627 55.071 
3 2 2 12 124.957 51.915 
3 2 2 13 114.333 55.909 
3 2 2 14 97.367 50.128 
3 2 2 15 146.767 52.556 
3 2 2 16 115.043 49.825 
3 2 2 17 139.750 63.010 
3 2 2 18 123.633 67.543 
3 2 2 19 145.430 70.621 
3 2 2 20 155.123 76.759 
3 2 2 21 90.920 58.441 
3 2 2 22 148.067 73.548 
3 2 2 23 116.990 71.374 
3 2 2 24 99.387 48.616 
3 2 2 25 168.673 64.770 
3 2 2 26 112.073 59.152 
3 2 2 27 94.727 53.025 
3 2 2 28 124.903 54.855 
3 2 2 29 115.810 55.967 
3 2 2 30 144.907 60.823 
3 2 2 31 119.210 41.747 
3 2 3 0 129.117 16.813 
3 2 3 1 110.543 16.826 
3 2 3 2 160.710 16.524 
3 2 3 3 106.760 16.278 
3 2 3 4 135.573 16.900 
3 2 3 5 138.550 17.816 
3 2 3 6 104.967 16.688 
3 2 3 7 117.377 18.802 
3 2 3 8 76.597 17.800 
3 2 3 9 92.717 17.958 
3 2 3 10 86.017 17.533 
3 2 3 11 100.943 17.690 
3 2 3 12 120.617 18.566 
3 2 3 13 102.927 19.302 
3 2 3 14 104.070 19.361 
3 2 3 15 151.783 21.977 
3 2 3 16 103.960 17.921 
3 2 3 17 158.940 17.594 
3 2 3 18 143.260 17.251 
3 2 3 19 122.223 17.898 
3 2 3 20 126.493 22.691 
3 2 3 21 117.540 23.231 
3 2 3 22 118.753 21.267 
3 2 3 23 101.210 19.435 
3 2 3 24 150.443 35.642 
3 2 3 25 103.843 38.718 
3 2 3 26 117.110 39.129 
3 2 3 27 162.500 37.025 
3 2 3 28 106.903 28.974 
3 2 3 29 143.713 26.702 
3 2 3 30 103.430 20.247 
3 2 3 31 121.017 17.513 
3 2 4 0 119.390 73.297 
3 2 4 1 128.647 81.645 
3 2 4 2 122.857 80.181 
3 2 4 3 137.577 88.133 
3 2 4 4 115.543 77.962 
3 2 4 5 167.827 97.834 
3 2 4 6 143.177 97.586 
3 2 4 7 161.850 104.284 
3 2 4 8 110.843 92.717 
3 2 4 9 143.780 101.891 
3 2 4 10 114.257 79.942 
3 2 4 11 121.770 81.911 
3 2 4 12 110.493 80.896 
3 2 4 13 100.833 72.598 
3 2 4 14 146.823 92.424 
3 2 4 15 82.700 58.631 
3 2 4 16 155.550 85.674 
3 2 4 17 116.640 81.167 
3 2 4 18 154.213 94.510 
3 2 4 19 117.860 78.067 
3 2 4 20 132.883 85.671 
3 2 4 21 70.353 63.369 
3 2 4 22 115.637 86.073 
3 2 4 23 116.783 82.022 
3 2 4 24 128.977 101.348 
3 2 4 25 118.850 87.153 
3 2 4 26 137.250 98.472 
3 2 4 27 130.993 93.063 
3 2 4 28 138.237 89.311 
3 2 4 29 130.977 84.253 
3 2 4 30 144.093 86.912 
3 2 4 31 126.240 78.199 
3 2 5 0 119.167 39.146 
3 2 5 1 114.883 48.718 
3 2 5 2 75.850 35.361 
3 2 5 3 130.070 49.269 
3 2 5 4 118.620 41.511 
3 2 5 5 90.213 33.073 
3 2 5 6 83.947 31.668 
3 2 5 7 126.347 27.770 
3 2 5 8 109.647 68.964 
3 2 5 9 122.550 80.023 
3 2 5 10 89.017 61.377 
3 2 5 11 126.463 81.009 
3 2 5 12 108.850 70.332 
3 2 5 13 124.860 71.663 
3 2 5 14 154.817 76.267 
3 2 5 15 113.877 53.210 
3 2 5 16 163.063 62.469 
3 2 5 17 124.563 70.699 
3 2 5 18 128.957 75.349 
3 2 5 19 127.463 78.015 
3 2 5 20 98.607 61.889 
3 2 5 21 141.703 83.369 
3 2 5 22 145.643 87.843 
3 2 5 23 126.757 73.687 
3 2 5 24 107.730 66.015 
3 2 5 25 137.510 69.101 
3 2 5 26 89.893 57.488 
3 2 5 27 158.483 60.897 
3 2 5 28 128.813 52.801 
3 2 5 29 110.750 42.719 
3 2 5 30 110.023 38.124 
3 2 5 31 98.417 33.009 
3 3 0 0 86.640 3.650 
3 3 0 1 103.947 3.779 
3 3 0 2 118.077 4.437 
3 3 0 3 113.197 4.306 
3 3 0 4 149.903 4.282 
3 3 0 5 113.980 4.590 
3 3 0 6 145.497 4.377 
3 3 0 7 131.863 4.709 
3 3 0 8 73.217 4.684 
3 3 0 9 110.780 5.828 
3 3 0 10 141.287 5.697 
3 3 0 11 101.440 5.517 
3 3 0 12 98.340 5.533 
3 3 0 13 111.453 6.594 
3 3 0 14 127.773 6.849 
3 3 0 15 117.987 8.531 
3 3 0 16 135.623 6.276 
3 3 0 17 105.023 5.155 
3 3 0 18 135.710 5.491 
3 3 0 19 98.720 5.752 
3 3 0 20 127.320 6.164 
3 3 0 21 95.637 5.698 
3 3 0 22 138.437 6.405 
3 3 0 23 167.997 6.653 
3 3 0 24 152.017 45.691 
3 3 0 25 118.880 54.191 
3 3 0 26 142.407 60.110 
3 3 0 27 149.007 55.853 
3 3 0 28 145.857 58.176 
3 3 0 29 180.937 55.144 
3 3 0 30 114.447 44.091 
3 3 0 31 190.123 30.864 
3 3 1 0 109.073 10.645 
3 3 1 1 128.597 11.494 
3 3 1 2 103.337 11.023 
3 3 1 3 145.940 11.058 
3 3 1 4 178.147 12.027 
3 3 1 5 113.707 12.187 
3 3 1 6 116.940 11.490 
3 3 1 7 106.210 12.708 
3 3 1 8 105.503 12.689 
3 3 1 9 102.600 12.517 
3 3 1 10 155.663 12.911 
3 3 1 11 109.450 12.591 
3 3 1 12 140.983 12.731 
3 3 1 13 110.517 12.332 
3 3 1 14 97.433 13.023 
3 3 1 15 118.630 14.097 
3 3 1 16 110.067 14.099 
3 3 1 17 77.097 15.293 
3 3 1 18 101.283 12.960 
3 3 1 19 101.843 13.673 
3 3 1 20 72.600 17.182 
3 3 1 21 96.087 23.736 
3 3 1 22 124.767 25.955 
3 3 1 23 116.687 25.029 
3 3 1 24 126.257 15.453 
3 3 1 25 108.177 13.925 
3 3 1 26 114.970 12.289 
3 3 1 27 114.937 11.776 
3 3 1 28 87.713 11.086 
3 3 1 29 138.140 11.374 
3 3 1 30 124.730 11.309 
3 3 1 31 113.683 10.672 
3 3 2 0 99.990 59.080 
3 3 2 1 120.263 70.548 
3 3 2 2 94.310 68.643 
3 3 2 3 121.073 72.323 
3 3 2 4 143.757 87.917 
3 3 2 5 137.647 87.037 
3 3 2 6 137.087 91.552 
3 3 2 7 171.040 91.688 
3 3 2 8 149.390 89.852 
3 3 2 9 133.307 88.081 
3 3 2 10 104.963 74.680 
3 3 2 11 134.653 84.420 
3 3 2 12 150.480 87.171 
3 3 2 13 112.487 74.500 
3 3 2 14 104.173 63.457 
3 3 2 15 89.920 56.009 
3 3 2 16 150.910 80.135 
3 3 2 17 129.850 80.933 
3 3 2 18 148.407 84.574 
3 3 2 19 95.363 69.175 
3 3 2 20 145.667 90.953 
3 3 2 21 102.693 76.032 
3 3 2 22 102.540 76.754 
3 3 2 23 123.930 90.865 
3 3 2 24 145.787 105.922 
3 3 2 25 134.140 98.955 
3 3 2 26 132.020 97.738 
3 3 2 27 124.827 88.350 
3 3 2 28 161.157 92.087 
3 3 2 29 110.093 77.082 
3 3 2 30 131.677 77.746 
3 3 2 31 106.083 63.237 
3 3 3 0 104.437 50.761 
3 3 3 1 146.337 77.836 
3 3 3 2 130.457 78.350 
3 3 3 3 123.360 69.323 
3 3 3 4 131.157 77.577 
3 3 3 5 135.663 81.189 
3 3 3 6 128.323 73.733 
3 3 3 7 111.677 63.158 
3 3 3 8 105.710 47.021 
3 3 3 9 109.877 62.158 
3 3 3 10 164.113 80.854 
3 3 3 11 125.923 74.305 
3 3 3 12 138.653 75.523 
3 3 3 13 138.080 77.835 
3 3 3 14 126.747 69.992 
3 3 3 15 142.467 62.366 
3 3 3 16 77.257 4.608 
3 3 3 17 144.587 76.450 
3 3 3 18 143.173 87.682 
3 3 3 19 102.693 69.252 
3 3 3 20 115.143 75.343 
3 3 3 21 104.973 77.961 
3 3 3 22 177.721 107.923 
3 3 3 23 106.763 77.277 
3 3 3 24 136.574 99.712 
3 3 3 25 170.579 108.113 
3 3 3 26 176.803 103.057 
3 3 3 27 145.217 92.213 
3 3 3 28 163.477 91.869 
3 3 3 29 140.840 77.932 
3 3 3 30 140.743 73.024 
3 3 3 31 146.403 61.642 
3 3 4 0 118.163 68.570 
3 3 4 1 164.793 85.266 
3 3 4 2 155.173 88.174 
3 3 4 3 114.773 79.049 
3 3 4 4 92.420 75.358 
3 3 4 5 124.400 87.726 
3 3 4 6 88.533 73.511 
3 3 4 7 149.837 100.051 
3 3 4 8 150.250 104.234 
3 3 4 9 105.427 81.589 
3 3 4 10 137.433 98.781 
3 3 4 11 88.387 72.688 
3 3 4 12 162.060 93.778 
3 3 4 13 121.557 85.835 
3 3 4 14 126.617 80.388 
3 3 4 15 119.043 72.755 
3 3 4 16 133.787 75.011 
3 3 4 17 128.053 82.343 
3 3 4 18 105.620 78.764 
3 3 4 19 99.640 77.108 
3 3 4 20 124.720 90.201 
3 3 4 21 116.323 77.503 
3 3 4 22 142.837 100.051 
3 3 4 23 128.920 96.678 
3 3 4 24 110.847 97.543 
3 3 4 25 142.130 106.149 
3 3 4 26 106.100 91.307 
3 3 4 27 139.947 98.565 
3 3 4 28 99.703 75.768 
3 3 4 29 109.683 83.398 
3 3 4 30 159.580 86.941 
3 3 4 31 177.260 78.992 
3 3 5 0 81.043 14.582 
3 3 5 1 75.813 16.476 
3 3 5 2 140.467 16.556 
3 3 5 3 97.660 12.961 
3 3 5 4 102.677 12.559 
3 3 5 5 124.287 12.933 
3 3 5 6 107.360 14.426 
3 3 5 7 132.113 16.644 
3 3 5 8 119.753 62.108 
3 3 5 9 142.020 75.513 
3 3 5 10 126.537 70.477 
3 3 5 11 151.810 78.102 
3 3 5 12 109.173 69.571 
3 3 5 13 140.020 72.969 
3 3 5 14 119.483 64.076 
3 3 5 15 113.120 57.023 
3 3 5 16 119.953 54.107 
3 3 5 17 131.907 72.796 
3 3 5 18 130.693 79.364 
3 3 5 19 132.040 76.292 
3 3 5 20 114.037 80.847 
3 3 5 21 139.807 89.055 
3 3 5 22 135.450 87.220 
3 3 5 23 130.960 80.899 
3 3 5 24 118.320 73.391 
3 3 5 25 148.277 75.047 
3 3 5 26 158.840 73.747 
3 3 5 27 117.273 64.869 
3 3 5 28 189.253 63.971 
3 3 5 29 139.987 59.482 
3 3 5 30 126.967 53.843 
3 3 5 31 166.683 53.520 
3 4 0 0 118.933 5.786 
3 4 0 1 143.527 4.699 
3 4 0 2 125.167 4.641 
3 4 0 3 141.523 16.955 
3 4 0 4 111.853 4.838 
3 4 0 5 82.357 7.609 
3 4 0 6 70.980 20.939 
3 4 0 7 110.593 25.407 
3 4 0 8 112.850 5.702 
3 4 0 9 123.600 5.565 
3 4 0 10 82.457 4.747 
3 4 0 11 94.813 5.172 
3 4 0 12 108.057 5.098 
3 4 0 13 116.703 5.375 
3 4 0 14 113.147 5.928 
3 4 0 15 106.933 6.952 
3 4 0 16 130.863 7.511 
3 4 0 17 109.443 6.169 
3 4 0 18 123.573 6.151 
3 4 0 19 134.757 5.836 
3 4 0 20 71.503 5.619 
3 4 0 21 122.253 6.846 
3 4 0 22 74.963 5.578 
3 4 0 23 109.433 6.482 
3 4 0 24 132.147 36.914 
3 4 0 25 111.003 39.762 
3 4 0 26 131.383 47.516 
3 4 0 27 120.213 51.220 
3 4 0 28 72.783 42.909 
3 4 0 29 133.810 53.741 
3 4 0 30 98.987 48.610 
3 4 0 31 148.567 45.594 
3 4 1 0 86.693 19.362 
3 4 1 1 140.893 20.851 
3 4 1 2 116.940 20.986 
3 4 1 3 127.873 20.459 
3 4 1 4 124.927 20.451 
3 4 1 5 137.570 20.277 
3 4 1 6 150.287 22.078 
3 4 1 7 137.357 20.442 
3 4 1 8 117.570 25.261 
3 4 1 9 130.713 27.318 
3 4 1 10 131.713 24.541 
3 4 1 11 161.740 24.223 
3 4 1 12 127.537 23.215 
3 4 1 13 147.650 22.269 
3 4 1 14 129.260 22.466 
3 4 1 15 130.970 23.234 
3 4 1 16 153.603 42.503 
3 4 1 17 162.953 63.946 
3 4 1 18 107.410 65.217 
3 4 1 19 159.043 75.475 
3 4 1 20 168.840 80.731 
3 4 1 21 112.270 71.093 
3 4 1 22 162.450 81.594 
3 4 1 23 142.733 76.186 
3 4 1 24 144.517 36.103 
3 4 1 25 134.050 43.718 
3 4 1 26 77.130 44.448 
3 4 1 27 127.923 54.917 
3 4 1 28 122.970 49.393 
3 4 1 29 116.103 50.580 
3 4 1 30 158.907 51.700 
3 4 1 31 108.797 43.148 
3 4 2 0 113.133 5.187 
3 4 2 1 119.317 7.962 
3 4 2 2 104.417 13.428 
3 4 2 3 157.680 20.421 
3 4 2 4 93.160 17.488 
3 4 2 5 139.643 21.575 
3 4 2 6 145.060 17.800 
3 4 2 7 136.167 21.976 
3 4 2 8 110.033 6.545 
3 4 2 9 168.963 5.646 
3 4 2 10 116.640 5.410 
3 4 2 11 118.640 5.496 
3 4 2 12 99.503 5.437 
3 4 2 13 88.593 5.531 
3 4 2 14 134.317 6.118 
3 4 2 15 122.443 7.410 
3 4 2 16 173.520 20.363 
3 4 2 17 144.293 26.531 
3 4 2 18 108.410 23.153 
3 4 2 19 86.787 22.217 
3 4 2 20 93.567 19.750 
3 4 2 21 93.367 13.734 
3 4 2 22 119.913 11.304 
3 4 2 23 64.403 7.339 
3 4 2 24 118.503 63.820 
3 4 2 25 172.417 76.803 
3 4 2 26 123.333 54.808 
3 4 2 27 135.110 56.193 
3 4 2 28 126.463 45.061 
3 4 2 29 164.550 35.637 
3 4 2 30 154.423 17.204 
3 4 2 31 125.280 8.935 
3 4 3 0 160.457 71.941 
3 4 3 1 117.727 73.313 
3 4 3 2 152.487 85.599 
3 4 3 3 150.897 88.660 
3 4 3 4 136.260 85.503 
3 4 3 5 140.403 89.554 
3 4 3 6 130.873 88.364 
3 4 3 7 163.313 107.662 
3 4 3 8 118.730 86.683 
3 4 3 9 163.593 98.098 
3 4 3 10 142.023 94.280 
3 4 3 11 136.983 88.545 
3 4 3 12 103.043 71.125 
3 4 3 13 139.353 84.611 
3 4 3 14 170.137 92.595 
3 4 3 15 161.090 84.003 
3 4 3 16 153.380 83.177 
3 4 3 17 134.497 81.353 
3 4 3 18 164.230 97.379 
3 4 3 19 109.330 74.115 
3 4 3 20 160.470 100.295 
3 4 3 21 172.683 97.669 
3 4 3 22 121.693 78.820 
3 4 3 23 159.710 87.895 
3 4 3 24 120.490 81.871 
3 4 3 25 179.487 110.384 
3 4 3 26 133.877 93.692 
3 4 3 27 149.050 93.639 
3 4 3 28 146.737 94.622 
3 4 3 29 92.837 59.899 
3 4 3 30 150.337 89.458 
3 4 3 31 185.463 82.752 
3 4 4 0 120.490 38.864 
3 4 4 1 177.330 54.010 
3 4 4 2 130.767 65.624 
3 4 4 3 106.520 63.230 
3 4 4 4 122.260 73.701 
3 4 4 5 131.563 78.174 
3 4 4 6 96.140 71.169 
3 4 4 7 93.753 75.141 
3 4 4 8 136.787 92.734 
3 4 4 9 137.040 85.458 
3 4 4 10 159.067 84.376 
3 4 4 11 124.370 77.516 
3 4 4 12 101.717 68.896 
3 4 4 13 118.353 64.178 
3 4 4 14 155.230 64.183 
3 4 4 15 133.817 44.001 
3 4 4 16 61.767 36.211 
3 4 4 17 141.800 61.192 
3 4 4 18 85.353 49.172 
3 4 4 19 139.753 72.979 
3 4 4 20 163.200 84.809 
3 4 4 21 103.947 66.606 
3 4 4 22 103.197 69.230 
3 4 4 23 132.230 68.227 
3 4 4 24 104.670 61.394 
3 4 4 25 169.460 87.567 
3 4 4 26 136.573 75.309 
3 4 4 27 111.830 66.297 
3 4 4 28 104.737 64.647 
3 4 4 29 123.727 69.942 
3 4 4 30 168.083 67.959 
3 4 4 31 109.323 52.390 
3 4 5 0 169.467 6.666 
3 4 5 1 125.560 6.403 
3 4 5 2 100.457 7.238 
3 4 5 3 138.823 8.100 
3 4 5 4 143.200 8.735 
3 4 5 5 119.497 8.945 
3 4 5 6 145.970 8.417 
3 4 5 7 124.393 9.955 
3 4 5 8 148.823 80.119 
3 4 5 9 134.533 84.673 
3 4 5 10 153.207 79.785 
3 4 5 11 159.703 80.073 
3 4 5 12 136.177 73.520 
3 4 5 13 129.693 64.196 
3 4 5 14 138.770 63.612 
3 4 5 15 124.367 38.707 
3 4 5 16 133.477 5.270 
3 4 5 17 135.820 6.415 
3 4 5 18 144.590 8.691 
3 4 5 19 124.057 11.694 
3 4 5 20 92.867 16.770 
3 4 5 21 134.670 26.667 
3 4 5 22 242.827 34.689 
3 4 5 23 122.290 39.417 
3 4 5 24 176.887 5.282 
3 4 5 25 115.767 5.404 
3 4 5 26 138.943 5.143 
3 4 5 27 129.220 5.127 
3 4 5 28 127.047 4.990 
3 4 5 29 147.087 5.128 
3 4 5 30 149.667 4.469 
3 4 5 31 149.397 4.155 
3 5 0 0 107.187 15.594 
3 5 0 1 132.527 22.582 
3 5 0 2 157.877 23.657 
3 5 0 3 131.813 21.765 
3 5 0 4 82.790 17.416 
3 5 0 5 94.503 22.840 
3 5 0 6 132.240 32.499 
3 5 0 7 117.380 42.948 
3 5 0 8 141.647 6.307 
3 5 0 9 132.073 5.377 
3 5 0 10 120.267 5.539 
3 5 0 11 92.153 4.712 
3 5 0 12 121.823 5.331 
3 5 0 13 104.593 5.696 
3 5 0 14 131.903 5.612 
3 5 0 15 91.653 5.464 
3 5 0 16 127.400 4.465 
3 5 0 17 130.073 3.223 
3 5 0 18 128.737 2.856 
3 5 0 19 119.620 3.067 
3 5 0 20 122.467 3.491 
3 5 0 21 138.533 3.871 
3 5 0 22 131.670 3.908 
3 5 0 23 127.077 3.914 
3 5 0 24 156.007 3.870 
3 5 0 25 95.210 3.489 
3 5 0 26 136.707 3.030 
3 5 0 27 142.503 3.226 
3 5 0 28 89.720 2.796 
3 5 0 29 102.740 2.687 
3 5 0 30 115.857 3.314 
3 5 0 31 126.907 4.523 
3 5 1 0 132.463 6.213 
3 5 1 1 97.977 5.570 
3 5 1 2 106.233 6.286 
3 5 1 3 103.380 6.533 
3 5 1 4 116.837 6.871 
3 5 1 5 87.473 6.885 
3 5 1 6 138.700 7.611 
3 5 1 7 123.730 8.535 
3 5 1 8 129.970 47.348 
3 5 1 9 114.337 53.867 
3 5 1 10 107.180 54.844 
3 5 1 11 141.107 56.051 
3 5 1 12 137.460 52.355 
3 5 1 13 113.267 53.457 
3 5 1 14 112.393 53.014 
3 5 1 15 97.713 43.995 
3 5 1 16 76.647 4.435 
3 5 1 17 134.870 4.781 
3 5 1 18 100.197 4.597 
3 5 1 19 109.947 4.153 
3 5 1 20 136.883 4.682 
3 5 1 21 128.683 4.451 
3 5 1 22 84.237 3.930 
3 5 1 23 77.017 4.164 
3 5 1 24 109.553 4.051 
3 5 1 25 151.623 4.465 
3 5 1 26 92.277 4.277 
3 5 1 27 88.693 3.863 
3 5 1 28 90.827 4.008 
3 5 1 29 129.130 4.046 
3 5 1 30 95.927 4.069 
3 5 1 31 100.720 4.626 
3 5 2 0 104.990 68.691 
3 5 2 1 125.683 83.140 
3 5 2 2 135.933 92.952 
3 5 2 3 130.910 88.079 
3 5 2 4 139.880 90.242 
3 5 2 5 135.114 95.369 
3 5 2 6 131.893 93.733 
3 5 2 7 79.890 69.070 
3 5 2 8 131.448 97.989 
3 5 2 9 127.836 88.833 
3 5 2 10 141.779 99.222 
3 5 2 11 109.313 82.093 
3 5 2 12 143.732 95.924 
3 5 2 13 122.883 89.671 
3 5 2 14 144.677 92.745 
3 5 2 15 142.623 82.831 
3 5 2 16 140.037 77.577 
3 5 2 17 133.893 81.941 
3 5 2 18 112.027 73.246 
3 5 2 19 160.120 90.223 
3 5 2 20 103.137 64.847 
3 5 2 21 197.214 102.967 
3 5 2 22 155.753 89.834 
3 5 2 23 159.207 87.343 
3 5 2 24 121.560 67.532 
3 5 2 25 134.483 86.997 
3 5 2 26 147.970 89.233 
3 5 2 27 146.497 89.009 
3 5 2 28 139.070 82.155 
3 5 2 29 186.104 86.194 
3 5 2 30 108.143 68.503 
3 5 2 31 108.753 63.771 
3 5 3 0 109.793 57.603 
3 5 3 1 115.060 70.171 
3 5 3 2 125.790 68.929 
3 5 3 3 122.113 69.154 
3 5 3 4 121.933 71.023 
3 5 3 5 139.540 80.958 
3 5 3 6 98.817 70.162 
3 5 3 7 92.827 65.364 
3 5 3 8 122.043 71.839 
3 5 3 9 101.793 75.575 
3 5 3 10 113.903 74.242 
3 5 3 11 162.630 80.820 
3 5 3 12 111.720 68.708 
3 5 3 13 86.770 61.554 
3 5 3 14 103.760 69.975 
3 5 3 15 111.277 68.466 
3 5 3 16 114.440 1.283 
3 5 3 17 172.827 88.267 
3 5 3 18 101.143 70.814 
3 5 3 19 130.113 75.486 
3 5 3 20 67.870 55.206 
3 5 3 21 124.970 75.093 
3 5 3 22 97.847 67.245 
3 5 3 23 114.960 65.168 
3 5 3 24 111.930 79.722 
3 5 3 25 67.223 56.872 
3 5 3 26 96.250 72.800 
3 5 3 27 166.877 82.261 
3 5 3 28 109.140 73.442 
3 5 3 29 125.880 75.423 
3 5 3 30 137.237 77.576 
3 5 3 31 130.090 62.946 
3 5 4 0 89.960 57.365 
3 5 4 1 108.157 69.238 
3 5 4 2 132.173 70.313 
3 5 4 3 131.393 68.529 
3 5 4 4 129.993 71.735 
3 5 4 5 115.750 60.638 
3 5 4 6 122.407 73.758 
3 5 4 7 125.143 65.404 
3 5 4 8 131.733 49.423 
3 5 4 9 128.747 64.206 
3 5 4 10 121.350 66.772 
3 5 4 11 137.813 72.985 
3 5 4 12 142.660 75.084 
3 5 4 13 98.043 61.281 
3 5 4 14 122.763 68.275 
3 5 4 15 124.607 64.529 
3 5 4 16 132.623 64.444 
3 5 4 17 139.253 66.743 
3 5 4 18 137.543 72.760 
3 5 4 19 118.457 64.952 
3 5 4 20 137.177 70.318 
3 5 4 21 150.943 68.031 
3 5 4 22 128.327 71.372 
3 5 4 23 102.503 60.054 
3 5 4 24 119.010 63.994 
3 5 4 25 154.547 74.580 
3 5 4 26 139.927 78.386 
3 5 4 27 117.510 68.771 
3 5 4 28 121.677 73.042 
3 5 4 29 126.233 72.784 
3 5 4 30 118.980 65.897 
3 5 4 31 133.143 69.305 
3 5 5 0 139.077 2.819 
3 5 5 1 113.437 2.838 
3 5 5 2 118.147 2.821 
3 5 5 3 92.157 2.511 
3 5 5 4 141.273 3.178 
3 5 5 5 79.540 2.881 
3 5 5 6 110.527 2.893 
3 5 5 7 140.970 2.969 
3 5 5 8 133.117 4.804 
3 5 5 9 98.673 7.482 
3 5 5 10 148.530 11.787 
3 5 5 11 149.087 9.781 
3 5 5 12 98.303 8.866 
3 5 5 13 116.833 8.987 
3 5 5 14 98.897 7.867 
3 5 5 15 98.660 9.401 
3 5 5 16 102.717 4.860 
3 5 5 17 110.357 4.975 
3 5 5 18 111.397 7.074 
3 5 5 19 126.107 6.954 
3 5 5 20 113.057 5.905 
3 5 5 21 145.597 4.382 
3 5 5 22 110.417 3.501 
3 5 5 23 127.493 2.929 
3 5 5 24 110.743 2.350 
3 5 5 25 116.010 2.363 
3 5 5 26 110.080 2.879 
3 5 5 27 106.427 2.578 
3 5 5 28 96.597 2.481 
3 5 5 29 127.053 2.771 
3 5 5 30 143.903 2.475 
3 5 5 31 155.927 3.862 
4 0 0 0 131.747 3.515 
4 0 0 1 122.963 3.362 
4 0 0 2 151.630 3.593 
4 0 0 3 138.337 3.952 
4 0 0 4 139.143 3.201 
4 0 0 5 138.350 3.207 
4 0 0 6 122.927 3.837 
4 0 0 7 121.930 3.814 
4 0 0 8 138.910 4.115 
4 0 0 9 114.793 4.260 
4 0 0 10 105.577 3.898 
4 0 0 11 164.317 4.147 
4 0 0 12 119.367 4.310 
4 0 0 13 123.527 5.072 
4 0 0 14 142.750 5.599 
4 0 0 15 135.760 6.927 
4 0 0 16 174.033 5.303 
4 0 0 17 195.450 3.867 
4 0 0 18 170.310 3.236 
4 0 0 19 152.437 3.497 
4 0 0 20 158.413 3.087 
4 0 0 21 115.297 2.603 
4 0 0 22 185.667 3.139 
4 0 0 23 146.473 6.767 
4 0 0 24 122.973 3.166 
4 0 0 25 118.150 2.989 
4 0 0 26 148.597 3.149 
4 0 0 27 163.017 2.913 
4 0 0 28 160.240 2.970 
4 0 0 29 164.443 2.868 
4 0 0 30 162.337 2.760 
4 0 0 31 142.737 2.839 
4 0 1 0 113.757 2.892 
4 0 1 1 118.077 2.982 
4 0 1 2 147.093 2.925 
4 0 1 3 136.113 2.745 
4 0 1 4 146.833 2.902 
4 0 1 5 128.037 3.290 
4 0 1 6 128.627 3.218 
4 0 1 7 183.950 3.347 
4 0 1 8 105.303 2.945 
4 0 1 9 149.930 3.256 
4 0 1 10 140.817 3.240 
4 0 1 11 144.027 3.094 
4 0 1 12 122.250 3.453 
4 0 1 13 101.290 3.868 
4 0 1 14 125.970 4.207 
4 0 1 15 112.023 4.389 
4 0 1 16 177.120 4.008 
4 0 1 17 81.380 3.097 
4 0 1 18 82.593 2.535 
4 0 1 19 157.273 3.191 
4 0 1 20 139.220 3.038 
4 0 1 21 111.580 3.024 
4 0 1 22 131.920 3.058 
4 0 1 23 162.837 3.087 
4 0 1 24 105.740 2.812 
4 0 1 25 125.147 3.000 
4 0 1 26 131.543 2.944 
4 0 1 27 142.883 2.897 
4 0 1 28 121.683 3.073 
4 0 1 29 145.473 2.842 
4 0 1 30 105.327 2.833 
4 0 1 31 101.383 3.054 
4 0 2 0 144.623 3.014 
4 0 2 1 126.130 3.490 
4 0 2 2 134.983 2.895 
4 0 2 3 162.677 3.487 
4 0 2 4 159.550 3.086 
4 0 2 5 144.027 3.028 
4 0 2 6 157.020 3.214 
4 0 2 7 118.577 26.861 
4 0 2 8 122.087 3.973 
4 0 2 9 148.517 3.594 
4 0 2 10 133.300 3.402 
4 0 2 11 113.517 3.820 
4 0 2 12 115.260 3.641 
4 0 2 13 168.360 4.586 
4 0 2 14 177.173 4.537 
4 0 2 15 147.937 4.945 
4 0 2 16 168.350 4.883 
4 0 2 17 171.337 4.381 
4 0 2 18 107.563 3.686 
4 0 2 19 162.683 3.504 
4 0 2 20 172.420 3.377 
4 0 2 21 99.890 3.097 
4 0 2 22 107.183 3.306 
4 0 2 23 124.407 3.685 
4 0 2 24 143.977 2.921 
4 0 2 25 174.707 3.383 
4 0 2 26 140.577 3.016 
4 0 2 27 135.117 3.008 
4 0 2 28 185.190 3.037 
4 0 2 29 112.123 2.963 
4 0 2 30 172.417 3.036 
4 0 2 31 127.223 3.759 
4 0 3 0 132.777 2.600 
4 0 3 1 151.253 2.627 
4 0 3 2 138.563 2.574 
4 0 3 3 188.980 2.794 
4 0 3 4 169.093 3.073 
4 0 3 5 122.653 2.950 
4 0 3 6 134.003 2.615 
4 0 3 7 113.663 2.899 
4 0 3 8 153.177 3.631 
4 0 3 9 141.733 3.532 
4 0 3 10 128.277 3.811 
4 0 3 11 122.383 3.207 
4 0 3 12 116.727 3.280 
4 0 3 13 89.020 3.493 
4 0 3 14 144.610 4.077 
4 0 3 15 155.980 4.683 
4 0 3 16 160.667 3.041 
4 0 3 17 144.990 2.648 
4 0 3 18 151.300 2.693 
4 0 3 19 159.960 2.683 
4 0 3 20 149.057 2.636 
4 0 3 21 151.200 2.702 
4 0 3 22 154.583 3.893 
4 0 3 23 97.413 3.088 
4 0 3 24 142.740 2.978 
4 0 3 25 108.603 2.743 
4 0 3 26 135.393 2.747 
4 0 3 27 109.550 2.604 
4 0 3 28 184.690 2.927 
4 0 3 29 153.383 2.977 
4 0 3 30 163.077 2.531 
4 0 3 31 121.677 2.464 
4 0 4 0 117.220 53.401 
4 0 4 1 142.010 68.950 
4 0 4 2 144.577 77.158 
4 0 4 3 143.243 81.210 
4 0 4 4 120.063 76.538 
4 0 4 5 171.709 86.923 
4 0 4 6 147.739 87.646 
4 0 4 7 129.281 87.650 
4 0 4 8 149.210 94.936 
4 0 4 9 165.074 90.611 
4 0 4 10 102.213 76.484 
4 0 4 11 110.257 77.329 
4 0 4 12 162.253 80.705 
4 0 4 13 140.857 74.856 
4 0 4 14 157.673 64.991 
4 0 4 15 141.033 47.444 
4 0 4 16 167.430 56.800 
4 0 4 17 145.533 66.251 
4 0 4 18 120.383 67.973 
4 0 4 19 130.930 71.575 
4 0 4 20 169.170 80.128 
4 0 4 21 119.717 74.840 
4 0 4 22 174.143 88.226 
4 0 4 23 150.997 81.318 
4 0 4 24 119.923 32.498 
4 0 4 25 123.363 33.780 
4 0 4 26 119.697 36.043 
4 0 4 27 92.357 38.221 
4 0 4 28 123.303 47.283 
4 0 4 29 116.477 52.340 
4 0 4 30 129.050 51.916 
4 0 4 31 123.223 39.482 
4 0 5 0 161.203 35.419 
4 0 5 1 123.290 34.049 
4 0 5 2 141.240 36.761 
4 0 5 3 129.823 42.771 
4 0 5 4 118.640 45.187 
4 0 5 5 139.327 48.607 
4 0 5 6 154.620 59.768 
4 0 5 7 119.197 65.921 
4 0 5 8 131.823 76.197 
4 0 5 9 127.890 86.108 
4 0 5 10 156.267 79.505 
4 0 5 11 172.980 84.339 
4 0 5 12 137.900 72.911 
4 0 5 13 171.220 73.081 
4 0 5 14 156.290 63.390 
4 0 5 15 135.320 40.970 
4 0 5 16 124.237 9.959 
4 0 5 17 126.723 10.025 
4 0 5 18 179.420 11.050 
4 0 5 19 146.523 14.091 
4 0 5 20 159.737 22.497 
4 0 5 21 112.413 28.894 
4 0 5 22 127.440 27.749 
4 0 5 23 133.053 17.712 
4 0 5 24 139.820 29.145 
4 0 5 25 147.480 31.687 
4 0 5 26 122.690 34.793 
4 0 5 27 134.040 37.149 
4 0 5 28 146.073 40.632 
4 0 5 29 203.547 39.960 
4 0 5 30 136.767 28.053 
4 0 5 31 190.953 19.234 
4 1 0 0 0.000 0.000 
4 1 0 1 0.000 0.000 
4 1 0 2 0.000 0.000 
4 1 0 3 0.000 0.000 
4 1 0 4 0.000 0.000 
4 1 0 5 0.000 0.000 
4 1 0 6 0.000 0.000 
4 1 0 7 0.000 0.000 
4 1 0 8 0.000 0.000 
4 1 0 9 0.000 0.000 
4 1 0 10 0.000 0.000 
4 1 0 11 0.000 0.000 
4 1 0 12 0.000 0.000 
4 1 0 13 0.000 0.000 
4 1 0 14 0.000 0.000 
4 1 0 15 0.000 0.000 
4 1 0 16 0.000 0.000 
4 1 0 17 0.000 0.000 
4 1 0 18 0.000 0.000 
4 1 0 19 0.000 0.000 
4 1 0 20 0.000 0.000 
4 1 0 21 0.000 0.000 
4 1 0 22 0.000 0.000 
4 1 0 23 0.000 0.000 
4 1 0 24 0.000 0.000 
4 1 0 25 0.000 0.000 
4 1 0 26 0.000 0.000 
4 1 0 27 0.000 0.000 
4 1 0 28 0.000 0.000 
4 1 0 29 0.000 0.000 
4 1 0 30 0.000 0.000 
4 1 0 31 0.000 0.000 
4 1 1 0 0.000 0.000 
4 1 1 1 0.000 0.000 
4 1 1 2 0.000 0.000 
4 1 1 3 0.000 0.000 
4 1 1 4 0.000 0.000 
4 1 1 5 0.000 0.000 
4 1 1 6 0.000 0.000 
4 1 1 7 0.000 0.000 
4 1 1 8 0.000 0.000 
4 1 1 9 0.000 0.000 
4 1 1 10 0.000 0.000 
4 1 1 11 0.000 0.000 
4 1 1 12 0.000 0.000 
4 1 1 13 0.000 0.000 
4 1 1 14 0.000 0.000 
4 1 1 15 0.000 0.000 
4 1 1 16 0.000 0.000 
4 1 1 17 0.000 0.000 
4 1 1 18 0.000 0.000 
4 1 1 19 0.000 0.000 
4 1 1 20 0.000 0.000 
4 1 1 21 0.000 0.000 
4 1 1 22 0.000 0.000 
4 1 1 23 0.000 0.000 
4 1 1 24 0.000 0.000 
4 1 1 25 0.000 0.000 
4 1 1 26 0.000 0.000 
4 1 1 27 0.000 0.000 
4 1 1 28 0.000 0.000 
4 1 1 29 0.000 0.000 
4 1 1 30 0.000 0.000 
4 1 1 31 0.000 0.000 
4 1 2 0 0.000 0.000 
4 1 2 1 0.000 0.000 
4 1 2 2 0.000 0.000 
4 1 2 3 0.000 0.000 
4 1 2 4 0.000 0.000 
4 1 2 5 0.000 0.000 
4 1 2 6 0.000 0.000 
4 1 2 7 0.000 0.000 
4 1 2 8 0.000 0.000 
4 1 2 9 0.000 0.000 
4 1 2 10 0.000 0.000 
4 1 2 11 0.000 0.000 
4 1 2 12 0.000 0.000 
4 1 2 13 0.000 0.000 
4 1 2 14 0.000 0.000 
4 1 2 15 0.000 0.000 
4 1 2 16 0.000 0.000 
4 1 2 17 0.000 0.000 
4 1 2 18 0.000 0.000 
4 1 2 19 0.000 0.000 
4 1 2 20 0.000 0.000 
4 1 2 21 0.000 0.000 
4 1 2 22 0.000 0.000 
4 1 2 23 0.000 0.000 
4 1 2 24 0.000 0.000 
4 1 2 25 0.000 0.000 
4 1 2 26 0.000 0.000 
4 1 2 27 0.000 0.000 
4 1 2 28 0.000 0.000 
4 1 2 29 0.000 0.000 
4 1 2 30 0.000 0.000 
4 1 2 31 0.000 0.000 
4 1 3 0 0.000 0.000 
4 1 3 1 0.000 0.000 
4 1 3 2 0.000 0.000 
4 1 3 3 0.000 0.000 
4 1 3 4 0.000 0.000 
4 1 3 5 0.000 0.000 
4 1 3 6 0.000 0.000 
4 1 3 7 0.000 0.000 
4 1 3 8 0.000 0.000 
4 1 3 9 0.000 0.000 
4 1 3 10 0.000 0.000 
4 1 3 11 0.000 0.000 
4 1 3 12 0.000 0.000 
4 1 3 13 0.000 0.000 
4 1 3 14 0.000 0.000 
4 1 3 15 0.000 0.000 
4 1 3 16 0.000 0.000 
4 1 3 17 0.000 0.000 
4 1 3 18 0.000 0.000 
4 1 3 19 0.000 0.000 
4 1 3 20 0.000 0.000 
4 1 3 21 0.000 0.000 
4 1 3 22 0.000 0.000 
4 1 3 23 0.000 0.000 
4 1 3 24 0.000 0.000 
4 1 3 25 0.000 0.000 
4 1 3 26 0.000 0.000 
4 1 3 27 0.000 0.000 
4 1 3 28 0.000 0.000 
4 1 3 29 0.000 0.000 
4 1 3 30 0.000 0.000 
4 1 3 31 0.000 0.000 
4 1 4 0 0.000 0.000 
4 1 4 1 0.000 0.000 
4 1 4 2 0.000 0.000 
4 1 4 3 0.000 0.000 
4 1 4 4 0.000 0.000 
4 1 4 5 0.000 0.000 
4 1 4 6 0.000 0.000 
4 1 4 7 0.000 0.000 
4 1 4 8 0.000 0.000 
4 1 4 9 0.000 0.000 
4 1 4 10 0.000 0.000 
4 1 4 11 0.000 0.000 
4 1 4 12 0.000 0.000 
4 1 4 13 0.000 0.000 
4 1 4 14 0.000 0.000 
4 1 4 15 0.000 0.000 
4 1 4 16 0.000 0.000 
4 1 4 17 0.000 0.000 
4 1 4 18 0.000 0.000 
4 1 4 19 0.000 0.000 
4 1 4 20 0.000 0.000 
4 1 4 21 0.000 0.000 
4 1 4 22 0.000 0.000 
4 1 4 23 0.000 0.000 
4 1 4 24 0.000 0.000 
4 1 4 25 0.000 0.000 
4 1 4 26 0.000 0.000 
4 1 4 27 0.000 0.000 
4 1 4 28 0.000 0.000 
4 1 4 29 0.000 0.000 
4 1 4 30 0.000 0.000 
4 1 4 31 0.000 0.000 
4 1 5 0 0.000 0.000 
4 1 5 1 0.000 0.000 
4 1 5 2 0.000 0.000 
4 1 5 3 0.000 0.000 
4 1 5 4 0.000 0.000 
4 1 5 5 0.000 0.000 
4 1 5 6 0.000 0.000 
4 1 5 7 0.000 0.000 
4 1 5 8 0.000 0.000 
4 1 5 9 0.000 0.000 
4 1 5 10 0.000 0.000 
4 1 5 11 0.000 0.000 
4 1 5 12 0.000 0.000 
4 1 5 13 0.000 0.000 
4 1 5 14 0.000 0.000 
4 1 5 15 0.000 0.000 
4 1 5 16 0.000 0.000 
4 1 5 17 0.000 0.000 
4 1 5 18 0.000 0.000 
4 1 5 19 0.000 0.000 
4 1 5 20 0.000 0.000 
4 1 5 21 0.000 0.000 
4 1 5 22 0.000 0.000 
4 1 5 23 0.000 0.000 
4 1 5 24 0.000 0.000 
4 1 5 25 0.000 0.000 
4 1 5 26 0.000 0.000 
4 1 5 27 0.000 0.000 
4 1 5 28 0.000 0.000 
4 1 5 29 0.000 0.000 
4 1 5 30 0.000 0.000 
4 1 5 31 0.000 0.000 
4 2 0 0 118.947 16.786 
4 2 0 1 103.680 11.225 
4 2 0 2 129.747 9.839 
4 2 0 3 96.767 9.947 
4 2 0 4 110.293 10.352 
4 2 0 5 119.093 11.053 
4 2 0 6 134.607 11.545 
4 2 0 7 124.170 13.520 
4 2 0 8 127.207 4.718 
4 2 0 9 135.823 3.847 
4 2 0 10 110.033 4.239 
4 2 0 11 127.637 3.903 
4 2 0 12 93.893 3.884 
4 2 0 13 113.687 5.121 
4 2 0 14 146.857 5.417 
4 2 0 15 105.423 6.432 
4 2 0 16 113.623 4.583 
4 2 0 17 122.320 3.240 
4 2 0 18 147.500 3.314 
4 2 0 19 160.900 4.621 
4 2 0 20 116.203 3.315 
4 2 0 21 71.360 2.813 
4 2 0 22 148.777 3.835 
4 2 0 23 156.107 4.404 
4 2 0 24 133.457 21.570 
4 2 0 25 137.370 11.548 
4 2 0 26 128.150 4.638 
4 2 0 27 108.907 3.267 
4 2 0 28 152.373 3.413 
4 2 0 29 97.277 2.783 
4 2 0 30 119.377 3.137 
4 2 0 31 74.290 6.358 
4 2 1 0 140.053 38.889 
4 2 1 1 158.833 53.458 
4 2 1 2 138.917 54.664 
4 2 1 3 147.330 57.264 
4 2 1 4 114.600 55.824 
4 2 1 5 136.553 56.550 
4 2 1 6 168.217 49.343 
4 2 1 7 115.477 30.747 
4 2 1 8 111.063 37.813 
4 2 1 9 133.063 52.622 
4 2 1 10 123.963 58.845 
4 2 1 11 107.727 52.320 
4 2 1 12 142.913 52.855 
4 2 1 13 181.753 54.854 
4 2 1 14 125.973 52.560 
4 2 1 15 139.070 39.902 
4 2 1 16 178.053 5.901 
4 2 1 17 68.493 4.512 
4 2 1 18 126.900 4.783 
4 2 1 19 153.323 4.829 
4 2 1 20 121.963 4.926 
4 2 1 21 142.600 4.747 
4 2 1 22 176.247 5.850 
4 2 1 23 112.443 8.851 
4 2 1 24 116.550 5.999 
4 2 1 25 170.307 4.999 
4 2 1 26 160.550 4.806 
4 2 1 27 135.193 4.540 
4 2 1 28 116.693 4.561 
4 2 1 29 131.770 4.123 
4 2 1 30 163.603 4.364 
4 2 1 31 167.497 4.310 
4 2 2 0 135.090 51.854 
4 2 2 1 151.347 67.526 
4 2 2 2 159.137 70.876 
4 2 2 3 139.740 67.804 
4 2 2 4 137.007 71.100 
4 2 2 5 169.313 77.000 
4 2 2 6 93.013 63.288 
4 2 2 7 108.787 65.984 
4 2 2 8 134.283 67.143 
4 2 2 9 138.813 73.071 
4 2 2 10 96.377 68.701 
4 2 2 11 132.903 72.268 
4 2 2 12 122.427 70.763 
4 2 2 13 150.877 72.535 
4 2 2 14 147.600 70.649 
4 2 2 15 151.410 68.354 
4 2 2 16 122.460 55.063 
4 2 2 17 133.770 65.623 
4 2 2 18 141.943 70.062 
4 2 2 19 111.123 65.395 
4 2 2 20 128.083 69.937 
4 2 2 21 131.337 71.300 
4 2 2 22 119.603 66.743 
4 2 2 23 130.377 70.185 
4 2 2 24 148.987 72.167 
4 2 2 25 158.960 78.294 
4 2 2 26 126.877 72.778 
4 2 2 27 183.487 78.315 
4 2 2 28 111.733 62.685 
4 2 2 29 139.507 69.372 
4 2 2 30 168.587 67.668 
4 2 2 31 119.660 51.612 
4 2 3 0 167.987 59.313 
4 2 3 1 109.813 61.475 
4 2 3 2 177.977 78.593 
4 2 3 3 104.750 69.409 
4 2 3 4 148.087 81.016 
4 2 3 5 129.987 76.906 
4 2 3 6 123.590 74.596 
4 2 3 7 110.827 74.320 
4 2 3 8 140.783 91.814 
4 2 3 9 152.327 93.225 
4 2 3 10 122.497 79.724 
4 2 3 11 122.260 74.272 
4 2 3 12 128.797 79.361 
4 2 3 13 156.550 83.751 
4 2 3 14 125.150 73.051 
4 2 3 15 115.357 60.013 
4 2 3 16 152.927 44.054 
4 2 3 17 111.307 53.092 
4 2 3 18 156.480 60.918 
4 2 3 19 167.703 71.443 
4 2 3 20 163.780 76.221 
4 2 3 21 159.390 79.430 
4 2 3 22 151.707 80.469 
4 2 3 23 135.887 74.703 
4 2 3 24 92.897 61.796 
4 2 3 25 175.257 83.551 
4 2 3 26 102.930 63.765 
4 2 3 27 107.480 64.672 
4 2 3 28 154.487 67.890 
4 2 3 29 113.617 60.105 
4 2 3 30 133.790 53.972 
4 2 3 31 136.947 43.640 
4 2 4 0 127.033 72.354 
4 2 4 1 169.960 87.571 
4 2 4 2 128.707 81.448 
4 2 4 3 123.547 81.065 
4 2 4 4 155.438 92.266 
4 2 4 5 177.388 93.873 
4 2 4 6 135.653 90.899 
4 2 4 7 143.103 89.652 
4 2 4 8 172.633 1.446 
4 2 4 9 147.813 88.106 
4 2 4 10 156.467 87.282 
4 2 4 11 162.652 87.871 
4 2 4 12 139.380 86.933 
4 2 4 13 114.223 81.892 
4 2 4 14 137.800 84.667 
4 2 4 15 134.197 79.246 
4 2 4 16 101.197 67.638 
4 2 4 17 127.360 75.000 
4 2 4 18 116.537 70.591 
4 2 4 19 139.693 80.124 
4 2 4 20 121.770 71.944 
4 2 4 21 160.617 78.831 
4 2 4 22 148.843 72.042 
4 2 4 23 162.231 91.199 
4 2 4 24 146.363 86.673 
4 2 4 25 86.597 67.584 
4 2 4 26 163.609 92.482 
4 2 4 27 156.540 87.985 
4 2 4 28 162.515 91.063 
4 2 4 29 136.140 83.023 
4 2 4 30 151.796 85.660 
4 2 4 31 123.163 73.591 
4 2 5 0 135.857 16.719 
4 2 5 1 139.037 27.857 
4 2 5 2 134.093 30.197 
4 2 5 3 153.277 34.396 
4 2 5 4 155.397 36.593 
4 2 5 5 123.557 38.138 
4 2 5 6 154.927 39.823 
4 2 5 7 79.687 27.195 
4 2 5 8 144.883 67.601 
4 2 5 9 88.860 69.272 
4 2 5 10 144.742 81.468 
4 2 5 11 158.087 81.460 
4 2 5 12 126.627 77.439 
4 2 5 13 143.040 78.773 
4 2 5 14 95.590 61.404 
4 2 5 15 117.860 62.423 
4 2 5 16 126.160 55.965 
4 2 5 17 114.053 69.993 
4 2 5 18 126.913 76.485 
4 2 5 19 142.283 82.468 
4 2 5 20 144.427 86.520 
4 2 5 21 114.390 90.882 
4 2 5 22 94.473 83.068 
4 2 5 23 157.741 114.346 
4 2 5 24 136.313 63.729 
4 2 5 25 140.670 80.126 
4 2 5 26 136.460 69.378 
4 2 5 27 139.093 66.572 
4 2 5 28 85.577 50.961 
4 2 5 29 164.150 58.311 
4 2 5 30 158.153 51.077 
4 2 5 31 134.107 35.186 
4 3 0 0 139.137 3.081 
4 3 0 1 114.457 3.229 
4 3 0 2 138.210 3.419 
4 3 0 3 109.303 3.161 
4 3 0 4 126.077 4.141 
4 3 0 5 177.257 3.649 
4 3 0 6 177.120 4.045 
4 3 0 7 160.900 3.327 
4 3 0 8 164.207 4.249 
4 3 0 9 154.957 4.131 
4 3 0 10 121.710 4.900 
4 3 0 11 184.467 3.725 
4 3 0 12 118.190 3.568 
4 3 0 13 114.290 3.953 
4 3 0 14 130.737 4.457 
4 3 0 15 178.613 9.158 
4 3 0 16 164.900 5.280 
4 3 0 17 106.647 3.488 
4 3 0 18 178.113 3.788 
4 3 0 19 150.320 3.334 
4 3 0 20 139.383 3.287 
4 3 0 21 144.563 3.301 
4 3 0 22 142.723 3.485 
4 3 0 23 142.540 3.904 
4 3 0 24 157.543 4.486 
4 3 0 25 156.120 3.727 
4 3 0 26 145.940 3.157 
4 3 0 27 159.963 3.426 
4 3 0 28 160.627 3.051 
4 3 0 29 150.950 3.276 
4 3 0 30 151.923 5.709 
4 3 0 31 134.063 2.687 
4 3 1 0 146.943 31.486 
4 3 1 1 124.667 27.433 
4 3 1 2 165.920 19.824 
4 3 1 3 150.907 12.890 
4 3 1 4 138.307 8.899 
4 3 1 5 158.960 6.190 
4 3 1 6 146.067 5.504 
4 3 1 7 157.217 6.002 
4 3 1 8 145.223 4.776 
4 3 1 9 95.927 4.706 
4 3 1 10 137.343 4.479 
4 3 1 11 125.617 4.813 
4 3 1 12 121.007 5.085 
4 3 1 13 145.177 5.340 
4 3 1 14 119.903 6.262 
4 3 1 15 134.413 6.716 
4 3 1 16 136.053 17.561 
4 3 1 17 130.827 31.748 
4 3 1 18 131.430 43.716 
4 3 1 19 125.900 49.907 
4 3 1 20 124.507 54.789 
4 3 1 21 148.007 59.758 
4 3 1 22 140.337 62.654 
4 3 1 23 138.067 62.878 
4 3 1 24 166.687 56.521 
4 3 1 25 126.413 54.165 
4 3 1 26 139.363 55.717 
4 3 1 27 180.070 56.852 
4 3 1 28 146.880 53.795 
4 3 1 29 164.510 46.633 
4 3 1 30 151.757 37.493 
4 3 1 31 165.013 25.144 
4 3 2 0 142.697 67.092 
4 3 2 1 155.360 76.399 
4 3 2 2 156.367 81.025 
4 3 2 3 197.497 84.073 
4 3 2 4 139.993 78.774 
4 3 2 5 115.540 74.386 
4 3 2 6 137.743 74.450 
4 3 2 7 132.033 61.585 
4 3 2 8 175.083 81.941 
4 3 2 9 126.620 73.556 
4 3 2 10 111.673 69.004 
4 3 2 11 112.037 66.223 
4 3 2 12 110.167 68.030 
4 3 2 13 124.320 69.546 
4 3 2 14 150.997 76.496 
4 3 2 15 150.100 70.808 
4 3 2 16 132.680 64.872 
4 3 2 17 135.357 71.197 
4 3 2 18 176.867 82.513 
4 3 2 19 141.910 80.206 
4 3 2 20 169.470 84.365 
4 3 2 21 152.357 85.539 
4 3 2 22 174.850 92.153 
4 3 2 23 175.693 94.475 
4 3 2 24 117.963 68.657 
4 3 2 25 166.550 87.012 
4 3 2 26 126.670 76.675 
4 3 2 27 148.907 72.760 
4 3 2 28 129.983 69.252 
4 3 2 29 133.343 73.947 
4 3 2 30 150.270 73.009 
4 3 2 31 124.747 60.789 
4 3 3 0 159.603 72.172 
4 3 3 1 164.070 77.561 
4 3 3 2 144.303 80.983 
4 3 3 3 170.610 91.294 
4 3 3 4 160.533 82.217 
4 3 3 5 131.160 82.270 
4 3 3 6 159.037 92.055 
4 3 3 7 150.180 93.302 
4 3 3 8 165.427 98.033 
4 3 3 9 142.357 91.476 
4 3 3 10 193.290 95.048 
4 3 3 11 144.153 83.272 
4 3 3 12 107.823 73.918 
4 3 3 13 114.553 68.894 
4 3 3 14 121.947 71.591 
4 3 3 15 167.380 73.023 
4 3 3 16 134.840 71.296 
4 3 3 17 145.973 79.011 
4 3 3 18 149.837 82.485 
4 3 3 19 173.467 88.761 
4 3 3 20 153.467 87.171 
4 3 3 21 148.743 82.437 
4 3 3 22 158.237 89.830 
4 3 3 23 161.137 83.243 
4 3 3 24 124.563 83.706 
4 3 3 25 108.830 76.263 
4 3 3 26 121.113 82.845 
4 3 3 27 136.177 82.519 
4 3 3 28 95.423 68.898 
4 3 3 29 127.517 76.709 
4 3 3 30 149.260 81.234 
4 3 3 31 138.533 69.172 
4 3 4 0 132.713 61.509 
4 3 4 1 128.763 71.270 
4 3 4 2 154.703 78.459 
4 3 4 3 109.353 74.677 
4 3 4 4 122.413 78.384 
4 3 4 5 136.183 82.175 
4 3 4 6 149.340 89.078 
4 3 4 7 145.443 94.017 
4 3 4 8 153.690 83.825 
4 3 4 9 128.357 75.252 
4 3 4 10 146.663 76.829 
4 3 4 11 148.990 77.557 
4 3 4 12 105.717 68.344 
4 3 4 13 122.657 73.840 
4 3 4 14 126.570 67.990 
4 3 4 15 127.763 65.515 
4 3 4 16 120.565 65.548 
4 3 4 17 135.287 74.050 
4 3 4 18 129.243 77.061 
4 3 4 19 141.890 80.055 
4 3 4 20 146.013 86.788 
4 3 4 21 135.423 86.362 
4 3 4 22 140.527 85.784 
4 3 4 23 153.423 99.250 
4 3 4 24 95.853 62.736 
4 3 4 25 139.817 78.397 
4 3 4 26 160.460 83.529 
4 3 4 27 135.050 78.146 
4 3 4 28 123.240 68.620 
4 3 4 29 108.033 70.709 
4 3 4 30 111.533 63.817 
4 3 4 31 101.210 59.744 
4 3 5 0 118.623 34.405 
4 3 5 1 163.300 35.837 
4 3 5 2 163.947 29.380 
4 3 5 3 198.500 30.145 
4 3 5 4 151.283 24.621 
4 3 5 5 139.227 26.848 
4 3 5 6 168.333 27.575 
4 3 5 7 147.717 27.832 
4 3 5 8 147.453 76.849 
4 3 5 9 152.140 82.146 
4 3 5 10 160.967 89.381 
4 3 5 11 147.293 73.688 
4 3 5 12 151.363 73.931 
4 3 5 13 150.970 72.282 
4 3 5 14 125.613 67.140 
4 3 5 15 168.013 70.151 
4 3 5 16 141.300 57.213 
4 3 5 17 130.137 61.542 
4 3 5 18 171.857 67.920 
4 3 5 19 140.937 64.127 
4 3 5 20 162.107 71.319 
4 3 5 21 141.507 68.837 
4 3 5 22 133.973 79.765 
4 3 5 23 95.140 70.752 
4 3 5 24 92.273 23.716 
4 3 5 25 148.960 25.856 
4 3 5 26 173.807 27.859 
4 3 5 27 134.360 27.249 
4 3 5 28 157.667 27.462 
4 3 5 29 156.133 27.027 
4 3 5 30 169.710 24.142 
4 3 5 31 128.743 24.009 
4 4 0 0 84.263 3.412 
4 4 0 1 134.727 3.244 
4 4 0 2 138.567 3.668 
4 4 0 3 107.957 5.503 
4 4 0 4 121.513 9.582 
4 4 0 5 123.570 7.808 
4 4 0 6 121.483 5.848 
4 4 0 7 120.213 9.400 
4 4 0 8 180.427 4.829 
4 4 0 9 157.037 4.961 
4 4 0 10 160.570 4.815 
4 4 0 11 150.040 3.998 
4 4 0 12 141.297 4.762 
4 4 0 13 187.520 5.510 
4 4 0 14 120.780 6.033 
4 4 0 15 104.170 7.354 
4 4 0 16 172.317 6.119 
4 4 0 17 138.640 3.724 
4 4 0 18 144.560 3.367 
4 4 0 19 109.800 3.618 
4 4 0 20 143.407 3.259 
4 4 0 21 161.593 3.608 
4 4 0 22 139.157 3.723 
4 4 0 23 156.770 3.924 
4 4 0 24 179.483 3.418 
4 4 0 25 136.197 3.269 
4 4 0 26 136.327 3.074 
4 4 0 27 134.030 3.128 
4 4 0 28 204.163 3.345 
4 4 0 29 145.583 2.967 
4 4 0 30 194.053 3.395 
4 4 0 31 107.683 3.632 
4 4 1 0 168.190 56.214 
4 4 1 1 129.710 58.278 
4 4 1 2 164.310 71.810 
4 4 1 3 124.870 61.813 
4 4 1 4 141.560 61.514 
4 4 1 5 129.053 53.729 
4 4 1 6 136.897 45.817 
4 4 1 7 166.073 36.138 
4 4 1 8 101.027 13.072 
4 4 1 9 135.387 11.197 
4 4 1 10 108.813 10.895 
4 4 1 11 104.577 9.778 
4 4 1 12 131.857 13.679 
4 4 1 13 154.920 19.486 
4 4 1 14 128.927 21.768 
4 4 1 15 95.057 25.774 
4 4 1 16 138.810 8.841 
4 4 1 17 165.567 8.323 
4 4 1 18 155.410 8.360 
4 4 1 19 114.567 9.865 
4 4 1 20 102.587 12.134 
4 4 1 21 151.337 11.241 
4 4 1 22 121.540 12.732 
4 4 1 23 128.557 10.188 
4 4 1 24 108.233 37.191 
4 4 1 25 150.670 52.488 
4 4 1 26 123.310 58.764 
4 4 1 27 157.093 57.537 
4 4 1 28 129.623 58.156 
4 4 1 29 142.877 57.999 
4 4 1 30 167.713 58.255 
4 4 1 31 153.647 40.690 
4 4 2 0 185.617 30.766 
4 4 2 1 118.550 50.791 
4 4 2 2 182.683 65.645 
4 4 2 3 115.517 60.918 
4 4 2 4 125.307 63.376 
4 4 2 5 154.257 75.274 
4 4 2 6 123.743 76.869 
4 4 2 7 95.487 73.583 
4 4 2 8 102.390 75.735 
4 4 2 9 148.843 89.034 
4 4 2 10 122.003 76.844 
4 4 2 11 144.410 77.235 
4 4 2 12 134.950 72.136 
4 4 2 13 135.390 69.625 
4 4 2 14 154.627 68.195 
4 4 2 15 148.137 54.276 
4 4 2 16 115.733 50.721 
4 4 2 17 129.683 56.063 
4 4 2 18 121.200 56.396 
4 4 2 19 161.770 68.503 
4 4 2 20 116.693 69.583 
4 4 2 21 108.933 75.375 
4 4 2 22 126.553 81.335 
4 4 2 23 158.473 81.654 
4 4 2 24 136.423 91.587 
4 4 2 25 168.689 99.700 
4 4 2 26 127.200 86.539 
4 4 2 27 167.993 87.466 
4 4 2 28 172.960 82.562 
4 4 2 29 152.637 74.607 
4 4 2 30 155.183 60.093 
4 4 2 31 143.590 37.998 
4 4 3 0 112.780 64.728 
4 4 3 1 119.083 73.850 
4 4 3 2 151.853 84.972 
4 4 3 3 131.783 79.716 
4 4 3 4 137.547 89.655 
4 4 3 5 117.957 86.055 
4 4 3 6 123.553 90.863 
4 4 3 7 133.893 99.935 
4 4 3 8 96.467 72.735 
4 4 3 9 141.707 83.281 
4 4 3 10 143.843 86.283 
4 4 3 11 111.527 77.463 
4 4 3 12 154.907 86.089 
4 4 3 13 137.683 85.485 
4 4 3 14 105.677 76.920 
4 4 3 15 184.313 1.396 
4 4 3 16 170.010 80.723 
4 4 3 17 117.143 74.490 
4 4 3 18 129.933 86.821 
4 4 3 19 132.363 79.561 
4 4 3 20 118.930 76.282 
4 4 3 21 136.130 87.353 
4 4 3 22 154.463 98.735 
4 4 3 23 150.284 113.091 
4 4 3 24 147.482 100.291 
4 4 3 25 164.127 96.229 
4 4 3 26 167.150 91.610 
4 4 3 27 152.090 90.150 
4 4 3 28 90.580 72.338 
4 4 3 29 160.293 80.951 
4 4 3 30 130.007 75.042 
4 4 3 31 185.760 74.308 
4 4 4 0 133.740 66.858 
4 4 4 1 140.797 75.426 
4 4 4 2 142.900 83.994 
4 4 4 3 142.867 83.092 
4 4 4 4 122.090 81.940 
4 4 4 5 122.407 81.831 
4 4 4 6 109.307 84.347 
4 4 4 7 180.617 110.959 
4 4 4 8 108.140 85.301 
4 4 4 9 140.340 94.341 
4 4 4 10 148.877 92.106 
4 4 4 11 178.417 89.733 
4 4 4 12 149.413 89.358 
4 4 4 13 149.033 84.084 
4 4 4 14 153.953 81.637 
4 4 4 15 101.000 1.536 
4 4 4 16 134.230 69.058 
4 4 4 17 118.110 76.265 
4 4 4 18 133.263 84.498 
4 4 4 19 111.583 84.044 
4 4 4 20 100.357 82.042 
4 4 4 21 138.680 101.180 
4 4 4 22 122.723 108.174 
4 4 4 23 163.207 131.699 
4 4 4 24 124.497 91.181 
4 4 4 25 156.923 104.592 
4 4 4 26 113.307 87.302 
4 4 4 27 120.703 83.839 
4 4 4 28 135.307 89.318 
4 4 4 29 110.803 76.017 
4 4 4 30 120.423 74.199 
4 4 4 31 164.303 69.558 
4 4 5 0 162.397 29.917 
4 4 5 1 142.843 24.779 
4 4 5 2 161.393 24.931 
4 4 5 3 150.897 19.711 
4 4 5 4 122.043 22.493 
4 4 5 5 168.197 23.862 
4 4 5 6 188.217 23.897 
4 4 5 7 164.700 18.645 
4 4 5 8 126.203 61.416 
4 4 5 9 144.360 65.076 
4 4 5 10 124.553 54.471 
4 4 5 11 117.193 56.351 
4 4 5 12 141.603 61.466 
4 4 5 13 150.400 68.340 
4 4 5 14 113.513 55.330 
4 4 5 15 172.947 57.647 
4 4 5 16 169.600 60.736 
4 4 5 17 138.027 64.671 
4 4 5 18 135.517 69.029 
4 4 5 19 112.893 66.293 
4 4 5 20 110.187 70.969 
4 4 5 21 168.910 92.557 
4 4 5 22 115.343 86.015 
4 4 5 23 154.590 108.353 
4 4 5 24 107.000 18.062 
4 4 5 25 164.373 15.285 
4 4 5 26 111.580 15.262 
4 4 5 27 151.643 14.535 
4 4 5 28 152.527 13.394 
4 4 5 29 133.440 13.807 
4 4 5 30 123.333 14.675 
4 4 5 31 143.283 15.995 
4 5 0 0 119.883 18.438 
4 5 0 1 129.980 21.271 
4 5 0 2 145.837 23.210 
4 5 0 3 128.640 29.334 
4 5 0 4 145.267 24.428 
4 5 0 5 147.600 25.344 
4 5 0 6 135.590 21.986 
4 5 0 7 141.130 0.735 
4 5 0 8 115.643 0.914 
4 5 0 9 118.257 0.908 
4 5 0 10 121.857 0.732 
4 5 0 11 120.107 0.967 
4 5 0 12 144.250 0.837 
4 5 0 13 140.793 0.847 
4 5 0 14 151.490 0.954 
4 5 0 15 142.010 0.981 
4 5 0 16 105.390 0.765 
4 5 0 17 113.530 0.772 
4 5 0 18 104.503 0.806 
4 5 0 19 137.680 0.751 
4 5 0 20 107.003 0.889 
4 5 0 21 148.397 0.725 
4 5 0 22 128.247 0.973 
4 5 0 23 145.230 0.798 
4 5 0 24 146.407 0.869 
4 5 0 25 167.660 0.947 
4 5 0 26 129.697 0.720 
4 5 0 27 140.483 0.854 
4 5 0 28 116.720 0.665 
4 5 0 29 111.057 0.945 
4 5 0 30 102.957 1.024 
4 5 0 31 136.920 0.853 
4 5 1 0 168.433 3.683 
4 5 1 1 164.190 3.111 
4 5 1 2 144.507 3.770 
4 5 1 3 125.633 4.121 
4 5 1 4 151.637 4.672 
4 5 1 5 166.207 4.566 
4 5 1 6 162.023 4.704 
4 5 1 7 139.730 3.932 
4 5 1 8 130.907 7.202 
4 5 1 9 112.440 10.728 
4 5 1 10 124.550 9.348 
4 5 1 11 128.823 9.768 
4 5 1 12 168.353 12.678 
4 5 1 13 127.233 17.398 
4 5 1 14 168.810 21.291 
4 5 1 15 122.370 17.212 
4 5 1 16 144.617 5.560 
4 5 1 17 122.050 4.509 
4 5 1 18 161.707 4.070 
4 5 1 19 94.060 3.567 
4 5 1 20 139.860 3.755 
4 5 1 21 96.353 3.593 
4 5 1 22 113.880 3.944 
4 5 1 23 172.347 4.130 
4 5 1 24 153.767 3.997 
4 5 1 25 143.760 3.871 
4 5 1 26 82.837 5.682 
4 5 1 27 110.803 3.657 
4 5 1 28 146.493 3.692 
4 5 1 29 126.503 5.420 
4 5 1 30 178.543 9.674 
4 5 1 31 99.387 16.204 
4 5 2 0 113.500 23.943 
4 5 2 1 96.233 25.914 
4 5 2 2 165.800 18.735 
4 5 2 3 91.697 9.342 
4 5 2 4 176.447 6.292 
4 5 2 5 140.033 4.743 
4 5 2 6 118.633 4.412 
4 5 2 7 128.510 4.816 
4 5 2 8 127.400 5.225 
4 5 2 9 103.097 4.572 
4 5 2 10 165.650 4.477 
4 5 2 11 155.290 4.422 
4 5 2 12 147.467 4.605 
4 5 2 13 133.577 4.839 
4 5 2 14 154.837 6.669 
4 5 2 15 113.420 9.943 
4 5 2 16 153.450 5.685 
4 5 2 17 142.300 5.015 
4 5 2 18 159.263 5.190 
4 5 2 19 135.657 6.074 
4 5 2 20 124.973 11.191 
4 5 2 21 157.760 17.270 
4 5 2 22 108.570 19.227 
4 5 2 23 90.927 15.274 
4 5 2 24 146.520 40.960 
4 5 2 25 98.173 12.927 
4 5 2 26 130.363 8.427 
4 5 2 27 144.887 6.385 
4 5 2 28 141.240 4.944 
4 5 2 29 138.223 4.605 
4 5 2 30 152.547 4.122 
4 5 2 31 147.687 3.567 
4 5 3 0 127.760 11.122 
4 5 3 1 126.233 11.198 
4 5 3 2 194.250 10.696 
4 5 3 3 159.630 11.237 
4 5 3 4 104.977 11.088 
4 5 3 5 129.057 11.389 
4 5 3 6 125.657 10.963 
4 5 3 7 155.243 10.222 
4 5 3 8 187.667 12.105 
4 5 3 9 186.673 13.804 
4 5 3 10 142.127 16.502 
4 5 3 11 140.547 25.202 
4 5 3 12 137.187 39.113 
4 5 3 13 170.137 59.976 
4 5 3 14 130.837 60.152 
4 5 3 15 144.323 64.133 
4 5 3 16 155.750 67.331 
4 5 3 17 157.380 71.967 
4 5 3 18 134.103 69.788 
4 5 3 19 142.680 77.441 
4 5 3 20 166.157 85.671 
4 5 3 21 123.640 84.581 
4 5 3 22 92.853 81.088 
4 5 3 23 152.530 107.721 
4 5 3 24 135.053 87.026 
4 5 3 25 127.953 84.468 
4 5 3 26 178.797 95.927 
4 5 3 27 149.017 91.707 
4 5 3 28 143.273 88.179 
4 5 3 29 124.297 76.006 
4 5 3 30 134.123 73.512 
4 5 3 31 110.520 59.209 
4 5 4 0 132.210 7.806 
4 5 4 1 122.433 6.826 
4 5 4 2 115.013 8.179 
4 5 4 3 119.103 8.583 
4 5 4 4 106.303 8.144 
4 5 4 5 142.640 8.263 
4 5 4 6 167.693 8.873 
4 5 4 7 106.110 9.142 
4 5 4 8 129.143 10.042 
4 5 4 9 100.717 9.322 
4 5 4 10 87.657 9.437 
4 5 4 11 95.717 9.309 
4 5 4 12 123.787 9.803 
4 5 4 13 147.787 10.515 
4 5 4 14 132.113 10.487 
4 5 4 15 110.913 11.414 
4 5 4 16 166.063 77.453 
4 5 4 17 112.623 69.403 
4 5 4 18 116.253 72.891 
4 5 4 19 144.820 87.300 
4 5 4 20 151.503 103.945 
4 5 4 21 164.977 103.073 
4 5 4 22 142.650 106.863 
4 5 4 23 159.764 131.130 
4 5 4 24 128.590 93.325 
4 5 4 25 159.240 94.311 
4 5 4 26 109.140 76.687 
4 5 4 27 140.130 78.427 
4 5 4 28 187.833 81.821 
4 5 4 29 138.793 69.179 
4 5 4 30 160.290 63.895 
4 5 4 31 128.627 40.619 
4 5 5 0 115.327 7.885 
4 5 5 1 128.930 3.540 
4 5 5 2 171.390 3.760 
4 5 5 3 138.207 3.469 
4 5 5 4 120.387 3.677 
4 5 5 5 167.897 3.674 
4 5 5 6 156.720 3.605 
4 5 5 7 128.583 3.924 
4 5 5 8 97.517 6.019 
4 5 5 9 112.307 7.704 
4 5 5 10 138.367 5.002 
4 5 5 11 157.050 5.105 
4 5 5 12 155.213 5.093 
4 5 5 13 153.580 7.278 
4 5 5 14 152.630 13.595 
4 5 5 15 123.480 23.735 
4 5 5 16 138.780 41.035 
4 5 5 17 144.063 50.792 
4 5 5 18 87.233 44.462 
4 5 5 19 167.807 55.225 
4 5 5 20 134.253 47.741 
4 5 5 21 160.820 38.441 
4 5 5 22 93.487 27.109 
4 5 5 23 120.353 22.736 
4 5 5 24 167.580 10.634 
4 5 5 25 103.207 10.046 
4 5 5 26 124.797 9.733 
4 5 5 27 91.500 10.898 
4 5 5 28 161.240 8.060 
4 5 5 29 131.110 5.339 
4 5 5 30 137.883 3.983 
4 5 5 31 117.600 4.078 
5 0 0 0 108.153 3.605 
5 0 0 1 116.883 3.219 
5 0 0 2 145.797 3.084 
5 0 0 3 145.390 3.214 
5 0 0 4 124.060 3.334 
5 0 0 5 133.200 3.113 
5 0 0 6 65.307 11.366 
5 0 0 7 108.800 3.514 
5 0 0 8 98.720 3.346 
5 0 0 9 124.150 3.613 
5 0 0 10 120.757 3.912 
5 0 0 11 107.780 6.433 
5 0 0 12 130.947 0.885 
5 0 0 13 113.537 6.342 
5 0 0 14 148.957 4.231 
5 0 0 15 157.337 5.038 
5 0 0 16 148.330 5.872 
5 0 0 17 118.940 5.221 
5 0 0 18 120.530 5.914 
5 0 0 19 102.180 5.675 
5 0 0 20 134.297 5.993 
5 0 0 21 162.767 6.466 
5 0 0 22 84.997 5.603 
5 0 0 23 92.763 6.020 
5 0 0 24 147.750 7.398 
5 0 0 25 96.710 6.196 
5 0 0 26 146.813 6.800 
5 0 0 27 96.127 5.477 
5 0 0 28 177.337 5.665 
5 0 0 29 93.167 5.959 
5 0 0 30 114.050 5.921 
5 0 0 31 150.163 6.381 
5 0 1 0 125.230 18.417 
5 0 1 1 165.803 0.859 
5 0 1 2 149.593 19.567 
5 0 1 3 123.980 19.286 
5 0 1 4 120.447 18.246 
5 0 1 5 142.550 18.044 
5 0 1 6 167.113 18.421 
5 0 1 7 126.860 19.947 
5 0 1 8 129.203 19.345 
5 0 1 9 134.680 19.594 
5 0 1 10 107.780 18.601 
5 0 1 11 121.297 19.693 
5 0 1 12 142.793 19.916 
5 0 1 13 162.203 20.718 
5 0 1 14 144.417 20.155 
5 0 1 15 137.077 19.345 
5 0 1 16 90.757 0.827 
5 0 1 17 171.033 18.005 
5 0 1 18 133.337 17.200 
5 0 1 19 130.347 17.287 
5 0 1 20 79.593 17.290 
5 0 1 21 152.373 17.837 
5 0 1 22 120.620 17.905 
5 0 1 23 155.983 17.463 
5 0 1 24 157.223 0.894 
5 0 1 25 136.980 18.600 
5 0 1 26 134.537 18.143 
5 0 1 27 173.717 18.384 
5 0 1 28 162.257 17.845 
5 0 1 29 131.647 17.998 
5 0 1 30 160.423 18.948 
5 0 1 31 143.277 18.854 
5 0 2 0 113.657 0.848 
5 0 2 1 137.647 0.826 
5 0 2 2 102.973 1.083 
5 0 2 3 163.830 0.984 
5 0 2 4 157.447 1.004 
5 0 2 5 124.237 0.928 
5 0 2 6 134.433 1.061 
5 0 2 7 153.797 0.780 
5 0 2 8 154.323 0.937 
5 0 2 9 152.847 0.978 
5 0 2 10 112.560 1.026 
5 0 2 11 89.180 0.884 
5 0 2 12 118.083 1.063 
5 0 2 13 142.747 1.289 
5 0 2 14 134.333 1.014 
5 0 2 15 130.863 0.986 
5 0 2 16 125.947 65.994 
5 0 2 17 149.953 75.952 
5 0 2 18 122.153 72.806 
5 0 2 19 114.933 78.146 
5 0 2 20 120.610 80.018 
5 0 2 21 155.457 85.696 
5 0 2 22 125.327 79.494 
5 0 2 23 184.083 83.577 
5 0 2 24 145.350 88.697 
5 0 2 25 112.380 81.718 
5 0 2 26 143.233 89.262 
5 0 2 27 152.430 76.172 
5 0 2 28 150.847 88.308 
5 0 2 29 144.300 86.076 
5 0 2 30 127.503 76.417 
5 0 2 31 113.600 65.488 
5 0 3 0 170.153 3.282 
5 0 3 1 177.790 3.195 
5 0 3 2 118.930 3.031 
5 0 3 3 152.880 3.288 
5 0 3 4 132.413 2.985 
5 0 3 5 146.173 3.261 
5 0 3 6 169.643 3.670 
5 0 3 7 162.040 3.230 
5 0 3 8 208.790 3.680 
5 0 3 9 130.730 3.204 
5 0 3 10 133.990 3.149 
5 0 3 11 162.817 3.538 
5 0 3 12 139.877 3.483 
5 0 3 13 143.920 3.514 
5 0 3 14 112.643 3.854 
5 0 3 15 163.600 4.181 
5 0 3 16 157.337 3.943 
5 0 3 17 178.533 3.496 
5 0 3 18 157.603 3.422 
5 0 3 19 221.023 3.217 
5 0 3 20 139.297 2.933 
5 0 3 21 121.853 3.351 
5 0 3 22 130.803 2.985 
5 0 3 23 161.667 3.338 
5 0 3 24 114.187 2.678 
5 0 3 25 178.103 3.033 
5 0 3 26 95.840 2.607 
5 0 3 27 112.437 3.076 
5 0 3 28 169.917 2.992 
5 0 3 29 162.447 3.318 
5 0 3 30 158.933 2.884 
5 0 3 31 130.883 2.821 
5 0 4 0 127.577 3.343 
5 0 4 1 168.013 3.224 
5 0 4 2 180.680 4.258 
5 0 4 3 145.410 3.629 
5 0 4 4 123.310 3.454 
5 0 4 5 125.707 3.872 
5 0 4 6 129.770 3.349 
5 0 4 7 145.850 3.895 
5 0 4 8 108.950 3.502 
5 0 4 9 116.767 3.727 
5 0 4 10 130.730 3.405 
5 0 4 11 170.583 3.540 
5 0 4 12 147.710 3.476 
5 0 4 13 168.463 3.645 
5 0 4 14 173.730 3.993 
5 0 4 15 151.150 0.913 
5 0 4 16 157.987 4.066 
5 0 4 17 109.023 3.588 
5 0 4 18 151.547 3.403 
5 0 4 19 168.777 3.368 
5 0 4 20 167.483 3.440 
5 0 4 21 152.230 3.410 
5 0 4 22 118.740 3.455 
5 0 4 23 140.437 3.299 
5 0 4 24 152.610 3.156 
5 0 4 25 142.100 3.122 
5 0 4 26 120.930 3.182 
5 0 4 27 193.373 3.189 
5 0 4 28 155.400 3.414 
5 0 4 29 125.833 4.207 
5 0 4 30 108.987 3.071 
5 0 4 31 120.060 3.185 
5 0 5 0 0.000 0.000 
5 0 5 1 0.000 0.000 
5 0 5 2 0.000 0.000 
5 0 5 3 0.000 0.000 
5 0 5 4 0.000 0.000 
5 0 5 5 0.000 0.000 
5 0 5 6 0.000 0.000 
5 0 5 7 0.000 0.000 
5 0 5 8 0.000 0.000 
5 0 5 9 0.000 0.000 
5 0 5 10 0.000 0.000 
5 0 5 11 0.000 0.000 
5 0 5 12 0.000 0.000 
5 0 5 13 0.000 0.000 
5 0 5 14 0.000 0.000 
5 0 5 15 0.000 0.000 
5 0 5 16 0.000 0.000 
5 0 5 17 0.000 0.000 
5 0 5 18 0.000 0.000 
5 0 5 19 0.000 0.000 
5 0 5 20 0.000 0.000 
5 0 5 21 0.000 0.000 
5 0 5 22 0.000 0.000 
5 0 5 23 0.000 0.000 
5 0 5 24 0.000 0.000 
5 0 5 25 0.000 0.000 
5 0 5 26 0.000 0.000 
5 0 5 27 0.000 0.000 
5 0 5 28 0.000 0.000 
5 0 5 29 0.000 0.000 
5 0 5 30 0.000 0.000 
5 0 5 31 0.000 0.000 
5 1 0 0 141.863 3.523 
5 1 0 1 150.213 2.962 
5 1 0 2 141.563 3.309 
5 1 0 3 134.933 3.484 
5 1 0 4 138.123 3.217 
5 1 0 5 144.153 3.634 
5 1 0 6 105.503 3.130 
5 1 0 7 115.380 3.894 
5 1 0 8 120.530 3.854 
5 1 0 9 134.503 3.752 
5 1 0 10 172.927 4.195 
5 1 0 11 149.693 3.318 
5 1 0 12 159.867 3.551 
5 1 0 13 107.090 4.002 
5 1 0 14 89.663 4.071 
5 1 0 15 158.090 5.235 
5 1 0 16 156.387 5.157 
5 1 0 17 144.937 4.091 
5 1 0 18 143.067 3.213 
5 1 0 19 122.313 3.658 
5 1 0 20 183.317 3.307 
5 1 0 21 129.053 3.841 
5 1 0 22 132.917 3.961 
5 1 0 23 107.973 3.631 
5 1 0 24 147.527 3.673 
5 1 0 25 152.080 3.327 
5 1 0 26 154.697 3.592 
5 1 0 27 125.413 3.716 
5 1 0 28 143.487 3.228 
5 1 0 29 154.723 3.095 
5 1 0 30 195.850 2.925 
5 1 0 31 157.580 3.349 
5 1 1 0 135.940 2.974 
5 1 1 1 156.810 3.123 
5 1 1 2 100.950 3.125 
5 1 1 3 161.853 2.933 
5 1 1 4 120.657 3.366 
5 1 1 5 189.420 3.773 
5 1 1 6 135.947 3.247 
5 1 1 7 151.640 3.060 
5 1 1 8 136.267 4.881 
5 1 1 9 149.090 2.766 
5 1 1 10 175.547 3.407 
5 1 1 11 145.153 3.329 
5 1 1 12 164.610 2.625 
5 1 1 13 132.217 3.627 
5 1 1 14 134.297 3.963 
5 1 1 15 159.797 4.472 
5 1 1 16 132.933 4.000 
5 1 1 17 178.657 3.521 
5 1 1 18 148.337 3.329 
5 1 1 19 163.660 2.990 
5 1 1 20 117.170 3.203 
5 1 1 21 173.903 3.271 
5 1 1 22 118.020 2.981 
5 1 1 23 144.077 3.475 
5 1 1 24 144.423 2.994 
5 1 1 25 161.510 3.355 
5 1 1 26 161.880 2.822 
5 1 1 27 194.730 3.296 
5 1 1 28 135.857 3.212 
5 1 1 29 133.507 2.725 
5 1 1 30 112.363 2.812 
5 1 1 31 154.990 3.145 
5 1 2 0 137.467 71.579 
5 1 2 1 165.557 76.944 
5 1 2 2 156.033 73.313 
5 1 2 3 158.353 79.220 
5 1 2 4 120.943 76.403 
5 1 2 5 102.793 73.180 
5 1 2 6 160.150 82.473 
5 1 2 7 141.507 75.287 
5 1 2 8 114.043 79.961 
5 1 2 9 131.803 82.401 
5 1 2 10 147.383 87.200 
5 1 2 11 97.547 74.243 
5 1 2 12 121.910 72.243 
5 1 2 13 130.977 1.218 
5 1 2 14 130.820 82.053 
5 1 2 15 147.250 75.521 
5 1 2 16 138.160 65.917 
5 1 2 17 164.520 77.437 
5 1 2 18 160.930 77.814 
5 1 2 19 134.123 80.848 
5 1 2 20 137.307 73.931 
5 1 2 21 154.903 78.628 
5 1 2 22 155.800 76.525 
5 1 2 23 180.810 81.052 
5 1 2 24 128.437 77.362 
5 1 2 25 130.690 84.697 
5 1 2 26 130.533 80.768 
5 1 2 27 175.133 85.225 
5 1 2 28 113.140 70.183 
5 1 2 29 131.487 72.221 
5 1 2 30 114.363 68.441 
5 1 2 31 148.303 64.947 
5 1 3 0 117.087 69.484 
5 1 3 1 123.667 75.362 
5 1 3 2 147.590 76.601 
5 1 3 3 125.417 77.702 
5 1 3 4 131.207 77.933 
5 1 3 5 145.467 84.384 
5 1 3 6 111.777 73.523 
5 1 3 7 137.910 75.725 
5 1 3 8 135.337 82.112 
5 1 3 9 125.713 75.384 
5 1 3 10 127.883 83.546 
5 1 3 11 129.747 77.861 
5 1 3 12 133.100 89.392 
5 1 3 13 156.100 89.949 
5 1 3 14 166.267 88.632 
5 1 3 15 115.087 73.849 
5 1 3 16 158.887 73.800 
5 1 3 17 95.393 71.112 
5 1 3 18 105.713 78.722 
5 1 3 19 194.360 92.910 
5 1 3 20 178.877 79.460 
5 1 3 21 128.430 81.130 
5 1 3 22 165.490 87.193 
5 1 3 23 94.647 70.179 
5 1 3 24 125.390 95.341 
5 1 3 25 169.401 99.396 
5 1 3 26 161.573 90.293 
5 1 3 27 150.820 84.564 
5 1 3 28 133.500 79.295 
5 1 3 29 171.103 81.488 
5 1 3 30 123.793 71.822 
5 1 3 31 195.653 76.502 
5 1 4 0 95.067 14.156 
5 1 4 1 116.730 15.303 
5 1 4 2 137.850 0.744 
5 1 4 3 163.520 16.117 
5 1 4 4 108.193 15.840 
5 1 4 5 169.480 15.676 
5 1 4 6 183.977 15.592 
5 1 4 7 132.873 17.279 
5 1 4 8 143.073 16.450 
5 1 4 9 125.813 15.463 
5 1 4 10 125.767 16.343 
5 1 4 11 110.397 16.358 
5 1 4 12 157.300 16.727 
5 1 4 13 171.440 17.212 
5 1 4 14 133.430 16.211 
5 1 4 15 102.707 16.835 
5 1 4 16 116.260 23.740 
5 1 4 17 128.077 23.814 
5 1 4 18 84.087 23.302 
5 1 4 19 101.637 27.029 
5 1 4 20 136.407 1.742 
5 1 4 21 103.047 33.836 
5 1 4 22 139.400 32.657 
5 1 4 23 86.407 22.480 
5 1 4 24 120.837 25.517 
5 1 4 25 146.890 29.791 
5 1 4 26 113.133 24.753 
5 1 4 27 174.527 18.371 
5 1 4 28 146.637 17.047 
5 1 4 29 137.300 15.858 
5 1 4 30 90.930 15.147 
5 1 4 31 144.473 16.005 
5 1 5 0 145.273 2.940 
5 1 5 1 179.157 3.294 
5 1 5 2 126.713 3.187 
5 1 5 3 146.087 3.196 
5 1 5 4 149.647 3.208 
5 1 5 5 145.930 3.315 
5 1 5 6 162.673 3.369 
5 1 5 7 152.023 1.028 
5 1 5 8 161.923 4.482 
5 1 5 9 120.083 5.890 
5 1 5 10 116.517 4.580 
5 1 5 11 131.000 3.507 
5 1 5 12 123.713 3.550 
5 1 5 13 146.230 4.107 
5 1 5 14 120.540 4.881 
5 1 5 15 90.360 5.104 
5 1 5 16 115.823 3.833 
5 1 5 17 142.720 4.442 
5 1 5 18 197.410 4.267 
5 1 5 19 130.820 3.965 
5 1 5 20 179.300 4.127 
5 1 5 21 130.417 3.429 
5 1 5 22 166.617 3.730 
5 1 5 23 135.683 3.785 
5 1 5 24 173.073 3.211 
5 1 5 25 129.453 3.178 
5 1 5 26 100.867 3.106 
5 1 5 27 108.770 2.938 
5 1 5 28 158.230 3.180 
5 1 5 29 127.990 2.783 
5 1 5 30 158.553 3.026 
5 1 5 31 130.917 2.377 
5 2 0 0 184.797 0.873 
5 2 0 1 120.930 12.888 
5 2 0 2 105.793 11.798 
5 2 0 3 151.423 12.589 
5 2 0 4 134.437 13.142 
5 2 0 5 119.327 12.655 
5 2 0 6 162.410 13.467 
5 2 0 7 125.077 12.733 
5 2 0 8 139.017 12.780 
5 2 0 9 110.793 13.670 
5 2 0 10 154.643 11.694 
5 2 0 11 148.217 12.883 
5 2 0 12 127.207 12.905 
5 2 0 13 139.797 13.270 
5 2 0 14 158.023 13.224 
5 2 0 15 137.810 13.403 
5 2 0 16 102.593 11.013 
5 2 0 17 116.987 11.646 
5 2 0 18 149.437 11.325 
5 2 0 19 132.943 11.995 
5 2 0 20 139.753 11.418 
5 2 0 21 131.747 10.606 
5 2 0 22 123.497 12.148 
5 2 0 23 151.990 10.697 
5 2 0 24 168.467 13.290 
5 2 0 25 136.763 12.500 
5 2 0 26 129.847 12.280 
5 2 0 27 118.890 12.750 
5 2 0 28 131.913 11.549 
5 2 0 29 163.187 11.811 
5 2 0 30 159.623 11.662 
5 2 0 31 164.333 12.463 
5 2 1 0 192.427 3.301 
5 2 1 1 130.387 3.854 
5 2 1 2 142.857 3.504 
5 2 1 3 149.063 3.393 
5 2 1 4 179.637 3.803 
5 2 1 5 132.830 3.482 
5 2 1 6 147.347 3.749 
5 2 1 7 119.997 4.158 
5 2 1 8 142.730 3.658 
5 2 1 9 131.977 3.817 
5 2 1 10 152.480 4.034 
5 2 1 11 143.110 3.687 
5 2 1 12 120.073 4.105 
5 2 1 13 183.963 4.266 
5 2 1 14 98.573 3.921 
5 2 1 15 127.013 4.877 
5 2 1 16 143.547 4.592 
5 2 1 17 145.747 3.459 
5 2 1 18 129.120 3.723 
5 2 1 19 192.400 4.000 
5 2 1 20 107.787 3.168 
5 2 1 21 111.290 3.491 
5 2 1 22 148.603 3.287 
5 2 1 23 138.013 3.427 
5 2 1 24 131.107 3.677 
5 2 1 25 155.870 3.336 
5 2 1 26 132.613 3.349 
5 2 1 27 182.537 3.484 
5 2 1 28 156.127 3.613 
5 2 1 29 153.527 3.534 
5 2 1 30 126.703 3.116 
5 2 1 31 155.353 3.027 
5 2 2 0 128.253 8.171 
5 2 2 1 153.600 5.822 
5 2 2 2 99.100 5.277 
5 2 2 3 139.653 5.701 
5 2 2 4 114.847 6.527 
5 2 2 5 129.070 6.667 
5 2 2 6 173.793 9.110 
5 2 2 7 108.473 23.936 
5 2 2 8 118.847 46.437 
5 2 2 9 125.843 57.161 
5 2 2 10 98.170 52.868 
5 2 2 11 118.583 55.538 
5 2 2 12 141.327 55.856 
5 2 2 13 104.720 48.689 
5 2 2 14 189.660 46.391 
5 2 2 15 138.237 23.434 
5 2 2 16 161.653 32.072 
5 2 2 17 121.163 46.768 
5 2 2 18 190.620 56.287 
5 2 2 19 161.027 56.168 
5 2 2 20 168.107 57.354 
5 2 2 21 142.860 47.909 
5 2 2 22 143.790 33.689 
5 2 2 23 112.330 15.233 
5 2 2 24 160.163 5.510 
5 2 2 25 133.037 5.240 
5 2 2 26 133.683 5.656 
5 2 2 27 135.423 5.556 
5 2 2 28 134.520 6.405 
5 2 2 29 140.743 5.242 
5 2 2 30 122.403 4.764 
5 2 2 31 161.083 4.523 
5 2 3 0 153.913 2.908 
5 2 3 1 101.827 2.698 
5 2 3 2 134.627 2.820 
5 2 3 3 141.147 3.143 
5 2 3 4 135.197 0.933 
5 2 3 5 179.113 3.263 
5 2 3 6 119.187 2.799 
5 2 3 7 139.560 3.024 
5 2 3 8 118.737 3.190 
5 2 3 9 138.010 3.581 
5 2 3 10 108.930 3.707 
5 2 3 11 155.640 5.231 
5 2 3 12 161.117 6.302 
5 2 3 13 135.170 7.404 
5 2 3 14 132.297 13.111 
5 2 3 15 154.437 15.970 
5 2 3 16 182.370 32.074 
5 2 3 17 156.217 41.971 
5 2 3 18 175.073 46.445 
5 2 3 19 120.120 46.198 
5 2 3 20 194.447 43.765 
5 2 3 21 145.573 33.451 
5 2 3 22 103.217 19.425 
5 2 3 23 117.317 6.645 
5 2 3 24 151.720 3.697 
5 2 3 25 165.193 3.270 
5 2 3 26 178.217 3.131 
5 2 3 27 142.703 3.127 
5 2 3 28 145.933 3.057 
5 2 3 29 131.817 2.925 
5 2 3 30 198.440 3.053 
5 2 3 31 146.360 2.958 
5 2 4 0 119.810 73.042 
5 2 4 1 108.463 72.321 
5 2 4 2 120.497 75.672 
5 2 4 3 145.633 91.147 
5 2 4 4 96.983 67.152 
5 2 4 5 104.157 1.288 
5 2 4 6 136.843 91.940 
5 2 4 7 118.070 80.680 
5 2 4 8 149.467 87.962 
5 2 4 9 122.867 81.893 
5 2 4 10 153.440 98.030 
5 2 4 11 145.123 99.946 
5 2 4 12 97.403 70.898 
5 2 4 13 117.903 81.531 
5 2 4 14 127.530 83.019 
5 2 4 15 101.480 71.045 
5 2 4 16 114.867 80.819 
5 2 4 17 103.800 76.142 
5 2 4 18 124.703 83.978 
5 2 4 19 123.670 81.643 
5 2 4 20 149.410 94.308 
5 2 4 21 93.070 69.191 
5 2 4 22 148.903 96.772 
5 2 4 23 167.433 103.733 
5 2 4 24 126.857 89.846 
5 2 4 25 148.237 104.086 
5 2 4 26 114.403 81.463 
5 2 4 27 178.662 109.078 
5 2 4 28 182.309 106.579 
5 2 4 29 135.540 88.913 
5 2 4 30 138.603 82.100 
5 2 4 31 158.430 81.691 
5 2 5 0 123.183 6.489 
5 2 5 1 151.497 7.513 
5 2 5 2 117.233 8.202 
5 2 5 3 165.857 7.973 
5 2 5 4 122.567 8.345 
5 2 5 5 137.323 8.663 
5 2 5 6 116.860 7.509 
5 2 5 7 154.933 8.172 
5 2 5 8 106.657 1.395 
5 2 5 9 177.780 9.584 
5 2 5 10 100.133 8.358 
5 2 5 11 157.133 7.994 
5 2 5 12 106.100 7.946 
5 2 5 13 109.103 7.829 
5 2 5 14 156.990 8.896 
5 2 5 15 115.967 7.577 
5 2 5 16 141.287 7.337 
5 2 5 17 141.530 12.456 
5 2 5 18 155.380 13.575 
5 2 5 19 142.943 12.392 
5 2 5 20 158.087 9.787 
5 2 5 21 176.907 9.335 
5 2 5 22 164.733 9.335 
5 2 5 23 174.060 9.220 
5 2 5 24 103.980 9.240 
5 2 5 25 136.580 9.172 
5 2 5 26 92.803 8.392 
5 2 5 27 157.173 8.364 
5 2 5 28 166.943 8.464 
5 2 5 29 162.303 8.573 
5 2 5 30 162.607 7.690 
5 2 5 31 166.720 6.454 
5 3 0 0 122.837 3.542 
5 3 0 1 133.097 3.117 
5 3 0 2 154.100 3.658 
5 3 0 3 128.647 3.826 
5 3 0 4 150.943 3.383 
5 3 0 5 125.757 3.529 
5 3 0 6 144.910 3.507 
5 3 0 7 145.713 3.235 
5 3 0 8 93.737 3.847 
5 3 0 9 136.263 3.642 
5 3 0 10 144.703 3.798 
5 3 0 11 170.843 3.657 
5 3 0 12 180.057 3.924 
5 3 0 13 148.443 4.289 
5 3 0 14 138.677 4.702 
5 3 0 15 115.137 0.897 
5 3 0 16 168.163 5.694 
5 3 0 17 122.230 5.300 
5 3 0 18 90.533 3.649 
5 3 0 19 108.603 3.841 
5 3 0 20 120.447 4.220 
5 3 0 21 129.230 3.400 
5 3 0 22 127.860 3.840 
5 3 0 23 160.687 3.999 
5 3 0 24 190.197 15.369 
5 3 0 25 158.843 10.074 
5 3 0 26 109.603 8.030 
5 3 0 27 117.387 6.070 
5 3 0 28 129.227 4.684 
5 3 0 29 174.690 4.887 
5 3 0 30 94.843 5.962 
5 3 0 31 137.647 4.971 
5 3 1 0 136.807 1.353 
5 3 1 1 138.073 15.938 
5 3 1 2 118.513 15.235 
5 3 1 3 115.233 15.124 
5 3 1 4 107.013 12.981 
5 3 1 5 105.047 13.501 
5 3 1 6 136.940 15.929 
5 3 1 7 108.380 15.509 
5 3 1 8 110.623 15.542 
5 3 1 9 123.633 15.265 
5 3 1 10 120.647 15.903 
5 3 1 11 137.980 16.636 
5 3 1 12 143.863 16.061 
5 3 1 13 119.747 16.254 
5 3 1 14 149.277 16.385 
5 3 1 15 127.283 17.368 
5 3 1 16 140.247 43.641 
5 3 1 17 122.760 39.497 
5 3 1 18 126.667 34.906 
5 3 1 19 174.523 25.172 
5 3 1 20 144.037 20.296 
5 3 1 21 93.517 16.401 
5 3 1 22 143.917 14.795 
5 3 1 23 97.780 17.149 
5 3 1 24 145.100 28.221 
5 3 1 25 142.317 20.709 
5 3 1 26 71.830 15.519 
5 3 1 27 146.043 17.289 
5 3 1 28 144.890 16.708 
5 3 1 29 118.207 16.302 
5 3 1 30 109.870 16.534 
5 3 1 31 148.083 16.964 
5 3 2 0 85.103 1.587 
5 3 2 1 97.097 7.907 
5 3 2 2 103.463 7.966 
5 3 2 3 148.410 8.345 
5 3 2 4 145.417 9.026 
5 3 2 5 98.957 8.072 
5 3 2 6 66.657 7.601 
5 3 2 7 124.417 9.571 
5 3 2 8 129.170 14.099 
5 3 2 9 112.850 13.315 
5 3 2 10 103.937 13.280 
5 3 2 11 110.910 11.149 
5 3 2 12 142.283 12.418 
5 3 2 13 154.973 13.533 
5 3 2 14 113.120 14.322 
5 3 2 15 104.480 13.010 
5 3 2 16 131.490 57.110 
5 3 2 17 147.653 73.044 
5 3 2 18 130.013 69.012 
5 3 2 19 140.503 77.001 
5 3 2 20 123.723 74.542 
5 3 2 21 98.800 74.107 
5 3 2 22 112.313 77.943 
5 3 2 23 154.833 88.062 
5 3 2 24 133.113 96.749 
5 3 2 25 140.577 101.971 
5 3 2 26 88.837 72.316 
5 3 2 27 120.820 80.611 
5 3 2 28 110.693 69.707 
5 3 2 29 80.247 59.314 
5 3 2 30 135.350 73.749 
5 3 2 31 137.990 55.992 
5 3 3 0 107.230 68.782 
5 3 3 1 101.510 73.461 
5 3 3 2 145.827 84.846 
5 3 3 3 116.403 82.087 
5 3 3 4 127.817 85.140 
5 3 3 5 144.707 93.995 
5 3 3 6 118.907 87.128 
5 3 3 7 137.180 79.252 
5 3 3 8 147.487 83.560 
5 3 3 9 118.210 89.962 
5 3 3 10 142.577 90.479 
5 3 3 11 131.943 84.732 
5 3 3 12 111.573 82.641 
5 3 3 13 131.927 89.426 
5 3 3 14 133.897 7.376 
5 3 3 15 124.797 79.265 
5 3 3 16 155.710 69.830 
5 3 3 17 116.273 78.657 
5 3 3 18 127.180 89.317 
5 3 3 19 95.373 81.456 
5 3 3 20 128.517 84.898 
5 3 3 21 111.137 79.829 
5 3 3 22 111.283 90.697 
5 3 3 23 118.570 96.304 
5 3 3 24 155.763 109.720 
5 3 3 25 121.013 96.462 
5 3 3 26 130.983 95.646 
5 3 3 27 130.707 97.723 
5 3 3 28 138.110 94.669 
5 3 3 29 122.950 90.589 
5 3 3 30 95.057 71.127 
5 3 3 31 140.997 71.668 
5 3 4 0 157.723 61.668 
5 3 4 1 167.020 75.882 
5 3 4 2 95.327 56.707 
5 3 4 3 188.267 83.161 
5 3 4 4 127.887 70.170 
5 3 4 5 130.727 70.817 
5 3 4 6 134.397 68.450 
5 3 4 7 84.477 55.853 
5 3 4 8 138.613 75.742 
5 3 4 9 125.050 75.874 
5 3 4 10 128.397 78.609 
5 3 4 11 135.493 1.250 
5 3 4 12 133.427 78.602 
5 3 4 13 139.167 78.348 
5 3 4 14 143.827 74.978 
5 3 4 15 139.430 70.082 
5 3 4 16 136.050 54.377 
5 3 4 17 118.947 65.206 
5 3 4 18 162.667 85.572 
5 3 4 19 190.080 88.678 
5 3 4 20 132.823 0.986 
5 3 4 21 138.143 1.015 
5 3 4 22 159.600 85.977 
5 3 4 23 163.167 75.076 
5 3 4 24 190.483 104.866 
5 3 4 25 146.620 88.096 
5 3 4 26 162.030 97.005 
5 3 4 27 153.183 94.378 
5 3 4 28 146.287 83.892 
5 3 4 29 184.127 89.778 
5 3 4 30 152.710 64.526 
5 3 4 31 124.757 1.232 
5 3 5 0 132.963 5.898 
5 3 5 1 149.777 6.299 
5 3 5 2 108.383 6.628 
5 3 5 3 144.757 6.837 
5 3 5 4 144.880 6.905 
5 3 5 5 115.977 7.402 
5 3 5 6 116.883 8.246 
5 3 5 7 129.537 8.680 
5 3 5 8 148.197 38.562 
5 3 5 9 115.050 40.563 
5 3 5 10 122.843 0.871 
5 3 5 11 168.387 40.156 
5 3 5 12 155.797 38.629 
5 3 5 13 146.257 37.370 
5 3 5 14 156.397 43.371 
5 3 5 15 119.500 36.601 
5 3 5 16 107.863 41.702 
5 3 5 17 128.070 55.014 
5 3 5 18 144.480 64.660 
5 3 5 19 175.110 60.320 
5 3 5 20 146.347 51.933 
5 3 5 21 150.490 39.266 
5 3 5 22 138.920 26.790 
5 3 5 23 136.240 19.851 
5 3 5 24 112.373 7.554 
5 3 5 25 168.023 7.295 
5 3 5 26 108.880 7.439 
5 3 5 27 166.480 7.245 
5 3 5 28 137.330 6.240 
5 3 5 29 144.377 6.342 
5 3 5 30 135.213 5.852 
5 3 5 31 157.233 5.218 
5 4 0 0 121.907 5.827 
5 4 0 1 138.350 5.763 
5 4 0 2 124.683 5.615 
5 4 0 3 124.227 5.866 
5 4 0 4 149.220 5.780 
5 4 0 5 137.937 5.541 
5 4 0 6 104.537 7.155 
5 4 0 7 121.193 7.820 
5 4 0 8 123.763 6.695 
5 4 0 9 148.067 6.602 
5 4 0 10 111.633 6.370 
5 4 0 11 138.200 6.003 
5 4 0 12 145.223 6.594 
5 4 0 13 121.737 7.222 
5 4 0 14 124.337 7.148 
5 4 0 15 103.930 9.471 
5 4 0 16 122.480 6.774 
5 4 0 17 132.100 4.667 
5 4 0 18 103.910 4.295 
5 4 0 19 134.083 3.941 
5 4 0 20 165.330 3.642 
5 4 0 21 160.920 3.720 
5 4 0 22 160.440 3.962 
5 4 0 23 164.720 4.254 
5 4 0 24 183.277 5.895 
5 4 0 25 108.057 4.156 
5 4 0 26 164.977 3.573 
5 4 0 27 175.833 4.051 
5 4 0 28 105.140 3.549 
5 4 0 29 186.697 3.580 
5 4 0 30 143.687 3.169 
5 4 0 31 131.663 3.450 
5 4 1 0 104.503 3.655 
5 4 1 1 83.917 2.876 
5 4 1 2 186.717 3.332 
5 4 1 3 117.647 3.241 
5 4 1 4 137.940 3.446 
5 4 1 5 193.297 3.456 
5 4 1 6 132.530 3.614 
5 4 1 7 121.653 7.582 
5 4 1 8 133.753 4.395 
5 4 1 9 133.097 4.503 
5 4 1 10 117.720 4.097 
5 4 1 11 118.303 4.318 
5 4 1 12 138.610 4.329 
5 4 1 13 88.263 4.817 
5 4 1 14 122.407 5.390 
5 4 1 15 123.100 5.761 
5 4 1 16 117.103 6.135 
5 4 1 17 137.017 4.655 
5 4 1 18 129.710 4.116 
5 4 1 19 174.790 4.213 
5 4 1 20 189.763 4.569 
5 4 1 21 84.583 3.677 
5 4 1 22 104.937 4.002 
5 4 1 23 144.793 5.376 
5 4 1 24 127.623 26.783 
5 4 1 25 126.967 20.342 
5 4 1 26 185.270 23.060 
5 4 1 27 182.600 29.090 
5 4 1 28 93.297 26.054 
5 4 1 29 152.823 26.589 
5 4 1 30 140.803 19.208 
5 4 1 31 176.837 9.218 
5 4 2 0 139.890 4.189 
5 4 2 1 139.670 4.408 
5 4 2 2 104.983 4.457 
5 4 2 3 116.010 4.969 
5 4 2 4 132.607 5.063 
5 4 2 5 110.880 5.173 
5 4 2 6 94.047 5.492 
5 4 2 7 104.057 6.393 
5 4 2 8 102.470 6.065 
5 4 2 9 121.480 6.225 
5 4 2 10 107.080 5.657 
5 4 2 11 131.860 5.528 
5 4 2 12 99.167 5.624 
5 4 2 13 107.687 7.001 
5 4 2 14 143.637 6.578 
5 4 2 15 139.853 7.298 
5 4 2 16 142.337 33.866 
5 4 2 17 142.780 47.965 
5 4 2 18 118.283 48.426 
5 4 2 19 125.943 49.573 
5 4 2 20 140.523 51.631 
5 4 2 21 111.120 47.237 
5 4 2 22 118.023 48.025 
5 4 2 23 148.277 33.230 
5 4 2 24 126.357 11.458 
5 4 2 25 120.947 12.944 
5 4 2 26 116.950 15.748 
5 4 2 27 138.127 22.317 
5 4 2 28 74.413 23.765 
5 4 2 29 108.047 37.488 
5 4 2 30 129.510 41.491 
5 4 2 31 112.593 33.236 
5 4 3 0 148.720 48.819 
5 4 3 1 161.610 55.188 
5 4 3 2 122.863 54.906 
5 4 3 3 156.433 56.812 
5 4 3 4 156.943 61.916 
5 4 3 5 112.953 55.885 
5 4 3 6 140.877 60.340 
5 4 3 7 146.167 68.694 
5 4 3 8 126.410 73.621 
5 4 3 9 120.567 77.991 
5 4 3 10 150.527 75.400 
5 4 3 11 117.613 67.365 
5 4 3 12 152.367 69.884 
5 4 3 13 139.273 69.410 
5 4 3 14 124.847 66.753 
5 4 3 15 130.960 58.083 
5 4 3 16 94.140 49.810 
5 4 3 17 144.227 71.043 
5 4 3 18 148.190 72.800 
5 4 3 19 143.163 72.606 
5 4 3 20 126.613 71.570 
5 4 3 21 132.537 72.589 
5 4 3 22 122.220 71.612 
5 4 3 23 110.343 67.801 
5 4 3 24 115.647 70.144 
5 4 3 25 160.540 75.288 
5 4 3 26 129.507 68.842 
5 4 3 27 179.563 67.216 
5 4 3 28 121.390 61.057 
5 4 3 29 158.953 58.247 
5 4 3 30 154.843 60.735 
5 4 3 31 178.653 55.315 
5 4 4 0 131.807 45.976 
5 4 4 1 158.280 66.341 
5 4 4 2 120.720 66.727 
5 4 4 3 97.043 59.881 
5 4 4 4 124.703 67.322 
5 4 4 5 137.663 67.719 
5 4 4 6 135.387 60.164 
5 4 4 7 107.587 49.090 
5 4 4 8 133.150 46.812 
5 4 4 9 123.037 62.801 
5 4 4 10 136.630 72.202 
5 4 4 11 115.267 63.655 
5 4 4 12 141.213 71.097 
5 4 4 13 130.943 66.179 
5 4 4 14 128.617 65.685 
5 4 4 15 94.127 54.321 
5 4 4 16 81.770 51.735 
5 4 4 17 131.947 66.499 
5 4 4 18 106.347 67.524 
5 4 4 19 136.083 70.853 
5 4 4 20 159.503 71.538 
5 4 4 21 158.793 75.014 
5 4 4 22 132.063 65.775 
5 4 4 23 150.920 60.529 
5 4 4 24 213.017 36.714 
5 4 4 25 118.760 52.073 
5 4 4 26 179.240 56.311 
5 4 4 27 130.270 48.540 
5 4 4 28 159.357 50.944 
5 4 4 29 198.313 1.096 
5 4 4 30 182.413 43.836 
5 4 4 31 123.410 32.596 
5 4 5 0 146.923 6.468 
5 4 5 1 158.407 4.839 
5 4 5 2 100.060 6.452 
5 4 5 3 132.350 6.930 
5 4 5 4 136.380 6.965 
5 4 5 5 134.673 8.349 
5 4 5 6 171.827 8.708 
5 4 5 7 140.927 9.437 
5 4 5 8 130.177 50.581 
5 4 5 9 151.043 73.402 
5 4 5 10 129.137 69.355 
5 4 5 11 135.523 68.893 
5 4 5 12 116.103 58.836 
5 4 5 13 128.967 51.934 
5 4 5 14 136.070 49.796 
5 4 5 15 115.503 38.978 
5 4 5 16 132.257 0.866 
5 4 5 17 126.680 17.824 
5 4 5 18 159.127 11.374 
5 4 5 19 110.423 8.963 
5 4 5 20 127.640 9.870 
5 4 5 21 157.877 10.780 
5 4 5 22 117.680 8.656 
5 4 5 23 107.963 6.016 
5 4 5 24 122.303 12.801 
5 4 5 25 116.220 7.468 
5 4 5 26 151.633 5.221 
5 4 5 27 137.930 4.947 
5 4 5 28 137.343 4.520 
5 4 5 29 128.170 4.462 
5 4 5 30 90.880 4.194 
5 4 5 31 154.707 4.431 
5 5 0 0 170.820 0.884 
5 5 0 1 121.517 0.709 
5 5 0 2 154.007 0.663 
5 5 0 3 150.020 0.945 
5 5 0 4 128.580 0.933 
5 5 0 5 73.617 0.685 
5 5 0 6 141.300 0.794 
5 5 0 7 178.517 0.850 
5 5 0 8 138.967 5.066 
5 5 0 9 104.300 4.996 
5 5 0 10 158.603 4.670 
5 5 0 11 117.883 4.434 
5 5 0 12 155.710 4.547 
5 5 0 13 128.867 4.512 
5 5 0 14 150.147 4.252 
5 5 0 15 128.130 4.851 
5 5 0 16 159.440 1.055 
5 5 0 17 114.440 0.902 
5 5 0 18 173.940 0.889 
5 5 0 19 173.657 3.801 
5 5 0 20 111.343 3.654 
5 5 0 21 149.727 3.982 
5 5 0 22 124.000 0.963 
5 5 0 23 140.833 3.556 
5 5 0 24 118.667 7.600 
5 5 0 25 161.693 9.817 
5 5 0 26 150.933 0.981 
5 5 0 27 150.837 9.446 
5 5 0 28 146.563 9.675 
5 5 0 29 171.293 7.527 
5 5 0 30 135.420 3.723 
5 5 0 31 147.303 3.777 
5 5 1 0 94.113 2.619 
5 5 1 1 136.677 2.492 
5 5 1 2 85.253 2.710 
5 5 1 3 115.843 3.016 
5 5 1 4 134.363 2.779 
5 5 1 5 168.073 2.826 
5 5 1 6 143.973 2.534 
5 5 1 7 132.377 3.105 
5 5 1 8 122.210 3.433 
5 5 1 9 134.500 3.324 
5 5 1 10 142.530 3.072 
5 5 1 11 130.290 3.075 
5 5 1 12 116.563 3.036 
5 5 1 13 117.980 3.183 
5 5 1 14 119.367 3.996 
5 5 1 15 97.057 3.936 
5 5 1 16 136.907 3.899 
5 5 1 17 118.443 2.857 
5 5 1 18 189.710 3.168 
5 5 1 19 119.370 2.712 
5 5 1 20 146.883 2.729 
5 5 1 21 112.390 3.006 
5 5 1 22 98.907 3.767 
5 5 1 23 139.367 5.258 
5 5 1 24 158.153 2.815 
5 5 1 25 134.610 2.597 
5 5 1 26 106.190 3.313 
5 5 1 27 132.583 5.098 
5 5 1 28 118.640 5.253 
5 5 1 29 136.410 3.610 
5 5 1 30 120.490 3.121 
5 5 1 31 148.457 2.824 
5 5 2 0 132.723 2.782 
5 5 2 1 99.890 2.898 
5 5 2 2 160.063 2.747 
5 5 2 3 130.217 2.789 
5 5 2 4 131.257 2.954 
5 5 2 5 189.130 3.194 
5 5 2 6 118.620 3.384 
5 5 2 7 126.023 3.275 
5 5 2 8 115.880 3.429 
5 5 2 9 137.357 3.645 
5 5 2 10 107.857 3.281 
5 5 2 11 153.980 3.387 
5 5 2 12 174.040 3.495 
5 5 2 13 137.770 3.479 
5 5 2 14 88.450 3.516 
5 5 2 15 181.713 4.599 
5 5 2 16 121.730 4.165 
5 5 2 17 108.113 3.401 
5 5 2 18 139.040 3.618 
5 5 2 19 136.207 3.285 
5 5 2 20 101.867 3.190 
5 5 2 21 127.990 3.623 
5 5 2 22 156.657 3.371 
5 5 2 23 145.087 3.391 
5 5 2 24 146.733 2.884 
5 5 2 25 187.763 2.992 
5 5 2 26 168.250 2.986 
5 5 2 27 144.320 3.126 
5 5 2 28 106.830 2.577 
5 5 2 29 198.150 2.642 
5 5 2 30 157.110 2.814 
5 5 2 31 139.877 2.781 
5 5 3 0 156.013 2.978 
5 5 3 1 149.677 2.961 
5 5 3 2 143.947 3.160 
5 5 3 3 147.057 2.774 
5 5 3 4 134.207 2.641 
5 5 3 5 150.983 2.880 
5 5 3 6 112.110 3.027 
5 5 3 7 120.473 3.178 
5 5 3 8 134.327 2.966 
5 5 3 9 131.527 3.105 
5 5 3 10 151.000 3.068 
5 5 3 11 91.243 2.497 
5 5 3 12 124.927 3.476 
5 5 3 13 117.727 3.137 
5 5 3 14 151.403 3.166 
5 5 3 15 138.553 3.604 
5 5 3 16 149.270 5.143 
5 5 3 17 154.263 7.615 
5 5 3 18 119.463 9.149 
5 5 3 19 143.537 8.817 
5 5 3 20 147.883 6.496 
5 5 3 21 178.653 4.905 
5 5 3 22 102.977 3.112 
5 5 3 23 104.887 2.909 
5 5 3 24 136.080 3.299 
5 5 3 25 134.763 2.850 
5 5 3 26 145.093 3.189 
5 5 3 27 148.557 3.243 
5 5 3 28 144.257 3.612 
5 5 3 29 166.053 3.510 
5 5 3 30 107.893 5.697 
5 5 3 31 123.823 7.541 
5 5 4 0 140.963 0.727 
5 5 4 1 151.137 1.038 
5 5 4 2 142.283 0.961 
5 5 4 3 136.580 0.823 
5 5 4 4 145.153 0.714 
5 5 4 5 148.313 0.732 
5 5 4 6 144.110 0.871 
5 5 4 7 112.720 0.842 
5 5 4 8 148.367 0.756 
5 5 4 9 107.987 0.942 
5 5 4 10 139.963 0.903 
5 5 4 11 150.400 0.852 
5 5 4 12 151.253 1.021 
5 5 4 13 133.520 0.842 
5 5 4 14 139.890 0.926 
5 5 4 15 137.953 0.799 
5 5 4 16 103.800 0.872 
5 5 4 17 169.670 0.837 
5 5 4 18 160.720 0.788 
5 5 4 19 136.560 0.808 
5 5 4 20 124.820 0.872 
5 5 4 21 146.770 0.988 
5 5 4 22 153.720 0.749 
5 5 4 23 167.107 1.024 
5 5 4 24 157.670 0.910 
5 5 4 25 108.583 0.810 
5 5 4 26 164.333 0.806 
5 5 4 27 139.313 0.880 
5 5 4 28 150.313 0.834 
5 5 4 29 138.193 0.714 
5 5 4 30 168.983 0.728 
5 5 4 31 192.553 0.920 
5 5 5 0 127.337 3.097 
5 5 5 1 158.370 3.139 
5 5 5 2 140.833 2.941 
5 5 5 3 146.203 2.909 
5 5 5 4 147.927 3.582 
5 5 5 5 132.237 3.353 
5 5 5 6 101.197 3.279 
5 5 5 7 132.400 3.563 
5 5 5 8 149.710 3.502 
5 5 5 9 144.697 3.638 
5 5 5 10 149.103 3.355 
5 5 5 11 93.797 3.141 
5 5 5 12 137.230 3.259 
5 5 5 13 138.003 3.469 
5 5 5 14 160.480 3.666 
5 5 5 15 117.737 3.961 
5 5 5 16 112.380 61.466 
5 5 5 17 86.040 0.832 
5 5 5 18 95.050 63.541 
5 5 5 19 150.883 0.981 
5 5 5 20 152.953 69.284 
5 5 5 21 113.327 61.995 
5 5 5 22 169.523 0.781 
5 5 5 23 111.357 0.981 
5 5 5 24 135.780 6.289 
5 5 5 25 150.577 7.863 
5 5 5 26 149.490 5.877 
5 5 5 27 119.107 4.024 
5 5 5 28 129.097 4.024 
5 5 5 29 189.323 4.379 
5 5 5 30 120.827 4.992 
5 5 5 31 164.467 4.338 
6 0 0 0 176.023 0.900 
6 0 0 1 131.033 1.259 
6 0 0 2 147.497 0.904 
6 0 0 3 157.890 1.048 
6 0 0 4 173.687 0.754 
6 0 0 5 118.050 0.784 
6 0 0 6 164.397 0.730 
6 0 0 7 189.007 0.730 
6 0 0 8 120.403 1.074 
6 0 0 9 121.700 0.737 
6 0 0 10 123.707 0.997 
6 0 0 11 178.817 0.975 
6 0 0 12 121.467 0.797 
6 0 0 13 160.373 29.126 
6 0 0 14 126.147 30.821 
6 0 0 15 168.683 2.537 
6 0 0 16 110.393 0.965 
6 0 0 17 122.873 0.885 
6 0 0 18 119.707 0.977 
6 0 0 19 144.237 0.872 
6 0 0 20 105.117 0.789 
6 0 0 21 151.530 1.075 
6 0 0 22 149.467 14.320 
6 0 0 23 138.920 11.419 
6 0 0 24 152.373 3.375 
6 0 0 25 162.303 3.552 
6 0 0 26 211.917 3.693 
6 0 0 27 191.743 3.782 
6 0 0 28 162.423 3.516 
6 0 0 29 130.287 3.994 
6 0 0 30 163.287 3.163 
6 0 0 31 168.840 3.266 
6 0 1 0 126.577 30.090 
6 0 1 1 142.413 31.531 
6 0 1 2 113.037 28.987 
6 0 1 3 149.700 29.049 
6 0 1 4 149.687 30.190 
6 0 1 5 147.230 32.112 
6 0 1 6 106.307 28.667 
6 0 1 7 106.900 27.744 
6 0 1 8 147.863 31.335 
6 0 1 9 157.897 33.109 
6 0 1 10 130.680 30.381 
6 0 1 11 124.463 30.336 
6 0 1 12 107.887 28.324 
6 0 1 13 136.323 30.934 
6 0 1 14 158.997 33.886 
6 0 1 15 145.217 33.369 
6 0 1 16 186.763 27.446 
6 0 1 17 154.807 28.420 
6 0 1 18 117.683 26.222 
6 0 1 19 98.023 24.866 
6 0 1 20 110.880 25.597 
6 0 1 21 118.293 26.832 
6 0 1 22 130.857 26.568 
6 0 1 23 126.047 27.233 
6 0 1 24 146.313 29.339 
6 0 1 25 154.330 27.179 
6 0 1 26 127.640 26.221 
6 0 1 27 143.277 26.864 
6 0 1 28 160.780 24.894 
6 0 1 29 136.837 27.045 
6 0 1 30 164.780 25.636 
6 0 1 31 159.013 28.459 
6 0 2 0 132.047 3.141 
6 0 2 1 160.170 3.191 
6 0 2 2 125.757 3.476 
6 0 2 3 167.137 3.113 
6 0 2 4 121.613 3.534 
6 0 2 5 103.230 3.163 
6 0 2 6 133.327 3.284 
6 0 2 7 107.703 3.268 
6 0 2 8 102.347 3.257 
6 0 2 9 136.553 3.222 
6 0 2 10 137.887 3.389 
6 0 2 11 116.257 3.331 
6 0 2 12 140.607 3.261 
6 0 2 13 86.040 3.494 
6 0 2 14 130.080 3.879 
6 0 2 15 147.110 4.484 
6 0 2 16 138.830 4.481 
6 0 2 17 134.203 3.558 
6 0 2 18 159.050 3.672 
6 0 2 19 121.243 3.470 
6 0 2 20 99.607 3.255 
6 0 2 21 119.660 3.274 
6 0 2 22 181.957 3.408 
6 0 2 23 147.690 3.222 
6 0 2 24 189.733 3.497 
6 0 2 25 146.570 3.154 
6 0 2 26 120.353 3.266 
6 0 2 27 134.330 3.125 
6 0 2 28 186.760 3.245 
6 0 2 29 133.427 3.163 
6 0 2 30 189.503 3.450 
6 0 2 31 165.520 0.723 
6 0 3 0 105.120 0.711 
6 0 3 1 117.097 4.122 
6 0 3 2 140.970 3.250 
6 0 3 3 154.953 3.931 
6 0 3 4 163.170 4.295 
6 0 3 5 138.487 4.091 
6 0 3 6 111.843 3.923 
6 0 3 7 114.310 3.661 
6 0 3 8 133.947 4.149 
6 0 3 9 164.297 3.699 
6 0 3 10 163.597 3.757 
6 0 3 11 116.687 4.240 
6 0 3 12 128.343 3.690 
6 0 3 13 138.813 4.250 
6 0 3 14 149.340 4.470 
6 0 3 15 148.000 4.493 
6 0 3 16 141.840 3.974 
6 0 3 17 141.860 4.286 
6 0 3 18 139.087 4.602 
6 0 3 19 109.847 4.030 
6 0 3 20 145.277 3.942 
6 0 3 21 114.337 3.850 
6 0 3 22 109.840 3.937 
6 0 3 23 116.980 3.854 
6 0 3 24 138.093 1.467 
6 0 3 25 118.663 4.274 
6 0 3 26 143.157 3.773 
6 0 3 27 153.397 1.311 
6 0 3 28 110.843 4.246 
6 0 3 29 112.847 3.701 
6 0 3 30 119.033 3.403 
6 0 3 31 157.123 3.335 
6 0 4 0 135.597 0.984 
6 0 4 1 160.600 2.322 
6 0 4 2 135.427 1.060 
6 0 4 3 134.557 1.910 
6 0 4 4 117.168 94.155 
6 0 4 5 154.663 0.971 
6 0 4 6 114.883 0.957 
6 0 4 7 157.193 2.366 
6 0 4 8 156.587 0.892 
6 0 4 9 132.687 0.818 
6 0 4 10 109.583 0.794 
6 0 4 11 136.943 0.812 
6 0 4 12 117.747 0.785 
6 0 4 13 136.600 0.829 
6 0 4 14 106.617 3.347 
6 0 4 15 90.793 0.798 
6 0 4 16 112.923 28.789 
6 0 4 17 94.107 37.303 
6 0 4 18 175.637 48.234 
6 0 4 19 153.493 4.632 
6 0 4 20 131.657 36.704 
6 0 4 21 165.490 24.673 
6 0 4 22 110.743 21.015 
6 0 4 23 142.547 17.725 
6 0 4 24 116.587 42.885 
6 0 4 25 134.833 53.305 
6 0 4 26 194.167 65.668 
6 0 4 27 128.953 69.443 
6 0 4 28 146.290 64.063 
6 0 4 29 172.807 63.780 
6 0 4 30 212.633 70.489 
6 0 4 31 184.663 53.145 
6 0 5 0 147.250 1.007 
6 0 5 1 107.233 1.089 
6 0 5 2 130.287 0.926 
6 0 5 3 121.040 2.820 
6 0 5 4 111.190 2.361 
6 0 5 5 150.740 2.356 
6 0 5 6 123.227 2.399 
6 0 5 7 144.297 2.778 
6 0 5 8 108.263 59.653 
6 0 5 9 124.703 77.668 
6 0 5 10 106.707 66.049 
6 0 5 11 92.307 61.682 
6 0 5 12 138.840 66.329 
6 0 5 13 173.243 72.931 
6 0 5 14 134.060 68.919 
6 0 5 15 124.457 1.053 
6 0 5 16 160.933 66.318 
6 0 5 17 160.183 77.478 
6 0 5 18 122.263 69.231 
6 0 5 19 121.457 70.162 
6 0 5 20 174.400 75.901 
6 0 5 21 86.373 61.627 
6 0 5 22 142.233 70.673 
6 0 5 23 163.500 58.743 
6 0 5 24 148.290 31.628 
6 0 5 25 111.840 31.500 
6 0 5 26 121.700 33.562 
6 0 5 27 121.090 34.166 
6 0 5 28 155.420 36.549 
6 0 5 29 161.577 37.902 
6 0 5 30 123.097 33.280 
6 0 5 31 129.997 30.584 
6 1 0 0 145.120 0.716 
6 1 0 1 140.057 0.938 
6 1 0 2 126.730 22.570 
6 1 0 3 124.363 0.989 
6 1 0 4 141.397 0.774 
6 1 0 5 186.493 0.810 
6 1 0 6 162.123 0.788 
6 1 0 7 125.110 0.765 
6 1 0 8 163.247 4.603 
6 1 0 9 128.857 3.996 
6 1 0 10 134.157 4.025 
6 1 0 11 109.350 3.588 
6 1 0 12 119.343 3.731 
6 1 0 13 138.367 3.761 
6 1 0 14 142.410 4.346 
6 1 0 15 110.700 5.413 
6 1 0 16 127.550 5.219 
6 1 0 17 106.603 4.086 
6 1 0 18 166.460 3.676 
6 1 0 19 111.027 3.320 
6 1 0 20 145.890 3.328 
6 1 0 21 98.393 3.170 
6 1 0 22 141.740 3.614 
6 1 0 23 194.627 4.183 
6 1 0 24 172.703 3.457 
6 1 0 25 131.347 3.475 
6 1 0 26 167.930 3.141 
6 1 0 27 167.160 3.193 
6 1 0 28 136.340 2.785 
6 1 0 29 186.623 3.375 
6 1 0 30 120.593 3.148 
6 1 0 31 147.687 2.853 
6 1 1 0 157.370 0.852 
6 1 1 1 140.817 3.290 
6 1 1 2 163.977 2.869 
6 1 1 3 122.930 3.236 
6 1 1 4 127.997 2.961 
6 1 1 5 122.387 3.151 
6 1 1 6 134.020 2.565 
6 1 1 7 118.810 3.374 
6 1 1 8 126.127 0.978 
6 1 1 9 150.597 0.864 
6 1 1 10 145.980 0.783 
6 1 1 11 132.227 0.932 
6 1 1 12 140.303 0.871 
6 1 1 13 110.717 1.028 
6 1 1 14 83.387 0.897 
6 1 1 15 156.453 0.869 
6 1 1 16 117.460 4.002 
6 1 1 17 123.150 0.928 
6 1 1 18 142.643 2.931 
6 1 1 19 78.573 3.254 
6 1 1 20 162.300 3.058 
6 1 1 21 125.240 2.880 
6 1 1 22 174.887 3.405 
6 1 1 23 165.520 3.132 
6 1 1 24 156.863 0.795 
6 1 1 25 165.363 2.827 
6 1 1 26 118.797 2.724 
6 1 1 27 164.357 2.697 
6 1 1 28 153.667 2.740 
6 1 1 29 121.120 2.818 
6 1 1 30 143.473 2.671 
6 1 1 31 165.750 2.563 
6 1 2 0 121.617 3.059 
6 1 2 1 132.910 2.813 
6 1 2 2 154.480 4.592 
6 1 2 3 129.477 4.127 
6 1 2 4 106.247 4.087 
6 1 2 5 167.443 0.993 
6 1 2 6 139.833 3.202 
6 1 2 7 158.237 3.780 
6 1 2 8 114.843 0.986 
6 1 2 9 139.877 0.960 
6 1 2 10 101.330 0.708 
6 1 2 11 141.537 0.793 
6 1 2 12 111.750 0.960 
6 1 2 13 98.673 0.852 
6 1 2 14 171.933 0.896 
6 1 2 15 135.560 0.934 
6 1 2 16 154.257 3.880 
6 1 2 17 176.077 3.680 
6 1 2 18 124.107 3.943 
6 1 2 19 170.320 0.738 
6 1 2 20 132.783 3.800 
6 1 2 21 167.057 3.172 
6 1 2 22 199.473 3.132 
6 1 2 23 108.807 3.238 
6 1 2 24 165.503 3.101 
6 1 2 25 183.443 3.780 
6 1 2 26 132.983 0.705 
6 1 2 27 167.810 3.125 
6 1 2 28 150.750 3.842 
6 1 2 29 148.303 0.769 
6 1 2 30 125.497 4.379 
6 1 2 31 167.210 2.889 
6 1 3 0 150.207 25.711 
6 1 3 1 141.300 31.296 
6 1 3 2 158.733 35.085 
6 1 3 3 130.747 37.152 
6 1 3 4 104.693 43.085 
6 1 3 5 151.540 52.758 
6 1 3 6 137.967 0.716 
6 1 3 7 143.960 37.431 
6 1 3 8 148.600 27.107 
6 1 3 9 146.203 27.106 
6 1 3 10 161.033 26.986 
6 1 3 11 125.300 26.949 
6 1 3 12 112.640 24.920 
6 1 3 13 146.613 28.091 
6 1 3 14 134.953 2.915 
6 1 3 15 128.373 0.758 
6 1 3 16 159.507 12.763 
6 1 3 17 170.077 13.518 
6 1 3 18 124.227 12.805 
6 1 3 19 169.040 13.374 
6 1 3 20 190.207 13.111 
6 1 3 21 137.623 13.634 
6 1 3 22 137.157 13.380 
6 1 3 23 90.193 11.794 
6 1 3 24 129.553 0.762 
6 1 3 25 108.417 0.892 
6 1 3 26 113.080 0.891 
6 1 3 27 89.743 0.729 
6 1 3 28 111.773 1.011 
6 1 3 29 134.520 0.911 
6 1 3 30 201.383 0.772 
6 1 3 31 162.410 0.826 
6 1 4 0 151.883 1.727 
6 1 4 1 141.120 0.668 
6 1 4 2 119.903 37.438 
6 1 4 3 141.390 38.305 
6 1 4 4 106.037 38.975 
6 1 4 5 141.537 41.411 
6 1 4 6 127.200 45.709 
6 1 4 7 143.667 43.200 
6 1 4 8 120.937 0.852 
6 1 4 9 146.960 1.012 
6 1 4 10 145.183 0.789 
6 1 4 11 120.507 117.281 
6 1 4 12 137.090 2.951 
6 1 4 13 122.510 3.628 
6 1 4 14 113.140 108.388 
6 1 4 15 163.527 25.943 
6 1 4 16 136.870 5.109 
6 1 4 17 148.907 5.456 
6 1 4 18 115.143 1.011 
6 1 4 19 135.167 5.094 
6 1 4 20 138.613 4.406 
6 1 4 21 126.687 4.610 
6 1 4 22 102.147 4.564 
6 1 4 23 133.910 5.299 
6 1 4 24 144.077 17.459 
6 1 4 25 149.190 25.127 
6 1 4 26 145.453 24.409 
6 1 4 27 152.700 26.162 
6 1 4 28 111.550 26.161 
6 1 4 29 111.973 31.124 
6 1 4 30 126.317 28.970 
6 1 4 31 109.133 0.699 
6 1 5 0 142.030 5.943 
6 1 5 1 172.167 5.995 
6 1 5 2 138.960 7.400 
6 1 5 3 176.183 1.041 
6 1 5 4 146.623 7.993 
6 1 5 5 119.757 7.602 
6 1 5 6 136.337 7.596 
6 1 5 7 110.887 8.137 
6 1 5 8 131.197 48.328 
6 1 5 9 150.237 56.874 
6 1 5 10 125.050 59.422 
6 1 5 11 115.803 57.931 
6 1 5 12 153.450 58.562 
6 1 5 13 128.210 51.181 
6 1 5 14 127.667 47.312 
6 1 5 15 134.063 31.862 
6 1 5 16 144.720 46.234 
6 1 5 17 140.847 63.626 
6 1 5 18 135.187 66.741 
6 1 5 19 127.743 75.976 
6 1 5 20 92.833 66.884 
6 1 5 21 141.237 70.362 
6 1 5 22 123.523 74.003 
6 1 5 23 117.620 76.083 
6 1 5 24 135.587 10.590 
6 1 5 25 173.360 10.054 
6 1 5 26 128.453 10.475 
6 1 5 27 147.867 9.814 
6 1 5 28 151.433 8.376 
6 1 5 29 128.143 8.637 
6 1 5 30 168.487 8.015 
6 1 5 31 145.450 8.127 
6 2 0 0 117.483 0.695 
6 2 0 1 129.273 0.734 
6 2 0 2 122.460 0.754 
6 2 0 3 141.640 0.786 
6 2 0 4 132.087 0.848 
6 2 0 5 136.703 0.869 
6 2 0 6 131.257 1.005 
6 2 0 7 129.733 0.690 
6 2 0 8 157.780 1.025 
6 2 0 9 132.590 0.675 
6 2 0 10 153.707 0.744 
6 2 0 11 112.047 0.992 
6 2 0 12 143.123 1.007 
6 2 0 13 123.467 1.115 
6 2 0 14 132.110 0.937 
6 2 0 15 116.817 0.737 
6 2 0 16 142.323 1.061 
6 2 0 17 105.463 0.772 
6 2 0 18 139.110 0.874 
6 2 0 19 113.827 0.742 
6 2 0 20 111.523 1.005 
6 2 0 21 129.570 0.882 
6 2 0 22 99.487 0.911 
6 2 0 23 142.180 0.963 
6 2 0 24 105.297 0.713 
6 2 0 25 88.837 0.904 
6 2 0 26 113.150 0.853 
6 2 0 27 191.600 1.222 
6 2 0 28 105.270 0.790 
6 2 0 29 160.960 0.747 
6 2 0 30 158.480 1.127 
6 2 0 31 125.303 0.912 
6 2 1 0 121.503 2.857 
6 2 1 1 94.097 2.920 
6 2 1 2 136.910 3.170 
6 2 1 3 105.300 3.212 
6 2 1 4 92.213 3.578 
6 2 1 5 116.660 3.417 
6 2 1 6 141.073 3.033 
6 2 1 7 131.170 3.281 
6 2 1 8 155.367 4.765 
6 2 1 9 147.447 4.610 
6 2 1 10 121.160 5.225 
6 2 1 11 100.790 3.648 
6 2 1 12 116.643 3.879 
6 2 1 13 144.910 4.192 
6 2 1 14 139.647 4.498 
6 2 1 15 105.763 5.574 
6 2 1 16 147.393 5.064 
6 2 1 17 154.207 4.034 
6 2 1 18 157.817 3.669 
6 2 1 19 160.720 3.604 
6 2 1 20 103.900 2.978 
6 2 1 21 99.177 2.955 
6 2 1 22 165.937 3.574 
6 2 1 23 140.473 3.392 
6 2 1 24 112.887 2.807 
6 2 1 25 152.387 3.083 
6 2 1 26 108.137 2.980 
6 2 1 27 107.327 3.374 
6 2 1 28 121.480 2.917 
6 2 1 29 91.847 2.620 
6 2 1 30 119.910 2.727 
6 2 1 31 121.307 2.831 
6 2 2 0 122.910 36.868 
6 2 2 1 139.173 52.755 
6 2 2 2 150.403 59.353 
6 2 2 3 147.890 59.799 
6 2 2 4 113.903 53.640 
6 2 2 5 140.643 59.578 
6 2 2 6 143.297 1.037 
6 2 2 7 172.547 44.807 
6 2 2 8 184.020 1.052 
6 2 2 9 170.860 52.383 
6 2 2 10 112.607 44.934 
6 2 2 11 131.773 44.995 
6 2 2 12 129.343 45.627 
6 2 2 13 143.643 51.220 
6 2 2 14 119.917 44.088 
6 2 2 15 173.397 0.966 
6 2 2 16 83.857 13.637 
6 2 2 17 81.067 13.133 
6 2 2 18 122.807 14.888 
6 2 2 19 163.770 14.669 
6 2 2 20 123.127 15.007 
6 2 2 21 138.250 15.666 
6 2 2 22 83.293 14.296 
6 2 2 23 102.330 15.194 
6 2 2 24 149.907 0.882 
6 2 2 25 182.660 1.009 
6 2 2 26 126.787 139.875 
6 2 2 27 93.387 0.878 
6 2 2 28 138.386 78.292 
6 2 2 29 177.173 0.889 
6 2 2 30 156.760 0.877 
6 2 2 31 171.040 0.979 
6 2 3 0 130.293 0.868 
6 2 3 1 126.477 1.138 
6 2 3 2 162.383 0.929 
6 2 3 3 131.443 0.997 
6 2 3 4 138.593 0.869 
6 2 3 5 171.847 0.992 
6 2 3 6 144.497 0.858 
6 2 3 7 109.140 0.825 
6 2 3 8 130.537 62.876 
6 2 3 9 143.867 71.768 
6 2 3 10 177.930 68.310 
6 2 3 11 147.667 70.682 
6 2 3 12 148.110 68.863 
6 2 3 13 135.417 64.054 
6 2 3 14 175.387 68.328 
6 2 3 15 134.513 1.142 
6 2 3 16 118.803 1.070 
6 2 3 17 100.743 0.823 
6 2 3 18 120.913 0.948 
6 2 3 19 141.963 1.047 
6 2 3 20 146.320 0.874 
6 2 3 21 161.937 0.898 
6 2 3 22 165.520 0.900 
6 2 3 23 104.317 0.943 
6 2 3 24 134.903 50.894 
6 2 3 25 174.687 67.835 
6 2 3 26 118.783 63.634 
6 2 3 27 151.220 64.350 
6 2 3 28 89.093 47.318 
6 2 3 29 115.840 53.374 
6 2 3 30 136.200 57.829 
6 2 3 31 109.733 47.217 
6 2 4 0 139.817 78.941 
6 2 4 1 147.670 86.779 
6 2 4 2 152.643 92.305 
6 2 4 3 130.373 88.768 
6 2 4 4 172.723 97.062 
6 2 4 5 174.997 97.700 
6 2 4 6 146.447 92.283 
6 2 4 7 126.847 83.842 
6 2 4 8 160.030 99.276 
6 2 4 9 127.190 90.452 
6 2 4 10 122.993 90.478 
6 2 4 11 146.813 91.397 
6 2 4 12 153.893 95.705 
6 2 4 13 140.157 90.844 
6 2 4 14 137.970 88.179 
6 2 4 15 118.370 74.488 
6 2 4 16 108.103 1.246 
6 2 4 17 128.510 80.489 
6 2 4 18 99.623 76.832 
6 2 4 19 141.380 88.539 
6 2 4 20 141.490 90.982 
6 2 4 21 137.470 94.403 
6 2 4 22 141.097 100.614 
6 2 4 23 179.653 112.485 
6 2 4 24 162.547 1.011 
6 2 4 25 156.490 26.865 
6 2 4 26 121.379 131.745 
6 2 4 27 167.433 1.235 
6 2 4 28 89.003 20.396 
6 2 4 29 123.504 136.348 
6 2 4 30 115.800 1.074 
6 2 4 31 150.903 1.164 
6 2 5 0 141.170 0.880 
6 2 5 1 122.180 0.902 
6 2 5 2 162.587 0.957 
6 2 5 3 131.880 0.999 
6 2 5 4 123.450 1.056 
6 2 5 5 190.063 1.055 
6 2 5 6 171.820 1.093 
6 2 5 7 125.773 1.132 
6 2 5 8 105.233 70.360 
6 2 5 9 130.360 83.005 
6 2 5 10 171.300 91.695 
6 2 5 11 158.440 81.763 
6 2 5 12 124.917 73.436 
6 2 5 13 163.010 81.237 
6 2 5 14 111.920 68.728 
6 2 5 15 133.513 59.508 
6 2 5 16 140.567 0.989 
6 2 5 17 123.040 63.920 
6 2 5 18 99.030 57.581 
6 2 5 19 118.360 67.038 
6 2 5 20 162.660 76.055 
6 2 5 21 133.167 76.530 
6 2 5 22 144.713 95.110 
6 2 5 23 151.370 1.186 
6 2 5 24 92.863 40.749 
6 2 5 25 175.850 48.557 
6 2 5 26 163.887 45.796 
6 2 5 27 111.930 43.675 
6 2 5 28 153.987 43.888 
6 2 5 29 178.727 45.241 
6 2 5 30 173.303 42.466 
6 2 5 31 134.143 44.608 
6 3 0 0 101.547 3.026 
6 3 0 1 131.193 3.193 
6 3 0 2 131.597 2.972 
6 3 0 3 133.293 3.132 
6 3 0 4 139.973 3.086 
6 3 0 5 87.080 3.120 
6 3 0 6 157.977 3.122 
6 3 0 7 139.930 3.144 
6 3 0 8 128.900 0.904 
6 3 0 9 140.180 0.913 
6 3 0 10 129.787 0.679 
6 3 0 11 184.540 1.017 
6 3 0 12 129.090 0.910 
6 3 0 13 136.560 0.868 
6 3 0 14 139.247 0.952 
6 3 0 15 107.800 0.952 
6 3 0 16 145.823 5.859 
6 3 0 17 148.450 4.283 
6 3 0 18 133.927 3.550 
6 3 0 19 188.430 3.628 
6 3 0 20 118.223 3.278 
6 3 0 21 154.390 3.146 
6 3 0 22 119.583 3.310 
6 3 0 23 112.377 3.764 
6 3 0 24 150.463 0.892 
6 3 0 25 114.647 0.884 
6 3 0 26 143.753 0.871 
6 3 0 27 141.783 0.943 
6 3 0 28 158.900 1.133 
6 3 0 29 165.370 0.761 
6 3 0 30 184.023 0.978 
6 3 0 31 117.497 0.759 
6 3 1 0 158.060 25.717 
6 3 1 1 118.403 43.715 
6 3 1 2 153.247 0.808 
6 3 1 3 155.660 0.919 
6 3 1 4 180.727 51.625 
6 3 1 5 119.627 46.220 
6 3 1 6 140.920 41.928 
6 3 1 7 110.390 26.591 
6 3 1 8 119.733 1.014 
6 3 1 9 141.270 0.882 
6 3 1 10 131.573 0.912 
6 3 1 11 107.350 0.899 
6 3 1 12 120.833 0.916 
6 3 1 13 107.040 0.916 
6 3 1 14 135.170 1.010 
6 3 1 15 144.183 0.881 
6 3 1 16 154.553 5.158 
6 3 1 17 116.557 3.945 
6 3 1 18 130.927 3.433 
6 3 1 19 122.063 4.117 
6 3 1 20 116.330 0.758 
6 3 1 21 113.783 1.345 
6 3 1 22 129.533 0.789 
6 3 1 23 167.363 4.199 
6 3 1 24 156.370 0.868 
6 3 1 25 135.640 3.397 
6 3 1 26 171.133 3.665 
6 3 1 27 142.677 3.842 
6 3 1 28 148.747 3.105 
6 3 1 29 148.703 3.335 
6 3 1 30 146.207 2.798 
6 3 1 31 159.437 2.953 
6 3 2 0 169.133 0.723 
6 3 2 1 153.617 0.759 
6 3 2 2 139.107 0.936 
6 3 2 3 164.693 0.832 
6 3 2 4 163.047 0.930 
6 3 2 5 135.963 0.846 
6 3 2 6 160.027 0.890 
6 3 2 7 181.187 0.816 
6 3 2 8 137.160 0.801 
6 3 2 9 95.407 1.030 
6 3 2 10 120.183 1.028 
6 3 2 11 134.330 0.876 
6 3 2 12 129.160 0.694 
6 3 2 13 113.440 0.787 
6 3 2 14 149.560 0.726 
6 3 2 15 139.730 0.831 
6 3 2 16 136.000 0.952 
6 3 2 17 120.240 0.943 
6 3 2 18 105.830 0.679 
6 3 2 19 153.167 0.856 
6 3 2 20 153.097 0.868 
6 3 2 21 145.680 0.742 
6 3 2 22 147.613 0.965 
6 3 2 23 107.650 0.956 
6 3 2 24 89.413 0.741 
6 3 2 25 105.187 0.756 
6 3 2 26 135.267 1.031 
6 3 2 27 158.637 1.133 
6 3 2 28 133.973 1.016 
6 3 2 29 171.173 1.028 
6 3 2 30 176.293 0.924 
6 3 2 31 159.420 1.082 
6 3 3 0 152.473 88.176 
6 3 3 1 156.863 104.033 
6 3 3 2 200.768 110.215 
6 3 3 3 151.530 103.935 
6 3 3 4 168.050 116.865 
6 3 3 5 132.730 112.404 
6 3 3 6 142.390 111.929 
6 3 3 7 155.113 112.793 
6 3 3 8 144.520 119.492 
6 3 3 9 162.840 1.452 
6 3 3 10 154.397 108.139 
6 3 3 11 178.074 109.843 
6 3 3 12 147.247 104.541 
6 3 3 13 148.657 108.269 
6 3 3 14 146.390 104.475 
6 3 3 15 115.033 87.050 
6 3 3 16 190.560 99.551 
6 3 3 17 147.423 100.549 
6 3 3 18 146.687 101.981 
6 3 3 19 151.027 109.987 
6 3 3 20 162.258 110.796 
6 3 3 21 143.893 111.727 
6 3 3 22 134.477 110.915 
6 3 3 23 145.605 116.132 
6 3 3 24 170.178 115.708 
6 3 3 25 153.210 109.846 
6 3 3 26 152.910 113.237 
6 3 3 27 138.670 99.352 
6 3 3 28 151.097 109.611 
6 3 3 29 120.440 88.106 
6 3 3 30 153.980 94.267 
6 3 3 31 206.607 94.610 
6 3 4 0 160.853 0.715 
6 3 4 1 132.530 0.704 
6 3 4 2 144.580 0.760 
6 3 4 3 142.040 0.951 
6 3 4 4 135.990 0.823 
6 3 4 5 108.997 0.661 
6 3 4 6 166.780 0.972 
6 3 4 7 128.003 1.015 
6 3 4 8 163.053 0.958 
6 3 4 9 110.483 0.834 
6 3 4 10 120.237 0.913 
6 3 4 11 159.257 1.060 
6 3 4 12 146.413 0.866 
6 3 4 13 159.273 1.061 
6 3 4 14 119.117 0.954 
6 3 4 15 117.557 0.748 
6 3 4 16 88.673 0.872 
6 3 4 17 142.610 1.136 
6 3 4 18 153.363 0.886 
6 3 4 19 125.800 0.949 
6 3 4 20 142.927 1.049 
6 3 4 21 139.200 0.879 
6 3 4 22 141.647 0.899 
6 3 4 23 168.510 0.870 
6 3 4 24 129.233 0.770 
6 3 4 25 119.670 0.949 
6 3 4 26 93.937 0.898 
6 3 4 27 120.813 0.916 
6 3 4 28 197.403 0.796 
6 3 4 29 108.620 0.842 
6 3 4 30 198.917 1.005 
6 3 4 31 160.257 0.764 
6 3 5 0 133.940 0.846 
6 3 5 1 132.250 0.771 
6 3 5 2 117.453 0.817 
6 3 5 3 166.707 1.004 
6 3 5 4 121.267 0.789 
6 3 5 5 152.417 0.940 
6 3 5 6 132.773 0.950 
6 3 5 7 122.627 0.872 
6 3 5 8 151.017 0.940 
6 3 5 9 159.690 0.938 
6 3 5 10 152.717 0.885 
6 3 5 11 133.583 0.794 
6 3 5 12 143.400 0.909 
6 3 5 13 119.323 0.934 
6 3 5 14 146.147 0.795 
6 3 5 15 112.543 0.853 
6 3 5 16 89.857 0.680 
6 3 5 17 141.527 0.950 
6 3 5 18 177.960 0.769 
6 3 5 19 137.627 0.712 
6 3 5 20 132.090 0.741 
6 3 5 21 98.393 0.840 
6 3 5 22 142.907 1.006 
6 3 5 23 146.647 0.921 
6 3 5 24 146.277 0.868 
6 3 5 25 103.163 0.988 
6 3 5 26 166.477 1.041 
6 3 5 27 117.003 0.666 
6 3 5 28 167.450 0.956 
6 3 5 29 126.093 0.996 
6 3 5 30 153.387 0.764 
6 3 5 31 208.030 0.907 
6 4 0 0 164.490 6.239 
6 4 0 1 165.403 5.098 
6 4 0 2 144.637 5.504 
6 4 0 3 150.683 5.712 
6 4 0 4 116.730 6.172 
6 4 0 5 128.780 6.435 
6 4 0 6 139.497 9.196 
6 4 0 7 114.017 13.160 
6 4 0 8 142.663 13.711 
6 4 0 9 150.450 27.197 
6 4 0 10 129.417 34.041 
6 4 0 11 177.447 37.565 
6 4 0 12 125.293 45.103 
6 4 0 13 176.750 47.975 
6 4 0 14 133.787 48.771 
6 4 0 15 138.287 33.867 
6 4 0 16 162.277 8.962 
6 4 0 17 139.193 6.147 
6 4 0 18 128.823 5.360 
6 4 0 19 133.673 4.534 
6 4 0 20 141.380 4.438 
6 4 0 21 115.037 4.755 
6 4 0 22 173.417 1.511 
6 4 0 23 137.170 5.161 
6 4 0 24 171.487 3.959 
6 4 0 25 139.777 3.824 
6 4 0 26 152.997 3.974 
6 4 0 27 117.913 4.174 
6 4 0 28 132.830 3.895 
6 4 0 29 135.210 3.744 
6 4 0 30 132.630 3.666 
6 4 0 31 115.280 3.664 
6 4 1 0 152.173 75.247 
6 4 1 1 120.467 71.637 
6 4 1 2 117.447 74.497 
6 4 1 3 84.163 69.027 
6 4 1 4 137.497 82.274 
6 4 1 5 156.910 83.434 
6 4 1 6 159.437 91.184 
6 4 1 7 115.807 81.843 
6 4 1 8 166.300 1.330 
6 4 1 9 143.063 1.314 
6 4 1 10 97.020 1.064 
6 4 1 11 137.817 1.156 
6 4 1 12 145.760 1.103 
6 4 1 13 133.857 1.239 
6 4 1 14 132.540 1.075 
6 4 1 15 154.723 1.146 
6 4 1 16 135.560 1.275 
6 4 1 17 151.073 91.251 
6 4 1 18 138.233 89.145 
6 4 1 19 155.403 87.027 
6 4 1 20 143.630 94.572 
6 4 1 21 178.003 91.766 
6 4 1 22 137.210 83.698 
6 4 1 23 124.160 1.322 
6 4 1 24 106.043 76.981 
6 4 1 25 102.407 77.691 
6 4 1 26 177.077 89.674 
6 4 1 27 127.417 83.039 
6 4 1 28 150.523 87.321 
6 4 1 29 162.677 86.427 
6 4 1 30 142.133 82.491 
6 4 1 31 112.690 68.427 
6 4 2 0 160.207 62.240 
6 4 2 1 140.607 76.267 
6 4 2 2 134.523 73.901 
6 4 2 3 157.830 81.837 
6 4 2 4 190.013 92.072 
6 4 2 5 127.997 80.611 
6 4 2 6 185.550 96.235 
6 4 2 7 118.707 1.433 
6 4 2 8 170.737 89.341 
6 4 2 9 135.263 90.271 
6 4 2 10 141.417 84.217 
6 4 2 11 139.967 76.672 
6 4 2 12 157.533 87.966 
6 4 2 13 151.140 85.194 
6 4 2 14 140.253 78.681 
6 4 2 15 147.650 67.482 
6 4 2 16 157.817 66.113 
6 4 2 17 144.030 73.282 
6 4 2 18 103.830 61.257 
6 4 2 19 184.437 87.099 
6 4 2 20 201.900 4.243 
6 4 2 21 166.127 86.453 
6 4 2 22 173.960 89.011 
6 4 2 23 118.420 82.002 
6 4 2 24 158.030 75.163 
6 4 2 25 128.783 78.076 
6 4 2 26 167.470 84.279 
6 4 2 27 126.633 72.443 
6 4 2 28 100.420 65.699 
6 4 2 29 166.097 81.226 
6 4 2 30 182.467 76.131 
6 4 2 31 206.230 68.299 
6 4 3 0 145.483 0.645 
6 4 3 1 90.810 0.805 
6 4 3 2 166.803 1.019 
6 4 3 3 146.217 0.785 
6 4 3 4 145.287 0.765 
6 4 3 5 139.037 0.854 
6 4 3 6 152.137 0.948 
6 4 3 7 187.913 0.920 
6 4 3 8 132.413 0.754 
6 4 3 9 126.983 1.082 
6 4 3 10 143.823 0.890 
6 4 3 11 145.633 0.711 
6 4 3 12 107.953 0.912 
6 4 3 13 125.817 0.925 
6 4 3 14 135.897 0.848 
6 4 3 15 132.463 0.822 
6 4 3 16 113.003 0.827 
6 4 3 17 152.553 0.920 
6 4 3 18 118.217 0.892 
6 4 3 19 157.640 0.968 
6 4 3 20 144.913 0.860 
6 4 3 21 132.297 0.718 
6 4 3 22 109.983 0.940 
6 4 3 23 138.883 0.834 
6 4 3 24 146.537 0.865 
6 4 3 25 122.620 0.772 
6 4 3 26 126.270 0.982 
6 4 3 27 153.880 0.725 
6 4 3 28 129.880 0.730 
6 4 3 29 120.790 0.941 
6 4 3 30 141.013 0.712 
6 4 3 31 184.457 0.935 
6 4 4 0 162.243 84.711 
6 4 4 1 138.717 82.587 
6 4 4 2 164.783 94.239 
6 4 4 3 174.340 91.824 
6 4 4 4 137.977 91.830 
6 4 4 5 129.037 90.546 
6 4 4 6 137.227 92.621 
6 4 4 7 145.337 99.159 
6 4 4 8 158.134 106.135 
6 4 4 9 160.273 103.547 
6 4 4 10 167.128 105.707 
6 4 4 11 140.170 93.170 
6 4 4 12 147.230 98.550 
6 4 4 13 137.273 91.568 
6 4 4 14 172.683 94.377 
6 4 4 15 150.123 88.023 
6 4 4 16 149.448 130.456 
6 4 4 17 149.063 1.125 
6 4 4 18 149.543 25.934 
6 4 4 19 147.980 52.127 
6 4 4 20 146.741 134.593 
6 4 4 21 110.963 1.322 
6 4 4 22 106.600 1.146 
6 4 4 23 165.953 1.298 
6 4 4 24 148.322 110.069 
6 4 4 25 148.587 103.265 
6 4 4 26 139.587 92.146 
6 4 4 27 178.756 94.021 
6 4 4 28 174.347 96.021 
6 4 4 29 148.393 88.779 
6 4 4 30 119.373 73.985 
6 4 4 31 134.623 78.390 
6 4 5 0 145.440 7.114 
6 4 5 1 162.433 7.665 
6 4 5 2 122.093 0.786 
6 4 5 3 115.093 8.238 
6 4 5 4 131.310 0.917 
6 4 5 5 145.833 7.750 
6 4 5 6 151.060 9.343 
6 4 5 7 96.840 8.146 
6 4 5 8 115.700 36.216 
6 4 5 9 146.707 29.911 
6 4 5 10 154.297 22.170 
6 4 5 11 161.383 23.299 
6 4 5 12 141.300 0.870 
6 4 5 13 135.287 24.996 
6 4 5 14 116.117 20.403 
6 4 5 15 129.790 13.674 
6 4 5 16 104.497 7.703 
6 4 5 17 116.270 9.738 
6 4 5 18 128.907 13.051 
6 4 5 19 71.943 14.328 
6 4 5 20 108.307 16.559 
6 4 5 21 154.013 17.607 
6 4 5 22 129.390 21.632 
6 4 5 23 96.670 0.872 
6 4 5 24 112.697 7.177 
6 4 5 25 178.073 7.050 
6 4 5 26 102.413 6.333 
6 4 5 27 102.627 6.051 
6 4 5 28 96.177 6.430 
6 4 5 29 148.320 6.527 
6 4 5 30 140.717 6.123 
6 4 5 31 168.430 6.009 
6 5 0 0 98.850 0.928 
6 5 0 1 106.473 0.793 
6 5 0 2 105.853 0.738 
6 5 0 3 107.730 0.954 
6 5 0 4 114.343 0.882 
6 5 0 5 140.343 0.863 
6 5 0 6 120.417 0.957 
6 5 0 7 86.573 0.930 
6 5 0 8 129.800 4.373 
6 5 0 9 96.610 4.167 
6 5 0 10 134.767 3.938 
6 5 0 11 133.450 4.324 
6 5 0 12 148.720 3.992 
6 5 0 13 129.220 3.976 
6 5 0 14 129.063 4.803 
6 5 0 15 125.893 6.372 
6 5 0 16 146.287 6.006 
6 5 0 17 114.183 4.418 
6 5 0 18 136.587 3.896 
6 5 0 19 134.033 4.002 
6 5 0 20 125.360 4.522 
6 5 0 21 103.490 5.229 
6 5 0 22 73.433 5.211 
6 5 0 23 126.990 6.724 
6 5 0 24 125.213 4.082 
6 5 0 25 132.550 3.396 
6 5 0 26 131.597 3.431 
6 5 0 27 121.543 3.597 
6 5 0 28 132.077 4.020 
6 5 0 29 192.813 3.268 
6 5 0 30 116.833 2.960 
6 5 0 31 123.307 3.123 
6 5 1 0 137.040 0.816 
6 5 1 1 124.067 1.047 
6 5 1 2 172.650 0.813 
6 5 1 3 128.837 0.896 
6 5 1 4 142.843 1.205 
6 5 1 5 107.117 0.904 
6 5 1 6 132.787 0.754 
6 5 1 7 139.040 0.919 
6 5 1 8 117.443 0.783 
6 5 1 9 127.693 0.959 
6 5 1 10 125.143 0.866 
6 5 1 11 144.730 1.063 
6 5 1 12 176.537 40.633 
6 5 1 13 141.703 0.953 
6 5 1 14 125.757 0.926 
6 5 1 15 128.990 36.579 
6 5 1 16 117.663 36.546 
6 5 1 17 132.717 46.543 
6 5 1 18 163.107 60.101 
6 5 1 19 129.790 60.677 
6 5 1 20 161.893 67.065 
6 5 1 21 120.623 59.556 
6 5 1 22 85.130 50.826 
6 5 1 23 139.490 55.723 
6 5 1 24 162.673 96.090 
6 5 1 25 135.180 80.875 
6 5 1 26 163.500 80.029 
6 5 1 27 118.947 71.172 
6 5 1 28 161.993 70.225 
6 5 1 29 152.320 64.468 
6 5 1 30 147.787 57.041 
6 5 1 31 133.650 43.932 
6 5 2 0 144.657 5.772 
6 5 2 1 148.727 5.617 
6 5 2 2 121.683 5.731 
6 5 2 3 114.227 6.395 
6 5 2 4 138.577 6.556 
6 5 2 5 140.203 6.496 
6 5 2 6 142.937 7.032 
6 5 2 7 160.077 8.527 
6 5 2 8 124.600 7.432 
6 5 2 9 91.653 10.674 
6 5 2 10 117.710 16.782 
6 5 2 11 111.060 21.607 
6 5 2 12 61.220 21.416 
6 5 2 13 127.963 37.276 
6 5 2 14 122.643 43.272 
6 5 2 15 184.357 36.297 
6 5 2 16 138.360 45.580 
6 5 2 17 120.823 62.588 
6 5 2 18 114.067 67.169 
6 5 2 19 127.137 70.114 
6 5 2 20 120.127 76.839 
6 5 2 21 138.743 84.768 
6 5 2 22 152.353 96.224 
6 5 2 23 129.390 90.213 
6 5 2 24 118.493 29.276 
6 5 2 25 177.517 27.865 
6 5 2 26 127.857 18.492 
6 5 2 27 140.630 14.371 
6 5 2 28 77.730 13.194 
6 5 2 29 114.387 13.416 
6 5 2 30 148.200 10.469 
6 5 2 31 123.047 8.098 
6 5 3 0 142.273 3.888 
6 5 3 1 97.733 4.079 
6 5 3 2 158.207 5.303 
6 5 3 3 127.793 4.825 
6 5 3 4 96.737 3.438 
6 5 3 5 140.723 3.584 
6 5 3 6 116.180 3.924 
6 5 3 7 111.690 3.802 
6 5 3 8 129.220 4.566 
6 5 3 9 106.967 4.320 
6 5 3 10 134.230 4.730 
6 5 3 11 110.113 4.033 
6 5 3 12 129.697 3.888 
6 5 3 13 117.630 4.353 
6 5 3 14 148.277 4.910 
6 5 3 15 151.767 5.468 
6 5 3 16 196.990 16.478 
6 5 3 17 184.243 18.080 
6 5 3 18 167.453 10.698 
6 5 3 19 159.937 7.124 
6 5 3 20 152.640 8.311 
6 5 3 21 147.253 8.617 
6 5 3 22 188.327 10.490 
6 5 3 23 157.077 14.431 
6 5 3 24 138.653 19.095 
6 5 3 25 138.557 25.424 
6 5 3 26 166.513 25.181 
6 5 3 27 167.600 27.471 
6 5 3 28 136.927 25.017 
6 5 3 29 158.360 22.676 
6 5 3 30 145.493 13.609 
6 5 3 31 130.770 9.381 
6 5 4 0 123.820 8.971 
6 5 4 1 130.673 11.858 
6 5 4 2 131.053 11.507 
6 5 4 3 137.067 14.881 
6 5 4 4 119.080 13.410 
6 5 4 5 147.503 11.180 
6 5 4 6 144.583 5.741 
6 5 4 7 141.583 5.515 
6 5 4 8 90.533 5.814 
6 5 4 9 118.177 6.425 
6 5 4 10 150.770 6.446 
6 5 4 11 95.713 6.621 
6 5 4 12 133.593 6.598 
6 5 4 13 104.660 6.966 
6 5 4 14 157.797 7.037 
6 5 4 15 134.140 6.947 
6 5 4 16 141.573 15.780 
6 5 4 17 101.163 21.679 
6 5 4 18 194.243 23.569 
6 5 4 19 160.190 21.370 
6 5 4 20 194.710 25.656 
6 5 4 21 161.860 23.542 
6 5 4 22 108.333 25.697 
6 5 4 23 138.540 21.784 
6 5 4 24 136.733 102.404 
6 5 4 25 141.200 91.288 
6 5 4 26 133.513 82.759 
6 5 4 27 158.883 80.549 
6 5 4 28 141.020 74.868 
6 5 4 29 119.507 65.750 
6 5 4 30 124.073 61.242 
6 5 4 31 121.170 43.457 
6 5 5 0 163.910 3.523 
6 5 5 1 142.460 3.626 
6 5 5 2 153.857 3.281 
6 5 5 3 147.987 3.479 
6 5 5 4 162.857 3.796 
6 5 5 5 166.593 3.818 
6 5 5 6 164.247 3.786 
6 5 5 7 135.853 4.032 
6 5 5 8 112.293 4.370 
6 5 5 9 137.990 5.552 
6 5 5 10 173.550 6.301 
6 5 5 11 130.360 6.401 
6 5 5 12 122.783 8.085 
6 5 5 13 151.623 12.562 
6 5 5 14 129.087 17.789 
6 5 5 15 134.230 22.239 
6 5 5 16 151.863 5.663 
6 5 5 17 139.707 4.877 
6 5 5 18 133.897 4.119 
6 5 5 19 151.000 5.995 
6 5 5 20 116.817 11.901 
6 5 5 21 119.267 18.181 
6 5 5 22 151.160 26.927 
6 5 5 23 174.123 35.281 
6 5 5 24 122.517 3.968 
6 5 5 25 152.393 3.770 
6 5 5 26 153.097 3.451 
6 5 5 27 159.367 3.525 
6 5 5 28 142.687 3.100 
6 5 5 29 139.620 3.231 
6 5 5 30 93.370 3.000 
6 5 5 31 159.223 3.666 
