0 0 0 0 0.83413661
0 0 0 1 0.6706958
0 0 0 2 0.72815787
0 0 0 3 0.74597688
0 0 0 4 0.71704875
0 0 0 5 0.70837695
0 0 0 6 0.74127722
0 0 0 7 0.71320385
0 0 0 8 1.19489118
0 0 0 9 1.11481688
0 0 0 10 1.10680529
0 0 0 11 1.07560182
0 0 0 12 1.18299399
0 0 0 13 1.37074675
0 0 0 14 1.40847968
0 0 0 15 1.49879525
0 0 0 16 0.84062542
0 0 0 17 0.83671142
0 0 0 18 0.82327362
0 0 0 19 0.717732
0 0 0 20 0.67885367
0 0 0 21 0.75957206
0 0 0 22 0.69602503
0 0 0 23 0.83185655
0 0 0 24 1.79222752
0 0 0 25 1.89173821
0 0 0 26 1.84698534
0 0 0 27 1.59613704
0 0 0 28 0.84059829
0 0 0 29 0.77159429
0 0 0 30 0.645634
0 0 0 31 0.59670832
0 0 1 0 0.88350582
0 0 1 1 0.64773714
0 0 1 2 0.59121524
0 0 1 3 0.68863477
0 0 1 4 0.55181457
0 0 1 5 0.77096399
0 0 1 6 0.6962584
0 0 1 7 0.77457876
0 0 1 8 1.71461077
0 0 1 9 1.54372998
0 0 1 10 1.64866602
0 0 1 11 1.55172569
0 0 1 12 1.61242471
0 0 1 13 1.89947082
0 0 1 14 1.95999696
0 0 1 15 2.1589253
0 0 1 16 0.74032318
0 0 1 17 0.71474824
0 0 1 18 0.63860949
0 0 1 19 0.6599843
0 0 1 20 0.88675812
0 0 1 21 0.85552032
0 0 1 22 0.75833345
0 0 1 23 0.90588009
0 0 1 24 0.89835545
0 0 1 25 0.83285464
0 0 1 26 0.77571829
0 0 1 27 0.83168521
0 0 1 28 0.69833404
0 0 1 29 0.74477689
0 0 1 30 0.6607455
0 0 1 31 0.76227032
0 0 2 0 0.27954167
0 0 2 1 0.23807705
0 0 2 2 0.24614881
0 0 2 3 0.24935699
0 0 2 4 0.23291109
0 0 2 5 0.22619799
0 0 2 6 0.23569131
0 0 2 7 0.28490562
0 0 2 8 0.37718202
0 0 2 9 0.32976607
0 0 2 10 0.35541957
0 0 2 11 0.340352
0 0 2 12 0.34295429
0 0 2 13 0.39363443
0 0 2 14 0.40977371
0 0 2 15 0.39835816
0 0 2 16 1.66154405
0 0 2 17 1.59111422
0 0 2 18 1.62709816
0 0 2 19 1.75546645
0 0 2 20 1.74289593
0 0 2 21 1.71954906
0 0 2 22 1.58580319
0 0 2 23 1.67386678
0 0 2 24 1.7641101
0 0 2 25 1.75302797
0 0 2 26 1.75106235
0 0 2 27 1.70917161
0 0 2 28 1.68499791
0 0 2 29 1.66436434
0 0 2 30 1.65091342
0 0 2 31 1.66346972
0 0 3 0 0.91385907
0 0 3 1 0.96000575
0 0 3 2 0.8727022
0 0 3 3 0.8986543
0 0 3 4 0.90771182
0 0 3 5 0.93081005
0 0 3 6 0.91762475
0 0 3 7 0.86008281
0 0 3 8 0.93127027
0 0 3 9 1.0936023
0 0 3 10 1.12870938
0 0 3 11 1.17838191
0 0 3 12 1.0574731
0 0 3 13 0.98990424
0 0 3 14 1.03359835
0 0 3 15 1.02416333
0 0 3 16 0.95168305
0 0 3 17 1.0175881
0 0 3 18 1.00989779
0 0 3 19 1.04351305
0 0 3 20 1.01809525
0 0 3 21 1.0825193
0 0 3 22 0.99570839
0 0 3 23 1.00021588
0 0 3 24 1.01645901
0 0 3 25 1.06030721
0 0 3 26 1.0410038
0 0 3 27 1.02206796
0 0 3 28 1.01203402
0 0 3 29 1.03464395
0 0 3 30 1.03889204
0 0 3 31 0.98325249
0 0 4 0 0.96546979
0 0 4 1 0.97775671
0 0 4 2 1.03417763
0 0 4 3 1.00891621
0 0 4 4 1.00652366
0 0 4 5 0.96750525
0 0 4 6 0.94457004
0 0 4 7 0.92326757
0 0 4 8 0.94784678
0 0 4 9 1.03877531
0 0 4 10 1.08573844
0 0 4 11 1.08246419
0 0 4 12 1.05410595
0 0 4 13 1.04560081
0 0 4 14 1.02694337
0 0 4 15 1.1118541
0 0 4 16 1.03400115
0 0 4 17 1.02927661
0 0 4 18 1.00740093
0 0 4 19 1.0095385
0 0 4 20 1.03447984
0 0 4 21 0.96272802
0 0 4 22 1.02135311
0 0 4 23 0.98231053
0 0 4 24 1.00633834
0 0 4 25 1.00346393
0 0 4 26 1.01644591
0 0 4 27 1.03185571
0 0 4 28 0.9032048
0 0 4 29 1.00604611
0 0 4 30 0.90236993
0 0 4 31 0.88397529
0 0 5 0 0.9159854
0 0 5 1 0.885226
0 0 5 2 0.83460568
0 0 5 3 0.89444195
0 0 5 4 0.83978359
0 0 5 5 0.90428851
0 0 5 6 0.92809337
0 0 5 7 1.04069789
0 0 5 8 0.9260324
0 0 5 9 1.04289873
0 0 5 10 1.00303974
0 0 5 11 1.09387087
0 0 5 12 1.22558315
0 0 5 13 1.11511027
0 0 5 14 1.25088949
0 0 5 15 1.08739892
0 0 5 16 0.04226386
0 0 5 17 1.10950759
0 0 5 18 1.20510289
0 0 5 19 1.37086804
0 0 5 20 1.51455776
0 0 5 21 1.33325298
0 0 5 22 1.09293722
0 0 5 23 0.88752826
0 0 5 24 0.88554736
0 0 5 25 0.9246119
0 0 5 26 0.96036698
0 0 5 27 0.95685551
0 0 5 28 0.98003268
0 0 5 29 0.98566822
0 0 5 30 0.94694063
0 0 5 31 0.86183865
0 1 0 0 0.98776061
0 1 0 1 0.78509908
0 1 0 2 0.83445002
0 1 0 3 0.81288917
0 1 0 4 0.77901976
0 1 0 5 0.75505321
0 1 0 6 0.77278526
0 1 0 7 0.73574978
0 1 0 8 1.69784126
0 1 0 9 1.61223136
0 1 0 10 1.68102416
0 1 0 11 1.65479556
0 1 0 12 1.57560096
0 1 0 13 2.11917401
0 1 0 14 2.11722566
0 1 0 15 2.12040667
0 1 0 16 0.76539753
0 1 0 17 0.75953917
0 1 0 18 0.84651823
0 1 0 19 0.8120605
0 1 0 20 0.61347686
0 1 0 21 0.7397521
0 1 0 22 0.80150418
0 1 0 23 0.76782406
0 1 0 24 0.71971935
0 1 0 25 0.56641756
0 1 0 26 0.64591999
0 1 0 27 0.59506821
0 1 0 28 0.7152013
0 1 0 29 0.56688748
0 1 0 30 0.54963221
0 1 0 31 0.56848749
0 1 1 0 0.84284017
0 1 1 1 0.75343115
0 1 1 2 0.77812104
0 1 1 3 0.85953593
0 1 1 4 0.77523182
0 1 1 5 0.76337921
0 1 1 6 0.86935044
0 1 1 7 0.89732886
0 1 1 8 1.33959195
0 1 1 9 1.19621248
0 1 1 10 1.36068501
0 1 1 11 1.10032191
0 1 1 12 1.46726274
0 1 1 13 1.34364078
0 1 1 14 1.40297965
0 1 1 15 1.80616913
0 1 1 16 1.16755443
0 1 1 17 1.06838459
0 1 1 18 0.93626006
0 1 1 19 1.03382273
0 1 1 20 0.9593964
0 1 1 21 0.99255552
0 1 1 22 0.97352269
0 1 1 23 1.01399056
0 1 1 24 0.91597452
0 1 1 25 0.77239091
0 1 1 26 0.80568838
0 1 1 27 0.80266157
0 1 1 28 0.7574318
0 1 1 29 0.78555519
0 1 1 30 0.76617542
0 1 1 31 0.73397192
0 1 2 0 0.38055603
0 1 2 1 0.2932173
0 1 2 2 0.30985703
0 1 2 3 0.36212434
0 1 2 4 0.39759316
0 1 2 5 0.6136678
0 1 2 6 1.04700472
0 1 2 7 0.74172684
0 1 2 8 0.59021443
0 1 2 9 0.60340743
0 1 2 10 0.51606783
0 1 2 11 0.61982031
0 1 2 12 0.59165278
0 1 2 13 0.63042434
0 1 2 14 0.69217948
0 1 2 15 0.70466834
0 1 2 16 1.35576006
0 1 2 17 1.33290319
0 1 2 18 1.46253228
0 1 2 19 1.49536649
0 1 2 20 1.4796831
0 1 2 21 1.38042812
0 1 2 22 1.55254966
0 1 2 23 1.61573584
0 1 2 24 1.54761773
0 1 2 25 1.40869119
0 1 2 26 1.38611443
0 1 2 27 1.44070239
0 1 2 28 1.43750428
0 1 2 29 1.40539526
0 1 2 30 1.38603686
0 1 2 31 1.30799621
0 1 3 0 0.60549937
0 1 3 1 0.59554658
0 1 3 2 0.6267056
0 1 3 3 0.60796609
0 1 3 4 0.63258247
0 1 3 5 0.57272774
0 1 3 6 0.6391099
0 1 3 7 0.68063934
0 1 3 8 0.73305457
0 1 3 9 0.76703281
0 1 3 10 0.76896757
0 1 3 11 0.74554999
0 1 3 12 0.75058134
0 1 3 13 0.78420973
0 1 3 14 0.79820835
0 1 3 15 0.80318169
0 1 3 16 1.15667022
0 1 3 17 1.04592431
0 1 3 18 0.87534235
0 1 3 19 1.16406787
0 1 3 20 1.08315288
0 1 3 21 1.07394519
0 1 3 22 1.15151684
0 1 3 23 1.1022893
0 1 3 24 1.21237392
0 1 3 25 1.57045476
0 1 3 26 1.71723076
0 1 3 27 1.85354328
0 1 3 28 1.66729198
0 1 3 29 1.6235577
0 1 3 30 1.2748301
0 1 3 31 1.17478679
0 1 4 0 0.81494454
0 1 4 1 0.8313033
0 1 4 2 0.85656251
0 1 4 3 0.73180226
0 1 4 4 0.87435719
0 1 4 5 0.86192198
0 1 4 6 0.85372175
0 1 4 7 0.85275602
0 1 4 8 0.94990865
0 1 4 9 0.91141545
0 1 4 10 0.90161619
0 1 4 11 0.85377441
0 1 4 12 0.84711003
0 1 4 13 0.8714629
0 1 4 14 0.89095581
0 1 4 15 0.91767495
0 1 4 16 1.15370255
0 1 4 17 1.21622478
0 1 4 18 1.10520107
0 1 4 19 1.10168431
0 1 4 20 1.15327789
0 1 4 21 1.25577444
0 1 4 22 1.16615752
0 1 4 23 1.12983437
0 1 4 24 1.08660589
0 1 4 25 1.17011842
0 1 4 26 1.13570508
0 1 4 27 1.13900872
0 1 4 28 1.07660293
0 1 4 29 1.04410016
0 1 4 30 1.1707373
0 1 4 31 1.12077383
0 1 5 0 0.01319916
0 1 5 1 0.62638037
0 1 5 2 0.61387721
0 1 5 3 0.59185889
0 1 5 4 0.58910726
0 1 5 5 0.60359662
0 1 5 6 0.61631471
0 1 5 7 0.62260516
0 1 5 8 0.6776387
0 1 5 9 0.68164881
0 1 5 10 0.7438741
0 1 5 11 0.76301317
0 1 5 12 0.75865357
0 1 5 13 0.82232804
0 1 5 14 0.07975634
0 1 5 15 0.74121766
0 1 5 16 1.37722861
0 1 5 17 1.26521152
0 1 5 18 1.37797182
0 1 5 19 1.39712732
0 1 5 20 1.52501349
0 1 5 21 1.69547037
0 1 5 22 1.62766159
0 1 5 23 1.58608011
0 1 5 24 1.4340682
0 1 5 25 1.39987094
0 1 5 26 1.15385074
0 1 5 27 1.41339215
0 1 5 28 1.32770702
0 1 5 29 1.41855749
0 1 5 30 1.28233181
0 1 5 31 1.37632041
0 3 0 0 1.27113609
0 3 0 1 1.09525454
0 3 0 2 0.98422417
0 3 0 3 1.01692594
0 3 0 4 1.03321281
0 3 0 5 0.9800811
0 3 0 6 0.98243345
0 3 0 7 1.04642091
0 3 0 8 2.30494443
0 3 0 9 2.23449366
0 3 0 10 2.11440667
0 3 0 11 2.01455989
0 3 0 12 2.1747831
0 3 0 13 2.53851076
0 3 0 14 2.63480657
0 3 0 15 2.79153035
0 3 0 16 0.29855115
0 3 0 17 0.29941432
0 3 0 18 0.2416945
0 3 0 19 0.28768707
0 3 0 20 0.17332596
0 3 0 21 0.26119297
0 3 0 22 0.26483224
0 3 0 23 0.29250113
0 3 0 24 0.27314149
0 3 0 25 0.32120101
0 3 0 26 0.32857166
0 3 0 27 0.29490398
0 3 0 28 0.26141554
0 3 0 29 0.28453634
0 3 0 30 0.27185295
0 3 0 31 0.2634479
0 3 1 0 0.92129298
0 3 1 1 0.40077199
0 3 1 2 0.34056425
0 3 1 3 0.30668509
0 3 1 4 0.35752318
0 3 1 5 0.40167969
0 3 1 6 0.29317197
0 3 1 7 0.38833402
0 3 1 8 2.7145726
0 3 1 9 2.07511913
0 3 1 10 2.3562724
0 3 1 11 2.02524305
0 3 1 12 2.21763379
0 3 1 13 2.92930909
0 3 1 14 3.03555992
0 3 1 15 3.01825116
0 3 1 16 0.50002049
0 3 1 17 0.5204481
0 3 1 18 0.48415454
0 3 1 19 0.50469149
0 3 1 20 0.56863105
0 3 1 21 0.48993537
0 3 1 22 0.56782276
0 3 1 23 0.67532061
0 3 1 24 0.58951848
0 3 1 25 0.53136852
0 3 1 26 0.41712631
0 3 1 27 0.5050308
0 3 1 28 0.45945523
0 3 1 29 0.38588665
0 3 1 30 0.52174327
0 3 1 31 0.47446656
0 3 2 0 0.82823413
0 3 2 1 0.36661165
0 3 2 2 0.26065207
0 3 2 3 0.26888389
0 3 2 4 0.22752362
0 3 2 5 0.21998263
0 3 2 6 0.20440843
0 3 2 7 0.33195314
0 3 2 8 2.81074802
0 3 2 9 2.83936852
0 3 2 10 2.84250302
0 3 2 11 2.20950287
0 3 2 12 2.55362756
0 3 2 13 3.03906713
0 3 2 14 3.5166469
0 3 2 15 3.55929297
0 3 2 16 0.37668422
0 3 2 17 0.39297319
0 3 2 18 0.36848766
0 3 2 19 0.32082998
0 3 2 20 0.38502462
0 3 2 21 0.4013054
0 3 2 22 0.34924062
0 3 2 23 0.4088548
0 3 2 24 0.43713028
0 3 2 25 0.39476807
0 3 2 26 0.43447524
0 3 2 27 0.40105512
0 3 2 28 0.3208237
0 3 2 29 0.34963227
0 3 2 30 0.34400384
0 3 2 31 0.2974705
0 3 3 0 1.14617105
0 3 3 1 0.48373895
0 3 3 2 0.35283946
0 3 3 3 0.34733608
0 3 3 4 0.27546434
0 3 3 5 0.28701415
0 3 3 6 0.25727942
0 3 3 7 0.37409143
0 3 3 8 2.85805092
0 3 3 9 2.92489756
0 3 3 10 2.65805561
0 3 3 11 2.49070607
0 3 3 12 2.45296509
0 3 3 13 3.07168135
0 3 3 14 3.29935307
0 3 3 15 3.71014336
0 3 3 16 0.27369109
0 3 3 17 0.31512747
0 3 3 18 0.26198032
0 3 3 19 0.33723503
0 3 3 20 0.25357531
0 3 3 21 0.27687854
0 3 3 22 0.19206316
0 3 3 23 0.29136843
0 3 3 24 0.26379025
0 3 3 25 0.30052589
0 3 3 26 0.23343328
0 3 3 27 0.27189877
0 3 3 28 0.22505831
0 3 3 29 0.23480742
0 3 3 30 0.23990164
0 3 3 31 0.28673346
0 3 4 0 0.98019364
0 3 4 1 0.42626147
0 3 4 2 0.22250385
0 3 4 3 0.14132897
0 3 4 4 0.16215595
0 3 4 5 0.17475431
0 3 4 6 0.1680909
0 3 4 7 0.19214201
0 3 4 8 3.19652966
0 3 4 9 3.01082949
0 3 4 10 3.12342267
0 3 4 11 2.55402802
0 3 4 12 2.79113567
0 3 4 13 3.00633541
0 3 4 14 3.38191347
0 3 4 15 4.31860945
0 3 4 16 0.27659945
0 3 4 17 0.3017392
0 3 4 18 0.19486966
0 3 4 19 0.27662562
0 3 4 20 0.13496448
0 3 4 21 0.26248915
0 3 4 22 0.16463462
0 3 4 23 0.23233509
0 3 4 24 0.20613257
0 3 4 25 0.24259211
0 3 4 26 0.14062777
0 3 4 27 0.18818019
0 3 4 28 0.26900402
0 3 4 29 0.24136029
0 3 4 30 0.2683569
0 3 4 31 0.12968323
0 3 5 0 0.84983741
0 3 5 1 0.38834971
0 3 5 2 0.27312985
0 3 5 3 0.19374884
0 3 5 4 0.25368149
0 3 5 5 0.22712596
0 3 5 6 0.19786699
0 3 5 7 0.31359227
0 3 5 8 3.06984561
0 3 5 9 2.67823441
0 3 5 10 2.57724374
0 3 5 11 2.37133184
0 3 5 12 2.79209281
0 3 5 13 3.12368285
0 3 5 14 3.30232008
0 3 5 15 4.11962353
0 3 5 16 0.30155767
0 3 5 17 0.26212837
0 3 5 18 0.34294356
0 3 5 19 0.26334609
0 3 5 20 0.29830866
0 3 5 21 0.25753124
0 3 5 22 0.25666961
0 3 5 23 0.24347936
0 3 5 24 0.24956412
0 3 5 25 0.2694921
0 3 5 26 0.2838082
0 3 5 27 0.30938084
0 3 5 28 0.24430821
0 3 5 29 0.25126569
0 3 5 30 0.29833134
0 3 5 31 0.29741272
0 4 0 0 0.88020229
0 4 0 1 0.88234828
0 4 0 2 1.06856228
0 4 0 3 1.12508681
0 4 0 4 1.14550818
0 4 0 5 1.10899185
0 4 0 6 1.18873727
0 4 0 7 1.17142113
0 4 0 8 0.03744919
0 4 0 9 0.95874574
0 4 0 10 0.91510506
0 4 0 11 0.93679566
0 4 0 12 0.95228286
0 4 0 13 1.09198846
0 4 0 14 1.34373541
0 4 0 15 1.71441585
0 4 0 16 1.8269516
0 4 0 17 1.38696496
0 4 0 18 1.11026767
0 4 0 19 0.90810938
0 4 0 20 0.84392597
0 4 0 21 0.63089019
0 4 0 22 0.6826589
0 4 0 23 0.80343224
0 4 0 24 0.85963279
0 4 0 25 0.82624252
0 4 0 26 0.9818465
0 4 0 27 0.97877789
0 4 0 28 1.08294291
0 4 0 29 0.94161905
0 4 0 30 0.93027492
0 4 0 31 0.62884347
0 4 1 0 0.90889963
0 4 1 1 0.84471218
0 4 1 2 1.08472519
0 4 1 3 1.15759973
0 4 1 4 1.1661059
0 4 1 5 1.17334429
0 4 1 6 1.13686587
0 4 1 7 1.03583262
0 4 1 8 1.2297424
0 4 1 9 0.95360114
0 4 1 10 1.09647288
0 4 1 11 0.95574477
0 4 1 12 1.07040691
0 4 1 13 1.27055525
0 4 1 14 1.31332853
0 4 1 15 1.79203878
0 4 1 16 1.41294257
0 4 1 17 1.06420475
0 4 1 18 0.99095025
0 4 1 19 0.80360784
0 4 1 20 0.74144386
0 4 1 21 0.70479036
0 4 1 22 0.64831386
0 4 1 23 0.60264028
0 4 1 24 0.74118546
0 4 1 25 0.79930643
0 4 1 26 0.88169169
0 4 1 27 1.00919723
0 4 1 28 0.92843987
0 4 1 29 0.94616785
0 4 1 30 0.83335307
0 4 1 31 0.70020516
0 4 2 0 0.88078019
0 4 2 1 0.77247295
0 4 2 2 0.70769072
0 4 2 3 0.77902382
0 4 2 4 0.7029355
0 4 2 5 0.70768452
0 4 2 6 0.73362743
0 4 2 7 0.79979066
0 4 2 8 1.43725497
0 4 2 9 1.39727176
0 4 2 10 1.35503032
0 4 2 11 1.30392325
0 4 2 12 1.35785001
0 4 2 13 1.72349513
0 4 2 14 1.65528922
0 4 2 15 1.99917046
0 4 2 16 0.91108167
0 4 2 17 0.97812831
0 4 2 18 0.61588492
0 4 2 19 0.79147912
0 4 2 20 0.82809976
0 4 2 21 0.85984175
0 4 2 22 0.89447748
0 4 2 23 1.04172155
0 4 2 24 1.17872257
0 4 2 25 1.09007913
0 4 2 26 0.8380096
0 4 2 27 0.73218724
0 4 2 28 0.71064323
0 4 2 29 0.77283762
0 4 2 30 0.8427213
0 4 2 31 0.78929103
0 4 3 0 0.61402862
0 4 3 1 0.43069218
0 4 3 2 0.48436356
0 4 3 3 0.45307733
0 4 3 4 0.41667487
0 4 3 5 0.41051404
0 4 3 6 0.37773738
0 4 3 7 0.33167445
0 4 3 8 1.02030289
0 4 3 9 1.04697966
0 4 3 10 1.05672105
0 4 3 11 1.00041662
0 4 3 12 1.22128332
0 4 3 13 1.47788614
0 4 3 14 1.50884689
0 4 3 15 1.71496795
0 4 3 16 0.38524533
0 4 3 17 0.61871107
0 4 3 18 0.63136626
0 4 3 19 0.68482526
0 4 3 20 1.14288064
0 4 3 21 2.4972007
0 4 3 22 2.31561953
0 4 3 23 1.51982223
0 4 3 24 0.84914942
0 4 3 25 1.30160337
0 4 3 26 1.22400194
0 4 3 27 1.0384854
0 4 3 28 1.60662369
0 4 3 29 1.33438833
0 4 3 30 0.9714113
0 4 3 31 0.54007723
0 4 4 0 0.87241211
0 4 4 1 0.78665043
0 4 4 2 0.74712171
0 4 4 3 0.68068682
0 4 4 4 0.70801448
0 4 4 5 0.84400824
0 4 4 6 0.82363553
0 4 4 7 0.78159095
0 4 4 8 1.6739262
0 4 4 9 1.57881788
0 4 4 10 1.70453646
0 4 4 11 1.47217087
0 4 4 12 1.62913622
0 4 4 13 2.05627916
0 4 4 14 2.01488437
0 4 4 15 2.18240237
0 4 4 16 0.82270966
0 4 4 17 0.81284573
0 4 4 18 0.79384195
0 4 4 19 0.74601123
0 4 4 20 0.78338036
0 4 4 21 0.77319463
0 4 4 22 0.76151709
0 4 4 23 0.77946198
0 4 4 24 0.63579307
0 4 4 25 0.52955716
0 4 4 26 0.49749
0 4 4 27 0.68527211
0 4 4 28 0.64637368
0 4 4 29 0.72765491
0 4 4 30 0.82997286
0 4 4 31 0.62917546
0 4 5 0 1.10464397
0 4 5 1 0.86815976
0 4 5 2 0.92442228
0 4 5 3 0.80629105
0 4 5 4 0.95747788
0 4 5 5 0.91200409
0 4 5 6 0.92185655
0 4 5 7 1.03840548
0 4 5 8 1.25821842
0 4 5 9 1.22775655
0 4 5 10 1.18036211
0 4 5 11 1.22085762
0 4 5 12 1.31568754
0 4 5 13 1.32474792
0 4 5 14 1.26799623
0 4 5 15 1.43092637
0 4 5 16 1.03344818
0 4 5 17 0.92825723
0 4 5 18 0.88793147
0 4 5 19 0.9082587
0 4 5 20 0.83845181
0 4 5 21 0.96651461
0 4 5 22 0.86556273
0 4 5 23 0.9084347
0 4 5 24 0.96833439
0 4 5 25 0.953854
0 4 5 26 0.82435942
0 4 5 27 0.82881719
0 4 5 28 0.86759082
0 4 5 29 0.85812093
0 4 5 30 0.85485323
0 4 5 31 0.8473514
0 5 0 0 0.94625423
0 5 0 1 0.95486452
0 5 0 2 1.04283297
0 5 0 3 1.07354679
0 5 0 4 1.0422275
0 5 0 5 1.0315306
0 5 0 6 0.98493996
0 5 0 7 1.0258099
0 5 0 8 1.51404474
0 5 0 9 1.32415326
0 5 0 10 1.36834266
0 5 0 11 1.3101807
0 5 0 12 1.25592514
0 5 0 13 1.67020822
0 5 0 14 1.59908378
0 5 0 15 1.91821916
0 5 0 16 0.91001165
0 5 0 17 0.79469035
0 5 0 18 0.69551249
0 5 0 19 0.66912284
0 5 0 20 0.52895108
0 5 0 21 0.63566065
0 5 0 22 0.63340729
0 5 0 23 0.81834469
0 5 0 24 0.77765478
0 5 0 25 0.75768135
0 5 0 26 0.68164376
0 5 0 27 0.8357267
0 5 0 28 0.93487296
0 5 0 29 0.85677813
0 5 0 30 0.64866839
0 5 0 31 0.70169056
0 5 1 0 0.82993476
0 5 1 1 0.79356821
0 5 1 2 0.87678667
0 5 1 3 0.9138113
0 5 1 4 1.04899141
0 5 1 5 0.99270226
0 5 1 6 0.88119265
0 5 1 7 0.89466676
0 5 1 8 1.57122483
0 5 1 9 1.47143558
0 5 1 10 1.31903157
0 5 1 11 1.41987484
0 5 1 12 1.521608
0 5 1 13 1.50382132
0 5 1 14 1.72327232
0 5 1 15 1.9528571
0 5 1 16 0.93682874
0 5 1 17 0.80439438
0 5 1 18 0.75324051
0 5 1 19 0.77434371
0 5 1 20 0.88965874
0 5 1 21 0.90039612
0 5 1 22 0.75922415
0 5 1 23 0.76166572
0 5 1 24 0.65690378
0 5 1 25 0.69483839
0 5 1 26 0.80030186
0 5 1 27 0.61023279
0 5 1 28 0.78192944
0 5 1 29 0.69866135
0 5 1 30 0.73953935
0 5 1 31 0.82611869
0 5 2 0 0.73025572
0 5 2 1 0.75164772
0 5 2 2 1.07064771
0 5 2 3 1.09116391
0 5 2 4 0.99790132
0 5 2 5 1.05353419
0 5 2 6 1.07558222
0 5 2 7 1.04315137
0 5 2 8 1.76950768
0 5 2 9 1.69326933
0 5 2 10 1.56706552
0 5 2 11 1.48750873
0 5 2 12 1.81956458
0 5 2 13 1.60865743
0 5 2 14 1.85342872
0 5 2 15 2.20815284
0 5 2 16 0.80387156
0 5 2 17 0.5340652
0 5 2 18 0.49478845
0 5 2 19 0.45753833
0 5 2 20 0.51324303
0 5 2 21 0.70840788
0 5 2 22 0.67571521
0 5 2 23 0.46622216
0 5 2 24 0.52392099
0 5 2 25 0.59207098
0 5 2 26 0.64657593
0 5 2 27 0.81130806
0 5 2 28 0.63049127
0 5 2 29 0.72937066
0 5 2 30 0.74391923
0 5 2 31 0.71944875
0 5 3 0 0.98408678
0 5 3 1 0.79952239
0 5 3 2 0.8965671
0 5 3 3 0.97679826
0 5 3 4 0.89783469
0 5 3 5 1.02776759
0 5 3 6 0.83861248
0 5 3 7 0.98889302
0 5 3 8 1.49780476
0 5 3 9 1.30220801
0 5 3 10 1.49310628
0 5 3 11 1.47484571
0 5 3 12 1.33500822
0 5 3 13 1.48723876
0 5 3 14 1.60868336
0 5 3 15 1.8855971
0 5 3 16 0.95746959
0 5 3 17 0.83255454
0 5 3 18 0.77659681
0 5 3 19 0.80841053
0 5 3 20 0.73298926
0 5 3 21 0.72421794
0 5 3 22 0.69028005
0 5 3 23 0.79348757
0 5 3 24 0.78996592
0 5 3 25 0.69134949
0 5 3 26 0.62705366
0 5 3 27 0.66390071
0 5 3 28 0.8942558
0 5 3 29 0.8489147
0 5 3 30 0.78091955
0 5 3 31 0.87061863
0 5 4 0 0.95012919
0 5 4 1 0.9311655
0 5 4 2 1.00718043
0 5 4 3 1.01728518
0 5 4 4 0.9796785
0 5 4 5 0.87868983
0 5 4 6 0.985999
0 5 4 7 1.01491429
0 5 4 8 1.49139452
0 5 4 9 1.1765396
0 5 4 10 1.41628123
0 5 4 11 1.11050655
0 5 4 12 1.58513324
0 5 4 13 1.39796212
0 5 4 14 1.43043124
0 5 4 15 1.83329373
0 5 4 16 0.91132568
0 5 4 17 0.87703234
0 5 4 18 0.90332082
0 5 4 19 0.67991294
0 5 4 20 0.81690734
0 5 4 21 0.45034462
0 5 4 22 0.94661871
0 5 4 23 0.88244734
0 5 4 24 0.93563709
0 5 4 25 0.99817783
0 5 4 26 0.77088506
0 5 4 27 0.79051879
0 5 4 28 0.69724342
0 5 4 29 0.87093295
0 5 4 30 0.71190687
0 5 4 31 0.68780517
0 5 5 0 1.14669867
0 5 5 1 0.90114436
0 5 5 2 0.94037627
0 5 5 3 1.06250357
0 5 5 4 1.00869771
0 5 5 5 0.98434659
0 5 5 6 0.99884933
0 5 5 7 1.21339529
0 5 5 8 1.15698506
0 5 5 9 1.2543969
0 5 5 10 1.25250153
0 5 5 11 1.13943651
0 5 5 12 1.18725394
0 5 5 13 1.29556681
0 5 5 14 1.09374739
0 5 5 15 1.39912794
0 5 5 16 1.06547092
0 5 5 17 0.97773433
0 5 5 18 0.88475346
0 5 5 19 0.88625047
0 5 5 20 0.97589115
0 5 5 21 0.91810296
0 5 5 22 0.89337905
0 5 5 23 0.02927938
0 5 5 24 1.06462811
0 5 5 25 0.91869045
0 5 5 26 0.86631597
0 5 5 27 0.73616492
0 5 5 28 0.93210646
0 5 5 29 0.95383584
0 5 5 30 0.92784925
0 5 5 31 0.93010031
1 0 0 0 0.35260915
1 0 0 1 0.28052149
1 0 0 2 0.24600531
1 0 0 3 0.24200811
1 0 0 4 0.29913018
1 0 0 5 0.27266633
1 0 0 6 0.28786104
1 0 0 7 0.2874936
1 0 0 8 0.80200874
1 0 0 9 0.87520956
1 0 0 10 0.83966215
1 0 0 11 0.78476257
1 0 0 12 0.8353204
1 0 0 13 0.99766829
1 0 0 14 1.08621896
1 0 0 15 1.14494252
1 0 0 16 0.37870411
1 0 0 17 0.39092235
1 0 0 18 0.36451463
1 0 0 19 0.34952798
1 0 0 20 0.41883306
1 0 0 21 0.383819
1 0 0 22 0.35699499
1 0 0 23 0.42213371
1 0 0 24 0.60012605
1 0 0 25 1.2387026
1 0 0 26 2.25678894
1 0 0 27 2.78597775
1 0 0 28 3.13924362
1 0 0 29 3.45162467
1 0 0 30 2.7582807
1 0 0 31 2.69328402
1 0 1 0 2.21463422
1 0 1 1 3.20693268
1 0 1 2 3.16158288
1 0 1 3 2.37484227
1 0 1 4 2.78416512
1 0 1 5 1.83981695
1 0 1 6 1.06904074
1 0 1 7 0.56701093
1 0 1 8 0.65517536
1 0 1 9 0.65543277
1 0 1 10 0.68053437
1 0 1 11 0.79275771
1 0 1 12 1.24847866
1 0 1 13 2.16130659
1 0 1 14 3.17592617
1 0 1 15 2.76999206
1 0 1 16 0.00531826
1 0 1 17 0.1269621
1 0 1 18 0.13194691
1 0 1 19 0.12072108
1 0 1 20 0.12135501
1 0 1 21 0.13447182
1 0 1 22 0.14172896
1 0 1 23 0.12755607
1 0 1 24 0.23337893
1 0 1 25 0.20403285
1 0 1 26 0.12295655
1 0 1 27 0.11316963
1 0 1 28 0.10664842
1 0 1 29 0.1456607
1 0 1 30 0.15122232
1 0 1 31 0.14772628
1 0 2 0 1.43507206
1 0 2 1 1.72343886
1 0 2 2 1.95641735
1 0 2 3 1.89757549
1 0 2 4 1.81330015
1 0 2 5 1.82388252
1 0 2 6 1.66092178
1 0 2 7 0.97659075
1 0 2 8 1.0384668
1 0 2 9 1.54475139
1 0 2 10 2.06767144
1 0 2 11 1.76992054
1 0 2 12 2.04727982
1 0 2 13 2.30690143
1 0 2 14 2.04242169
1 0 2 15 1.47414239
1 0 2 16 0.22341405
1 0 2 17 0.23453799
1 0 2 18 0.2833761
1 0 2 19 0.23286467
1 0 2 20 0.23378641
1 0 2 21 0.2423475
1 0 2 22 0.23797666
1 0 2 23 0.2333656
1 0 2 24 0.29898246
1 0 2 25 0.34901578
1 0 2 26 0.32192964
1 0 2 27 0.28231442
1 0 2 28 0.24402557
1 0 2 29 0.2242642
1 0 2 30 0.19650731
1 0 2 31 0.19844257
1 0 3 0 0.25559117
1 0 3 1 0.21695751
1 0 3 2 0.19531975
1 0 3 3 0.22338197
1 0 3 4 0.19336424
1 0 3 5 0.21111314
1 0 3 6 0.19759123
1 0 3 7 0.21730106
1 0 3 8 0.5606799
1 0 3 9 1.02816583
1 0 3 10 1.45217578
1 0 3 11 1.54348119
1 0 3 12 1.6255162
1 0 3 13 1.61323476
1 0 3 14 1.51626331
1 0 3 15 1.22710437
1 0 3 16 1.40173572
1 0 3 17 1.78085244
1 0 3 18 1.94230087
1 0 3 19 2.0047024
1 0 3 20 2.06872993
1 0 3 21 1.80948312
1 0 3 22 1.39063903
1 0 3 23 0.9031822
1 0 3 24 0.50010369
1 0 3 25 0.65885753
1 0 3 26 0.97025327
1 0 3 27 1.22790283
1 0 3 28 1.27423008
1 0 3 29 1.04098633
1 0 3 30 0.61397822
1 0 3 31 0.34722406
1 0 4 0 0.62386905
1 0 4 1 0.81559064
1 0 4 2 0.86665581
1 0 4 3 0.91327107
1 0 4 4 0.66240461
1 0 4 5 0.56715497
1 0 4 6 0.40232406
1 0 4 7 0.36463565
1 0 4 8 0.54249997
1 0 4 9 0.63817915
1 0 4 10 0.8392698
1 0 4 11 1.02800536
1 0 4 12 1.19498055
1 0 4 13 1.16374558
1 0 4 14 1.19354923
1 0 4 15 1.05154779
1 0 4 16 0.91908889
1 0 4 17 1.16223685
1 0 4 18 1.23888383
1 0 4 19 1.28722943
1 0 4 20 1.45296754
1 0 4 21 1.38352302
1 0 4 22 1.25357322
1 0 4 23 1.17347455
1 0 4 24 1.08175683
1 0 4 25 1.29870023
1 0 4 26 1.34242221
1 0 4 27 1.35068899
1 0 4 28 1.29047737
1 0 4 29 1.02126276
1 0 4 30 1.12035803
1 0 4 31 0.91284866
1 0 5 0 0.47677859
1 0 5 1 0.75719566
1 0 5 2 0.91679192
1 0 5 3 0.9962025
1 0 5 4 0.94977099
1 0 5 5 0.85353894
1 0 5 6 0.74260415
1 0 5 7 0.50263368
1 0 5 8 0.70583209
1 0 5 9 0.96453001
1 0 5 10 1.01403879
1 0 5 11 1.22776961
1 0 5 12 1.11859713
1 0 5 13 0.26094483
1 0 5 14 0.96831376
1 0 5 15 0.72327049
1 0 5 16 0.79807126
1 0 5 17 1.08963539
1 0 5 18 1.225744
1 0 5 19 1.33467843
1 0 5 20 1.46009657
1 0 5 21 1.39903373
1 0 5 22 1.30309523
1 0 5 23 1.09778435
1 0 5 24 1.1919463
1 0 5 25 1.3316311
1 0 5 26 1.26265962
1 0 5 27 1.24189059
1 0 5 28 1.23792325
1 0 5 29 1.05258752
1 0 5 30 1.05068875
1 0 5 31 0.73124133
1 1 0 0 1.09439963
1 1 0 1 0.399964111
1 1 0 2 0.388243094
1 1 0 3 0.296723308
1 1 0 4 0.285914305
1 1 0 5 0.344590091
1 1 0 6 0.3993761
1 1 0 7 0.453289168
1 1 0 8 0.02511731
1 1 0 9 3.01178868
1 1 0 10 3.24398119
1 1 0 11 2.84827773
1 1 0 12 2.86635211
1 1 0 13 3.63472688
1 1 0 14 3.76747246
1 1 0 15 4.04292468
1 1 0 16 0.24020074
1 1 0 17 0.333614993
1 1 0 18 0.336805229
1 1 0 19 0.35055896
1 1 0 20 0.320089617
1 1 0 21 0.336295553
1 1 0 22 0.316744647
1 1 0 23 0.357989653
1 1 0 24 0.00162130123
1 1 0 25 0.332210858
1 1 0 26 0.361878208
1 1 0 27 0.274869506
1 1 0 28 0.321731284
1 1 0 29 0.340244378
1 1 0 30 0.242221877
1 1 0 31 0.290077961
1 1 1 0 0.91641238
1 1 1 1 0.41985619
1 1 1 2 0.2675899
1 1 1 3 0.19431353
1 1 1 4 0.20246195
1 1 1 5 0.25685895
1 1 1 6 0.21133817
1 1 1 7 0.22495603
1 1 1 8 3.04285754
1 1 1 9 3.00922455
1 1 1 10 2.90131547
1 1 1 11 2.48494006
1 1 1 12 2.35051327
1 1 1 13 3.09094462
1 1 1 14 3.76957408
1 1 1 15 4.13465368
1 1 1 16 0.2390687
1 1 1 17 0.2318361
1 1 1 18 0.25507576
1 1 1 19 0.2451226
1 1 1 20 0.23544328
1 1 1 21 0.24191164
1 1 1 22 0.23958756
1 1 1 23 0.26673721
1 1 1 24 0.21173264
1 1 1 25 0.22931021
1 1 1 26 0.25236117
1 1 1 27 0.22524209
1 1 1 28 0.19629148
1 1 1 29 0.20714742
1 1 1 30 0.18903277
1 1 1 31 0.19010113
1 1 2 0 0.925717879
1 1 2 1 0.627718494
1 1 2 2 0.881603473
1 1 2 3 -0.00152133339
1 1 2 4 0.977310079
1 1 2 5 0.630025927
1 1 2 6 0.400155296
1 1 2 7 0.350349414
1 1 2 8 2.74111482
1 1 2 9 2.80846277
1 1 2 10 2.40965442
1 1 2 11 2.04675359
1 1 2 12 2.72749762
1 1 2 13 3.18055406
1 1 2 14 3.60005282
1 1 2 15 3.88859932
1 1 2 16 0.299371404
1 1 2 17 0.272506244
1 1 2 18 0.2331599
1 1 2 19 0.246837012
1 1 2 20 0.186789315
1 1 2 21 0.176890386
1 1 2 22 0.185585233
1 1 2 23 0.213036339
1 1 2 24 0.171177648
1 1 2 25 0.161346779
1 1 2 26 0.25324392
1 1 2 27 0.194687322
1 1 2 28 0.164266921
1 1 2 29 0.19684355
1 1 2 30 0.165013575
1 1 2 31 0.156499894
1 1 3 0 1.12563187
1 1 3 1 1.15573589
1 1 3 2 1.02392109
1 1 3 3 1.20216482
1 1 3 4 1.2507103
1 1 3 5 1.24689768
1 1 3 6 1.07411784
1 1 3 7 0.87720547
1 1 3 8 0.85155454
1 1 3 9 0.88297576
1 1 3 10 0.92636105
1 1 3 11 0.89970351
1 1 3 12 0.89441015
1 1 3 13 0.89980204
1 1 3 14 0.92320919
1 1 3 15 0.84977953
1 1 3 16 0.79035364
1 1 3 17 0.74349591
1 1 3 18 0.73638558
1 1 3 19 0.76240059
1 1 3 20 0.7682743
1 1 3 21 0.76810627
1 1 3 22 0.77815788
1 1 3 23 0.74887677
1 1 3 24 1.34295767
1 1 3 25 1.4424427
1 1 3 26 1.28158086
1 1 3 27 1.28095324
1 1 3 28 1.17925086
1 1 3 29 1.27817262
1 1 3 30 1.10129651
1 1 3 31 1.02406811
1 1 4 0 0.8813338
1 1 4 1 1.76089502
1 1 4 2 2.34134018
1 1 4 3 2.07398975
1 1 4 4 1.78164257
1 1 4 5 1.71985864
1 1 4 6 1.6821272
1 1 4 7 1.24034956
1 1 4 8 0.76664385
1 1 4 9 1.27193183
1 1 4 10 1.56713308
1 1 4 11 1.65970605
1 1 4 12 1.77484259
1 1 4 13 1.52710582
1 1 4 14 1.0582618
1 1 4 15 0.85459409
1 1 4 16 0.25861379
1 1 4 17 0.29838888
1 1 4 18 0.2746378
1 1 4 19 0.27088718
1 1 4 20 0.2274384
1 1 4 21 0.32444316
1 1 4 22 0.30592255
1 1 4 23 0.33989667
1 1 4 24 1.74705639
1 1 4 25 1.35836061
1 1 4 26 0.69174955
1 1 4 27 0.40404636
1 1 4 28 0.31505219
1 1 4 29 0.2898416
1 1 4 30 0.26444314
1 1 4 31 0.19827064
1 1 5 0 0.28403165
1 1 5 1 0.27293815
1 1 5 2 0.31962595
1 1 5 3 0.3686796
1 1 5 4 0.39460976
1 1 5 5 0.39999343
1 1 5 6 0.44613831
1 1 5 7 0.56192552
1 1 5 8 1.86362739
1 1 5 9 0.22654511
1 1 5 10 2.91800073
1 1 5 11 2.59739288
1 1 5 12 2.45005327
1 1 5 13 2.50308244
1 1 5 14 2.40044299
1 1 5 15 1.65862653
1 1 5 16 0.29018926
1 1 5 17 0.42840432
1 1 5 18 0.43709948
1 1 5 19 0.51691292
1 1 5 20 0.72081538
1 1 5 21 1.40750027
1 1 5 22 2.13448621
1 1 5 23 0.02408115
1 1 5 24 0.45923075
1 1 5 25 0.7499035
1 1 5 26 0.67019562
1 1 5 27 0.58151384
1 1 5 28 0.7678815
1 1 5 29 1.03589718
1 1 5 30 1.03897743
1 1 5 31 0.60535328
1 2 0 0 0.53085564
1 2 0 1 0.57474451
1 2 0 2 0.74212976
1 2 0 3 0.68086278
1 2 0 4 0.5739977
1 2 0 5 0.6279367
1 2 0 6 0.80499571
1 2 0 7 0.89739791
1 2 0 8 1.09098588
1 2 0 9 1.11083662
1 2 0 10 1.01321803
1 2 0 11 0.97058447
1 2 0 12 1.07326415
1 2 0 13 1.09041081
1 2 0 14 1.18442184
1 2 0 15 1.07587458
1 2 0 16 0.36964031
1 2 0 17 0.43564206
1 2 0 18 0.54748005
1 2 0 19 0.51091122
1 2 0 20 0.58972016
1 2 0 21 0.65437092
1 2 0 22 0.59616327
1 2 0 23 0.65004264
1 2 0 24 1.66965265
1 2 0 25 3.03624297
1 2 0 26 2.23022175
1 2 0 27 1.73892688
1 2 0 28 1.2097589
1 2 0 29 1.37612668
1 2 0 30 1.35498665
1 2 0 31 0.91766841
1 2 1 0 0.80867632
1 2 1 1 0.79040294
1 2 1 2 0.80572409
1 2 1 3 0.79046468
1 2 1 4 0.79016011
1 2 1 5 0.7955554
1 2 1 6 0.73149897
1 2 1 7 0.83452555
1 2 1 8 0.92264594
1 2 1 9 0.86522094
1 2 1 10 0.89582651
1 2 1 11 0.88186975
1 2 1 12 0.85802056
1 2 1 13 0.88145615
1 2 1 14 0.80215118
1 2 1 15 0.8888595
1 2 1 16 0.97586009
1 2 1 17 0.95948996
1 2 1 18 1.11388599
1 2 1 19 1.07937102
1 2 1 20 0.89817436
1 2 1 21 0.85140503
1 2 1 22 0.8591692
1 2 1 23 0.83566617
1 2 1 24 1.25765085
1 2 1 25 1.69880263
1 2 1 26 1.74168705
1 2 1 27 1.63885011
1 2 1 28 1.48009856
1 2 1 29 1.27877049
1 2 1 30 1.24459587
1 2 1 31 0.87861308
1 2 2 0 1.06446044
1 2 2 1 1.09972205
1 2 2 2 1.02680884
1 2 2 3 1.04466238
1 2 2 4 1.0444062
1 2 2 5 1.1651985
1 2 2 6 1.17391352
1 2 2 7 1.28201474
1 2 2 8 1.12283014
1 2 2 9 0.93043534
1 2 2 10 1.1106974
1 2 2 11 1.0714236
1 2 2 12 1.17195315
1 2 2 13 1.12973509
1 2 2 14 1.09346983
1 2 2 15 1.37278087
1 2 2 16 1.04723188
1 2 2 17 0.85296017
1 2 2 18 0.97921361
1 2 2 19 0.84692204
1 2 2 20 0.99171069
1 2 2 21 0.90149061
1 2 2 22 1.01436916
1 2 2 23 0.8924666
1 2 2 24 1.00144975
1 2 2 25 0.83480965
1 2 2 26 0.7836998
1 2 2 27 0.85576131
1 2 2 28 0.88792462
1 2 2 29 0.90232543
1 2 2 30 0.74237626
1 2 2 31 0.60318798
1 2 3 0 1.11304238
1 2 3 1 1.64167678
1 2 3 2 1.94015263
1 2 3 3 2.26653839
1 2 3 4 2.21293679
1 2 3 5 2.15023134
1 2 3 6 2.17873471
1 2 3 7 1.32106916
1 2 3 8 0.55802306
1 2 3 9 0.59198851
1 2 3 10 0.79321849
1 2 3 11 1.00018783
1 2 3 12 1.12135358
1 2 3 13 1.36223516
1 2 3 14 1.07578827
1 2 3 15 0.71406872
1 2 3 16 0.3847922
1 2 3 17 0.36305478
1 2 3 18 0.39111743
1 2 3 19 0.4224436
1 2 3 20 0.39417361
1 2 3 21 0.35525813
1 2 3 22 0.3954846
1 2 3 23 0.41706505
1 2 3 24 1.12210565
1 2 3 25 1.16601642
1 2 3 26 1.08143382
1 2 3 27 0.99122984
1 2 3 28 0.81137406
1 2 3 29 0.59076889
1 2 3 30 0.45470784
1 2 3 31 0.38052554
1 2 4 0 1.19102767
1 2 4 1 1.25730602
1 2 4 2 1.52236406
1 2 4 3 1.69885277
1 2 4 4 1.49410096
1 2 4 5 1.67987823
1 2 4 6 1.83321314
1 2 4 7 1.66100217
1 2 4 8 1.34441722
1 2 4 9 1.7933024
1 2 4 10 1.69203024
1 2 4 11 2.02948715
1 2 4 12 1.80677682
1 2 4 13 1.92141854
1 2 4 14 1.61336796
1 2 4 15 1.26854634
1 2 4 16 0.37349997
1 2 4 17 0.36926455
1 2 4 18 0.37390208
1 2 4 19 0.36691214
1 2 4 20 0.33874778
1 2 4 21 0.35120785
1 2 4 22 0.35788423
1 2 4 23 0.36388666
1 2 4 24 0.36646983
1 2 4 25 0.31271343
1 2 4 26 0.38944104
1 2 4 27 0.32735195
1 2 4 28 0.35530257
1 2 4 29 0.33607556
1 2 4 30 0.32472582
1 2 4 31 0.33804587
1 2 5 0 1.45840476
1 2 5 1 1.43503982
1 2 5 2 1.62095665
1 2 5 3 1.47215047
1 2 5 4 1.41127288
1 2 5 5 0.90272946
1 2 5 6 0.74315436
1 2 5 7 0.62452751
1 2 5 8 1.56708324
1 2 5 9 2.31344306
1 2 5 10 2.35594807
1 2 5 11 2.31228517
1 2 5 12 2.39129946
1 2 5 13 2.06347469
1 2 5 14 1.84147561
1 2 5 15 1.59986452
1 2 5 16 0.32461337
1 2 5 17 0.31740342
1 2 5 18 0.31881344
1 2 5 19 0.31465736
1 2 5 20 0.25961368
1 2 5 21 0.29017152
1 2 5 22 0.2784696
1 2 5 23 0.33074429
1 2 5 24 0.32658137
1 2 5 25 0.32480033
1 2 5 26 0.31371133
1 2 5 27 0.40007202
1 2 5 28 0.3878762
1 2 5 29 0.56408433
1 2 5 30 0.57116778
1 2 5 31 0.73258204
1 3 0 0 0.7440399
1 3 0 1 0.72139082
1 3 0 2 0.71009232
1 3 0 3 0.64368037
1 3 0 4 0.77776144
1 3 0 5 0.83384737
1 3 0 6 0.75054178
1 3 0 7 0.87790639
1 3 0 8 1.46461205
1 3 0 9 1.30974458
1 3 0 10 1.36584903
1 3 0 11 1.31144413
1 3 0 12 1.55922936
1 3 0 13 1.6732473
1 3 0 14 1.73938639
1 3 0 15 1.87018923
1 3 0 16 0.81483682
1 3 0 17 0.76478095
1 3 0 18 0.74800172
1 3 0 19 0.66874917
1 3 0 20 0.70571512
1 3 0 21 0.71800863
1 3 0 22 0.57253054
1 3 0 23 0.75144362
1 3 0 24 1.12133513
1 3 0 25 1.25785268
1 3 0 26 0.97417004
1 3 0 27 0.92331911
1 3 0 28 1.17726749
1 3 0 29 1.15027239
1 3 0 30 0.81608102
1 3 0 31 0.66097165
1 3 1 0 0.3696644
1 3 1 1 0.50048934
1 3 1 2 0.50124545
1 3 1 3 0.38370858
1 3 1 4 0.33917868
1 3 1 5 0.32038953
1 3 1 6 0.31883682
1 3 1 7 0.36517021
1 3 1 8 0.48230462
1 3 1 9 0.49514108
1 3 1 10 0.42541173
1 3 1 11 0.41402924
1 3 1 12 0.44919642
1 3 1 13 0.57912616
1 3 1 14 0.56042569
1 3 1 15 0.55164006
1 3 1 16 0.5952869
1 3 1 17 0.54863322
1 3 1 18 0.76033701
1 3 1 19 0.62660287
1 3 1 20 0.63039474
1 3 1 21 0.64844551
1 3 1 22 0.54743955
1 3 1 23 0.61396653
1 3 1 24 0.80582062
1 3 1 25 1.18451714
1 3 1 26 2.20515377
1 3 1 27 4.35293184
1 3 1 28 3.92649921
1 3 1 29 4.31347618
1 3 1 30 2.30255041
1 3 1 31 1.13985112
1 3 2 0 0.58364444
1 3 2 1 0.86844193
1 3 2 2 0.9442623
1 3 2 3 0.8487249
1 3 2 4 0.68440783
1 3 2 5 0.60737448
1 3 2 6 0.63104729
1 3 2 7 0.51842874
1 3 2 8 0.41250715
1 3 2 9 0.41972384
1 3 2 10 0.41701769
1 3 2 11 0.40470378
1 3 2 12 0.42608718
1 3 2 13 0.44228783
1 3 2 14 0.50267554
1 3 2 15 0.50469895
1 3 2 16 0.98891337
1 3 2 17 0.9536358
1 3 2 18 1.10442682
1 3 2 19 1.01519167
1 3 2 20 1.10308108
1 3 2 21 1.01102445
1 3 2 22 0.76047096
1 3 2 23 0.74319772
1 3 2 24 1.10907054
1 3 2 25 1.81804487
1 3 2 26 1.86482927
1 3 2 27 1.8132308
1 3 2 28 2.12757834
1 3 2 29 2.32007975
1 3 2 30 2.15742135
1 3 2 31 1.59042618
1 3 3 0 0.97696798
1 3 3 1 1.25310061
1 3 3 2 1.65777707
1 3 3 3 1.81108658
1 3 3 4 1.98007719
1 3 3 5 2.20859844
1 3 3 6 2.35230585
1 3 3 7 1.96751278
1 3 3 8 0.98243497
1 3 3 9 0.95586651
1 3 3 10 0.95032934
1 3 3 11 0.9252874
1 3 3 12 0.98378745
1 3 3 13 0.89127591
1 3 3 14 0.94845471
1 3 3 15 0.98424887
1 3 3 16 0.29231423
1 3 3 17 0.28115851
1 3 3 18 0.30224629
1 3 3 19 0.33492306
1 3 3 20 0.37668299
1 3 3 21 0.38730558
1 3 3 22 0.32770266
1 3 3 23 0.30055351
1 3 3 24 1.12208755
1 3 3 25 1.67801204
1 3 3 26 1.53698354
1 3 3 27 0.98506834
1 3 3 28 0.90382915
1 3 3 29 0.61506791
1 3 3 30 0.48224784
1 3 3 31 0.35414499
1 3 4 0 1.12022471
1 3 4 1 2.27065771
1 3 4 2 3.14580444
1 3 4 3 3.75336453
1 3 4 4 3.35020208
1 3 4 5 3.17225761
1 3 4 6 2.56878405
1 3 4 7 1.32243443
1 3 4 8 0.35381918
1 3 4 9 0.36153767
1 3 4 10 0.3283524
1 3 4 11 0.30245176
1 3 4 12 0.30871248
1 3 4 13 0.34226587
1 3 4 14 0.35747211
1 3 4 15 0.36909862
1 3 4 16 0.24898577
1 3 4 17 0.28347374
1 3 4 18 0.23979609
1 3 4 19 0.26452084
1 3 4 20 0.25299133
1 3 4 21 0.24160362
1 3 4 22 0.25562861
1 3 4 23 0.24871814
1 3 4 24 0.52284559
1 3 4 25 1.0616614
1 3 4 26 1.10525898
1 3 4 27 1.04595291
1 3 4 28 0.98559664
1 3 4 29 1.1390808
1 3 4 30 0.82669912
1 3 4 31 0.40596471
1 3 5 0 1.12838131
1 3 5 1 1.3744905
1 3 5 2 1.33544137
1 3 5 3 1.55731426
1 3 5 4 1.43941494
1 3 5 5 1.30733491
1 3 5 6 1.33559619
1 3 5 7 1.2709339
1 3 5 8 1.37238941
1 3 5 9 1.50511797
1 3 5 10 1.39704165
1 3 5 11 1.28226709
1 3 5 12 0.97244048
1 3 5 13 1.11228185
1 3 5 14 1.12871992
1 3 5 15 0.94089281
1 3 5 16 0.95255454
1 3 5 17 1.10163181
1 3 5 18 1.10046735
1 3 5 19 1.1063835
1 3 5 20 1.32242055
1 3 5 21 1.274754
1 3 5 22 1.1007616
1 3 5 23 0.64136119
1 3 5 24 0.33054321
1 3 5 25 0.36007784
1 3 5 26 0.32600734
1 3 5 27 0.33259039
1 3 5 28 0.3152874
1 3 5 29 0.30672185
1 3 5 30 0.51184849
1 3 5 31 0.37193079
1 4 0 0 0.690143265
1 4 0 1 0.748039248
1 4 0 2 1.28362308
1 4 0 3 2.17308723
1 4 0 4 2.62023789
1 4 0 5 2.53316832
1 4 0 6 2.99197979
1 4 0 7 3.33899933
1 4 0 8 0.956528036
1 4 0 9 0.783787668
1 4 0 10 0.930074508
1 4 0 11 0.704758345
1 4 0 12 0.966971781
1 4 0 13 0.906611879
1 4 0 14 1.03225731
1 4 0 15 1.1050354
1 4 0 16 0.230295
1 4 0 17 0.347754335
1 4 0 18 0.395360586
1 4 0 19 0.382289379
1 4 0 20 0.435403598
1 4 0 21 0.421919418
1 4 0 22 0.418711225
1 4 0 23 0.446484011
1 4 0 24 0.709428329
1 4 0 25 0.974972951
1 4 0 26 1.59086015
1 4 0 27 2.81469146e-05
1 4 0 28 0.0140663403
1 4 0 29 0.807755024
1 4 0 30 -0.00825500169
1 4 0 31 0.675464858
1 4 1 0 0.61982122
1 4 1 1 0.7527445
1 4 1 2 0.94913065
1 4 1 3 0.94068558
1 4 1 4 1.00117639
1 4 1 5 1.13648675
1 4 1 6 1.14202691
1 4 1 7 1.06894162
1 4 1 8 0.71035206
1 4 1 9 0.56215504
1 4 1 10 0.68511566
1 4 1 11 0.69572109
1 4 1 12 0.68857833
1 4 1 13 0.84327076
1 4 1 14 -0.00555761
1 4 1 15 0.77354662
1 4 1 16 0.83566269
1 4 1 17 1.27184132
1 4 1 18 1.21899897
1 4 1 19 1.35390473
1 4 1 20 1.38312819
1 4 1 21 1.13370072
1 4 1 22 0.88157792
1 4 1 23 0.93183817
1 4 1 24 1.59189204
1 4 1 25 1.65088644
1 4 1 26 1.5901859
1 4 1 27 1.46489712
1 4 1 28 1.23834617
1 4 1 29 1.20948021
1 4 1 30 1.0570264
1 4 1 31 0.67261048
1 4 2 0 0.86935905
1 4 2 1 0.94187604
1 4 2 2 0.88082791
1 4 2 3 0.68862989
1 4 2 4 -0.01527368
1 4 2 5 0.87418284
1 4 2 6 0.83485678
1 4 2 7 0.74410636
1 4 2 8 0.84155702
1 4 2 9 0.81460206
1 4 2 10 0.79164376
1 4 2 11 0.82207974
1 4 2 12 0.82593388
1 4 2 13 0.8567749
1 4 2 14 0.89393107
1 4 2 15 0.93673207
1 4 2 16 0.77803647
1 4 2 17 0.81886953
1 4 2 18 0.79256463
1 4 2 19 0.82222616
1 4 2 20 0.80893181
1 4 2 21 0.8024594
1 4 2 22 0.74358971
1 4 2 23 0.77705804
1 4 2 24 1.42812562
1 4 2 25 2.03119703
1 4 2 26 1.72946672
1 4 2 27 1.89369669
1 4 2 28 1.61205331
1 4 2 29 1.61914959
1 4 2 30 1.44532809
1 4 2 31 1.38988885
1 4 3 0 0.94543802
1 4 3 1 0.98501685
1 4 3 2 1.03199896
1 4 3 3 1.07322333
1 4 3 4 1.00225073
1 4 3 5 1.1224493
1 4 3 6 1.17837473
1 4 3 7 1.08694224
1 4 3 8 1.08025243
1 4 3 9 1.09257919
1 4 3 10 1.05492225
1 4 3 11 1.03680487
1 4 3 12 0.9561658
1 4 3 13 1.02488731
1 4 3 14 0.99900333
1 4 3 15 1.11800675
1 4 3 16 0.96829953
1 4 3 17 0.86427643
1 4 3 18 0.94912231
1 4 3 19 0.89367228
1 4 3 20 0.98105439
1 4 3 21 0.93592969
1 4 3 22 0.94576609
1 4 3 23 0.94544263
1 4 3 24 0.97636239
1 4 3 25 1.00904078
1 4 3 26 0.98519317
1 4 3 27 0.99687262
1 4 3 28 0.98308671
1 4 3 29 0.94566616
1 4 3 30 0.91003272
1 4 3 31 0.9508582
1 4 4 0 0.99216437
1 4 4 1 0.77735163
1 4 4 2 0.80302039
1 4 4 3 0.808065
1 4 4 4 0.81741707
1 4 4 5 0.80985355
1 4 4 6 0.85187794
1 4 4 7 0.96776898
1 4 4 8 1.37212815
1 4 4 9 1.43786794
1 4 4 10 1.53525524
1 4 4 11 3.16953799
1 4 4 12 1.60518214
1 4 4 13 1.67480606
1 4 4 14 1.70045139
1 4 4 15 1.79949735
1 4 4 16 0.78337938
1 4 4 17 0.79881249
1 4 4 18 0.67474415
1 4 4 19 0.6450933
1 4 4 20 0.82875222
1 4 4 21 0.69214152
1 4 4 22 0.70662014
1 4 4 23 0.72439967
1 4 4 24 0.68708169
1 4 4 25 0.71296014
1 4 4 26 0.62963696
1 4 4 27 0.59868581
1 4 4 28 0.64944369
1 4 4 29 0.67810877
1 4 4 30 0.58604106
1 4 4 31 0.59714554
1 4 5 0 1.00118833
1 4 5 1 0.95684831
1 4 5 2 0.8683714
1 4 5 3 0.90512378
1 4 5 4 0.84326431
1 4 5 5 0.9647496
1 4 5 6 0.96933769
1 4 5 7 1.0195385
1 4 5 8 1.28490104
1 4 5 9 1.209319
1 4 5 10 1.2506476
1 4 5 11 1.13949216
1 4 5 12 1.29684983
1 4 5 13 1.11884241
1 4 5 14 1.16179038
1 4 5 15 1.21856591
1 4 5 16 1.17679593
1 4 5 17 0.98225525
1 4 5 18 0.94705572
1 4 5 19 0.91856421
1 4 5 20 0.88103468
1 4 5 21 0.98498318
1 4 5 22 0.97728091
1 4 5 23 1.01060754
1 4 5 24 0.89980905
1 4 5 25 0.84448976
1 4 5 26 0.87946546
1 4 5 27 0.91662999
1 4 5 28 0.91548966
1 4 5 29 0.81825652
1 4 5 30 0.83309977
1 4 5 31 0.84004826
1 5 0 0 1.00605135
1 5 0 1 0.48163591
1 5 0 2 0.354604907
1 5 0 3 0.288614956
1 5 0 4 0.298458607
1 5 0 5 0.286416933
1 5 0 6 0.314983153
1 5 0 7 0.317128795
1 5 0 8 3.08589824
1 5 0 9 2.95536296
1 5 0 10 2.85927164
1 5 0 11 0.00379165866
1 5 0 12 2.72256194
1 5 0 13 3.50460535
1 5 0 14 3.28759852
1 5 0 15 3.97362924
1 5 0 16 0.401456555
1 5 0 17 0.338918167
1 5 0 18 0.32610649
1 5 0 19 0.326039157
1 5 0 20 0.265200495
1 5 0 21 0.322298131
1 5 0 22 0.36501134
1 5 0 23 0.317358245
1 5 0 24 0.330555154
1 5 0 25 0.387948524
1 5 0 26 0.29384634
1 5 0 27 0.328917527
1 5 0 28 0.275210915
1 5 0 29 0.297633383
1 5 0 30 0.278510964
1 5 0 31 0.305594606
1 5 1 0 1.34212908
1 5 1 1 1.91848084
1 5 1 2 2.24956547
1 5 1 3 2.48130781
1 5 1 4 2.61894584
1 5 1 5 2.84040822
1 5 1 6 2.87850715
1 5 1 7 2.50091692
1 5 1 8 1.63599766
1 5 1 9 1.5987852
1 5 1 10 1.51182755
1 5 1 11 1.26925964
1 5 1 12 1.16779336
1 5 1 13 1.07373888
1 5 1 14 0.90711159
1 5 1 15 0.71900048
1 5 1 16 0.189406558
1 5 1 17 0.18996116
1 5 1 18 0.180486967
1 5 1 19 0.195639715
1 5 1 20 0.198542301
1 5 1 21 -0.000571893139
1 5 1 22 0.19582228
1 5 1 23 0.217213688
1 5 1 24 0.218652236
1 5 1 25 0.202310907
1 5 1 26 0.184437501
1 5 1 27 0.224106305
1 5 1 28 0.189815606
1 5 1 29 0.195618685
1 5 1 30 0.190762435
1 5 1 31 0.175536862
1 5 2 0 0.69498551
1 5 2 1 1.06259289
1 5 2 2 1.44810576
1 5 2 3 2.02793661
1 5 2 4 2.44134055
1 5 2 5 3.16036179
1 5 2 6 3.02690272
1 5 2 7 2.95020156
1 5 2 8 1.21665777
1 5 2 9 1.20805167
1 5 2 10 1.12204251
1 5 2 11 0.90433532
1 5 2 12 0.94293606
1 5 2 13 1.14791284
1 5 2 14 1.2604788
1 5 2 15 1.35835225
1 5 2 16 0.46254048
1 5 2 17 0.86147152
1 5 2 18 0.68600966
1 5 2 19 0.61926374
1 5 2 20 0.51018203
1 5 2 21 0.36268803
1 5 2 22 0.36902754
1 5 2 23 0.1906727
1 5 2 24 0.15647295
1 5 2 25 0.16258002
1 5 2 26 0.24759729
1 5 2 27 0.17648127
1 5 2 28 0.17723087
1 5 2 29 0.16857606
1 5 2 30 0.17621045
1 5 2 31 0.15465731
1 5 3 0 0.92131545
1 5 3 1 0.34817872
1 5 3 2 0.21642773
1 5 3 3 0.18539982
1 5 3 4 0.16098497
1 5 3 5 0.15080278
1 5 3 6 0.10811358
1 5 3 7 0.2321093
1 5 3 8 3.35787826
1 5 3 9 3.10032449
1 5 3 10 2.955636
1 5 3 11 2.59566966
1 5 3 12 3.1226204
1 5 3 13 3.97499285
1 5 3 14 3.98272712
1 5 3 15 4.36697141
1 5 3 16 0.1776474
1 5 3 17 0.19911397
1 5 3 18 0.18445341
1 5 3 19 0.13512801
1 5 3 20 0.14346647
1 5 3 21 0.163263
1 5 3 22 0.12781981
1 5 3 23 0.13286952
1 5 3 24 0.16072563
1 5 3 25 0.19839385
1 5 3 26 0.13436761
1 5 3 27 0.13409084
1 5 3 28 0.12789177
1 5 3 29 0.13145896
1 5 3 30 0.15781412
1 5 3 31 0.18062383
1 5 4 0 0.89059001
1 5 4 1 0.35428072
1 5 4 2 0.22580457
1 5 4 3 0.17519072
1 5 4 4 0.17134839
1 5 4 5 0.14102061
1 5 4 6 0.14716663
1 5 4 7 0.20103578
1 5 4 8 3.23419659
1 5 4 9 2.93435445
1 5 4 10 2.85401651
1 5 4 11 2.50917057
1 5 4 12 2.78296087
1 5 4 13 3.44319148
1 5 4 14 3.87758034
1 5 4 15 3.59048133
1 5 4 16 0.26511857
1 5 4 17 0.19779686
1 5 4 18 0.22280939
1 5 4 19 0.17730829
1 5 4 20 0.23729414
1 5 4 21 0.24251532
1 5 4 22 0.2192133
1 5 4 23 0.20938897
1 5 4 24 0.21740348
1 5 4 25 0.23237855
1 5 4 26 0.24043396
1 5 4 27 0.20887999
1 5 4 28 0.24908744
1 5 4 29 0.26668149
1 5 4 30 0.22678553
1 5 4 31 0.36374289
1 5 5 0 0.90277069
1 5 5 1 0.3577269
1 5 5 2 0.18866802
1 5 5 3 0.191991
1 5 5 4 0.16509637
1 5 5 5 0.13296627
1 5 5 6 0.15165223
1 5 5 7 0.21967479
1 5 5 8 3.14816781
1 5 5 9 3.05820679
1 5 5 10 2.85215622
1 5 5 11 2.5029941
1 5 5 12 2.93182419
1 5 5 13 3.50684771
1 5 5 14 3.5418301
1 5 5 15 4.34677115
1 5 5 16 0.21678072
1 5 5 17 0.14608438
1 5 5 18 0.21041526
1 5 5 19 0.18343794
1 5 5 20 0.23492591
1 5 5 21 0.20911847
1 5 5 22 0.17996058
1 5 5 23 0.20592779
1 5 5 24 0.21558793
1 5 5 25 0.19806114
1 5 5 26 0.22284269
1 5 5 27 0.19448657
1 5 5 28 0.18009042
1 5 5 29 0.20569577
1 5 5 30 0.2060288
1 5 5 31 0.18979218
2 0 0 0 1.24977473
2 0 0 1 1.88967593
2 0 0 2 -0.00277134
2 0 0 3 2.15221575
2 0 0 4 2.13169569
2 0 0 5 2.01038028
2 0 0 6 -0.00399308
2 0 0 7 1.10785056
2 0 0 8 0.9380729
2 0 0 9 1.09674746
2 0 0 10 1.1420667
2 0 0 11 1.31585868
2 0 0 12 1.63062376
2 0 0 13 1.88811431
2 0 0 14 1.84458845
2 0 0 15 2.24717065
2 0 0 16 1.33067344
2 0 0 17 1.30577304
2 0 0 18 0.92914147
2 0 0 19 0.54415769
2 0 0 20 0.4810416
2 0 0 21 0.30988575
2 0 0 22 0.27017515
2 0 0 23 0.24678401
2 0 0 24 0.2479163
2 0 0 25 0.2473273
2 0 0 26 0.23967801
2 0 0 27 0.3369087
2 0 0 28 0.45807251
2 0 0 29 0.74453445
2 0 0 30 0.8082932
2 0 0 31 1.03144167
2 0 1 0 1.02610104
2 0 1 1 1.23031327
2 0 1 2 1.3900291
2 0 1 3 1.58947602
2 0 1 4 -0.00510134
2 0 1 5 -0.00446869
2 0 1 6 1.43348337
2 0 1 7 1.02637554
2 0 1 8 0.84768239
2 0 1 9 0.879715
2 0 1 10 0.98893079
2 0 1 11 1.058221
2 0 1 12 1.09232367
2 0 1 13 1.06861783
2 0 1 14 1.25049763
2 0 1 15 1.17301523
2 0 1 16 0.992029
2 0 1 17 1.23098346
2 0 1 18 1.21948729
2 0 1 19 1.21686707
2 0 1 20 1.09053358
2 0 1 21 1.05681413
2 0 1 22 1.01011099
2 0 1 23 0.50382959
2 0 1 24 0.44896232
2 0 1 25 0.78507466
2 0 1 26 1.02442776
2 0 1 27 1.08293513
2 0 1 28 1.2242105
2 0 1 29 1.10221416
2 0 1 30 1.20162835
2 0 1 31 0.83696381
2 0 2 0 0.8372564
2 0 2 1 1.01723293
2 0 2 2 1.1831204
2 0 2 3 1.22307995
2 0 2 4 1.25880601
2 0 2 5 0.96925474
2 0 2 6 1.13740423
2 0 2 7 1.04583793
2 0 2 8 1.00357817
2 0 2 9 1.16681743
2 0 2 10 1.09903954
2 0 2 11 1.12460387
2 0 2 12 1.09690405
2 0 2 13 1.15462448
2 0 2 14 1.07405161
2 0 2 15 0.80690724
2 0 2 16 0.66671683
2 0 2 17 0.94986721
2 0 2 18 0.99160253
2 0 2 19 1.05486688
2 0 2 20 1.06010019
2 0 2 21 0.96613457
2 0 2 22 0.90806108
2 0 2 23 0.63976688
2 0 2 24 0.63070118
2 0 2 25 0.87656627
2 0 2 26 1.08923021
2 0 2 27 0.97907448
2 0 2 28 1.10068495
2 0 2 29 1.05215823
2 0 2 30 1.05002833
2 0 2 31 0.85872335
2 0 3 0 0.92683158
2 0 3 1 0.97628077
2 0 3 2 1.27393424
2 0 3 3 1.34131213
2 0 3 4 1.34135519
2 0 3 5 1.19870872
2 0 3 6 1.22556497
2 0 3 7 1.04631959
2 0 3 8 1.04563154
2 0 3 9 1.2435617
2 0 3 10 1.13658439
2 0 3 11 1.25825276
2 0 3 12 1.1861477
2 0 3 13 1.14107741
2 0 3 14 1.15206825
2 0 3 15 0.96561152
2 0 3 16 0.97418694
2 0 3 17 1.16765903
2 0 3 18 1.19018137
2 0 3 19 1.00700619
2 0 3 20 1.12910754
2 0 3 21 0.83317372
2 0 3 22 0.71408812
2 0 3 23 0.5895587
2 0 3 24 0.47547489
2 0 3 25 0.48355077
2 0 3 26 0.61182996
2 0 3 27 0.72570287
2 0 3 28 0.84601926
2 0 3 29 1.00425829
2 0 3 30 0.99779878
2 0 3 31 0.83666197
2 0 4 0 0.78753585
2 0 4 1 1.04205466
2 0 4 2 1.00119704
2 0 4 3 1.01167535
2 0 4 4 0.99693922
2 0 4 5 1.04629315
2 0 4 6 1.0681627
2 0 4 7 0.94381654
2 0 4 8 1.03036494
2 0 4 9 1.08168709
2 0 4 10 1.0316931
2 0 4 11 1.09427466
2 0 4 12 1.01833833
2 0 4 13 1.04415892
2 0 4 14 1.05951233
2 0 4 15 0.93277892
2 0 4 16 0.89947167
2 0 4 17 1.01666325
2 0 4 18 1.04546463
2 0 4 19 0.99518407
2 0 4 20 1.10780556
2 0 4 21 1.07732743
2 0 4 22 1.09026717
2 0 4 23 0.80510399
2 0 4 24 1.02012159
2 0 4 25 1.0064403
2 0 4 26 1.07885284
2 0 4 27 1.05216057
2 0 4 28 0.95864673
2 0 4 29 0.92661037
2 0 4 30 0.94585675
2 0 4 31 0.85689497
2 0 5 0 0.60803474
2 0 5 1 0.90811455
2 0 5 2 1.10689475
2 0 5 3 1.10358566
2 0 5 4 1.2072954
2 0 5 5 1.08190403
2 0 5 6 1.18093183
2 0 5 7 1.07863736
2 0 5 8 0.95964183
2 0 5 9 1.13182918
2 0 5 10 1.15982825
2 0 5 11 1.2238934
2 0 5 12 1.11137625
2 0 5 13 1.11338403
2 0 5 14 1.16836847
2 0 5 15 0.95416151
2 0 5 16 0.74472713
2 0 5 17 0.93153619
2 0 5 18 1.13115328
2 0 5 19 1.22098911
2 0 5 20 1.16411874
2 0 5 21 1.01385652
2 0 5 22 1.02571334
2 0 5 23 0.8525204
2 0 5 24 0.9650966
2 0 5 25 1.04631101
2 0 5 26 0.96628195
2 0 5 27 0.91771928
2 0 5 28 1.00113173
2 0 5 29 0.86632899
2 0 5 30 0.63773093
2 0 5 31 0.41387332
2 1 0 0 0.66617422
2 1 0 1 0.51458594
2 1 0 2 0.3950496
2 1 0 3 0.36297033
2 1 0 4 0.36816384
2 1 0 5 0.36400769
2 1 0 6 0.4412826
2 1 0 7 0.5533539
2 1 0 8 1.17397327
2 1 0 9 1.13049515
2 1 0 10 1.13863843
2 1 0 11 1.0426256
2 1 0 12 1.04209685
2 1 0 13 1.2236428
2 1 0 14 1.09216796
2 1 0 15 0.96122086
2 1 0 16 0.74236315
2 1 0 17 0.94140784
2 1 0 18 1.13117484
2 1 0 19 1.32693319
2 1 0 20 1.36981056
2 1 0 21 1.51823746
2 1 0 22 1.50797607
2 1 0 23 1.7709346
2 1 0 24 1.20809882
2 1 0 25 1.11581318
2 1 0 26 1.09322938
2 1 0 27 1.02939303
2 1 0 28 1.04450943
2 1 0 29 1.18228956
2 1 0 30 1.34794962
2 1 0 31 1.48441376
2 1 1 0 0.47707806
2 1 1 1 0.43359349
2 1 1 2 0.37907763
2 1 1 3 0.38557661
2 1 1 4 0.46062135
2 1 1 5 0.55231476
2 1 1 6 0.68337795
2 1 1 7 0.55905837
2 1 1 8 0.26884118
2 1 1 9 0.23793132
2 1 1 10 0.22753113
2 1 1 11 0.21532359
2 1 1 12 0.25308603
2 1 1 13 0.24839747
2 1 1 14 0.24980782
2 1 1 15 0.27925408
2 1 1 16 0.49753146
2 1 1 17 0.66767567
2 1 1 18 0.8622685
2 1 1 19 0.93437245
2 1 1 20 0.91099258
2 1 1 21 1.01239512
2 1 1 22 1.04785172
2 1 1 23 0.45015717
2 1 1 24 1.85410224
2 1 1 25 2.51719173
2 1 1 26 2.85576503
2 1 1 27 2.93976772
2 1 1 28 2.70746501
2 1 1 29 2.61574434
2 1 1 30 2.09460228
2 1 1 31 1.85948046
2 1 2 0 0.78883166
2 1 2 1 0.90853007
2 1 2 2 0.99421717
2 1 2 3 1.12275843
2 1 2 4 1.00728917
2 1 2 5 1.13363416
2 1 2 6 1.07239427
2 1 2 7 0.98142324
2 1 2 8 1.24277314
2 1 2 9 1.17031437
2 1 2 10 1.15178656
2 1 2 11 1.12827368
2 1 2 12 0.9640034
2 1 2 13 1.03352842
2 1 2 14 1.01594263
2 1 2 15 0.77631473
2 1 2 16 0.80217246
2 1 2 17 0.83377488
2 1 2 18 1.03540385
2 1 2 19 1.11892335
2 1 2 20 1.04226412
2 1 2 21 1.21822224
2 1 2 22 0.00603629
2 1 2 23 1.13547602
2 1 2 24 0.93494743
2 1 2 25 1.11280284
2 1 2 26 0.89112265
2 1 2 27 1.18678798
2 1 2 28 1.17204405
2 1 2 29 1.19938979
2 1 2 30 0.97477445
2 1 2 31 0.85687413
2 1 3 0 0.3201624
2 1 3 1 0.31947716
2 1 3 2 0.2496437
2 1 3 3 0.29125441
2 1 3 4 0.28802987
2 1 3 5 0.24382832
2 1 3 6 0.21916214
2 1 3 7 0.2123904
2 1 3 8 1.26814422
2 1 3 9 1.35399722
2 1 3 10 1.36449877
2 1 3 11 1.43515922
2 1 3 12 1.33034999
2 1 3 13 1.28431117
2 1 3 14 1.30847125
2 1 3 15 1.19288528
2 1 3 16 1.01063196
2 1 3 17 1.25379616
2 1 3 18 1.1225291
2 1 3 19 1.17854061
2 1 3 20 1.31859386
2 1 3 21 1.11782992
2 1 3 22 1.25246953
2 1 3 23 1.02627207
2 1 3 24 1.16518372
2 1 3 25 1.35228403
2 1 3 26 1.33311415
2 1 3 27 1.40556078
2 1 3 28 1.38799172
2 1 3 29 1.17988407
2 1 3 30 1.17158181
2 1 3 31 0.87290912
2 1 4 0 0.84960875
2 1 4 1 1.03368593
2 1 4 2 0.99629167
2 1 4 3 0.94608386
2 1 4 4 1.1272183
2 1 4 5 1.02235985
2 1 4 6 0.95985279
2 1 4 7 0.97118386
2 1 4 8 0.83020064
2 1 4 9 1.02355551
2 1 4 10 1.10550799
2 1 4 11 0.99133611
2 1 4 12 0.97786902
2 1 4 13 1.08832861
2 1 4 14 1.05221223
2 1 4 15 0.94220754
2 1 4 16 0.84726372
2 1 4 17 0.93761176
2 1 4 18 1.07650727
2 1 4 19 1.07143652
2 1 4 20 1.18789142
2 1 4 21 1.0273442
2 1 4 22 1.04466859
2 1 4 23 1.03687961
2 1 4 24 1.01693285
2 1 4 25 1.07688967
2 1 4 26 1.02513265
2 1 4 27 0.95241544
2 1 4 28 0.99220452
2 1 4 29 0.97798659
2 1 4 30 1.01241494
2 1 4 31 0.83033444
2 1 5 0 0.66482619
2 1 5 1 0.63917205
2 1 5 2 0.66697851
2 1 5 3 0.64341131
2 1 5 4 0.64372192
2 1 5 5 0.60106237
2 1 5 6 0.68045867
2 1 5 7 0.67088608
2 1 5 8 1.16106869
2 1 5 9 1.07895205
2 1 5 10 0.86434321
2 1 5 11 0.73756325
2 1 5 12 0.70318157
2 1 5 13 0.6883626
2 1 5 14 0.63569849
2 1 5 15 0.6695119
2 1 5 16 0.96482662
2 1 5 17 1.18169118
2 1 5 18 1.39475709
2 1 5 19 1.57882716
2 1 5 20 1.68392191
2 1 5 21 1.83452936
2 1 5 22 2.02916213
2 1 5 23 1.35075018
2 1 5 24 1.48037449
2 1 5 25 1.20949884
2 1 5 26 1.05996404
2 1 5 27 1.01909905
2 1 5 28 0.95015247
2 1 5 29 0.90026107
2 1 5 30 0.77700062
2 1 5 31 0.81682841
2 2 0 0 1.01751711
2 2 0 1 0.94405469
2 2 0 2 1.00404563
2 2 0 3 0.94192335
2 2 0 4 1.02465158
2 2 0 5 0.94503607
2 2 0 6 1.01161599
2 2 0 7 0.9518408
2 2 0 8 0.98945626
2 2 0 9 0.09139863
2 2 0 10 1.08833317
2 2 0 11 1.13104146
2 2 0 12 1.01939364
2 2 0 13 1.07856413
2 2 0 14 1.07355966
2 2 0 15 0.93924834
2 2 0 16 0.91894348
2 2 0 17 1.0622756
2 2 0 18 1.05343268
2 2 0 19 1.03798046
2 2 0 20 1.18481529
2 2 0 21 0.98967713
2 2 0 22 1.02595606
2 2 0 23 1.00883482
2 2 0 24 1.07762578
2 2 0 25 1.01190832
2 2 0 26 1.07469699
2 2 0 27 1.13771277
2 2 0 28 1.15036328
2 2 0 29 1.07375966
2 2 0 30 1.01032012
2 2 0 31 0.9395427
2 2 1 0 1.20953911
2 2 1 1 1.23981265
2 2 1 2 1.2806394
2 2 1 3 1.15609098
2 2 1 4 1.0050654
2 2 1 5 0.92543682
2 2 1 6 0.87691016
2 2 1 7 0.6347551
2 2 1 8 0.68568574
2 2 1 9 0.69462359
2 2 1 10 0.69297257
2 2 1 11 0.65913129
2 2 1 12 0.68690139
2 2 1 13 0.65584312
2 2 1 14 0.70660338
2 2 1 15 0.72618988
2 2 1 16 0.75200488
2 2 1 17 0.70469781
2 2 1 18 0.72519293
2 2 1 19 0.71247874
2 2 1 20 0.79103971
2 2 1 21 0.71547026
2 2 1 22 0.96223381
2 2 1 23 1.07853513
2 2 1 24 1.54826611
2 2 1 25 1.70532747
2 2 1 26 1.68678971
2 2 1 27 1.61022122
2 2 1 28 1.40619688
2 2 1 29 1.49758281
2 2 1 30 1.21643785
2 2 1 31 1.17172503
2 2 2 0 0.80784996
2 2 2 1 0.94798811
2 2 2 2 1.07210542
2 2 2 3 1.13289884
2 2 2 4 1.03893598
2 2 2 5 0.96720061
2 2 2 6 1.07898873
2 2 2 7 1.0900886
2 2 2 8 0.99017494
2 2 2 9 1.01648757
2 2 2 10 1.02819021
2 2 2 11 0.87914485
2 2 2 12 1.03300868
2 2 2 13 1.03419964
2 2 2 14 0.94961661
2 2 2 15 0.86897005
2 2 2 16 0.80844423
2 2 2 17 1.02435763
2 2 2 18 1.00840025
2 2 2 19 1.01686464
2 2 2 20 1.08976189
2 2 2 21 0.98801586
2 2 2 22 0.99874052
2 2 2 23 1.03200879
2 2 2 24 1.09627933
2 2 2 25 1.07191716
2 2 2 26 1.09048086
2 2 2 27 1.06257999
2 2 2 28 1.07381816
2 2 2 29 0.9915706
2 2 2 30 0.94240245
2 2 2 31 0.78758217
2 2 3 0 0.85821993
2 2 3 1 0.90867071
2 2 3 2 0.91680882
2 2 3 3 0.9995074
2 2 3 4 1.02933108
2 2 3 5 0.9926696
2 2 3 6 0.95256738
2 2 3 7 0.75380436
2 2 3 8 1.0515226
2 2 3 9 1.13285339
2 2 3 10 1.03592363
2 2 3 11 1.03411236
2 2 3 12 1.09584833
2 2 3 13 0.95759213
2 2 3 14 1.0157406
2 2 3 15 0.85186034
2 2 3 16 0.93151929
2 2 3 17 1.0866578
2 2 3 18 1.03169578
2 2 3 19 1.08540432
2 2 3 20 1.11234557
2 2 3 21 1.1681551
2 2 3 22 1.17913256
2 2 3 23 1.13975191
2 2 3 24 0.97914191
2 2 3 25 0.98524853
2 2 3 26 1.05653659
2 2 3 27 1.06855189
2 2 3 28 1.0290319
2 2 3 29 0.92756417
2 2 3 30 0.89758243
2 2 3 31 0.77606775
2 2 4 0 0.73796832
2 2 4 1 1.01525532
2 2 4 2 1.12126435
2 2 4 3 1.1569305
2 2 4 4 1.19873915
2 2 4 5 1.30895042
2 2 4 6 1.15962645
2 2 4 7 0.87942631
2 2 4 8 0.64189256
2 2 4 9 0.73193649
2 2 4 10 0.6806
2 2 4 11 0.54571135
2 2 4 12 0.43801713
2 2 4 13 0.48100029
2 2 4 14 0.39537514
2 2 4 15 0.34870201
2 2 4 16 0.73157817
2 2 4 17 1.0062852
2 2 4 18 1.09760918
2 2 4 19 1.25284154
2 2 4 20 1.37474767
2 2 4 21 1.25901263
2 2 4 22 1.27071524
2 2 4 23 1.10798727
2 2 4 24 1.18637757
2 2 4 25 1.37229032
2 2 4 26 1.40654705
2 2 4 27 1.23485984
2 2 4 28 1.43539311
2 2 4 29 1.37713172
2 2 4 30 1.16508389
2 2 4 31 1.07919952
2 2 5 0 0.00396349
2 2 5 1 0.95426398
2 2 5 2 0.96321825
2 2 5 3 0.92860934
2 2 5 4 0.91849355
2 2 5 5 1.01628041
2 2 5 6 0.96680301
2 2 5 7 0.82730807
2 2 5 8 1.15999582
2 2 5 9 1.11057801
2 2 5 10 1.1749907
2 2 5 11 1.13595593
2 2 5 12 0.98663189
2 2 5 13 1.16003768
2 2 5 14 1.16943491
2 2 5 15 1.11773075
2 2 5 16 0.98888753
2 2 5 17 1.19231389
2 2 5 18 1.1735557
2 2 5 19 1.14631092
2 2 5 20 1.0822466
2 2 5 21 1.10894644
2 2 5 22 1.12281246
2 2 5 23 0.88817021
2 2 5 24 0.98409145
2 2 5 25 1.02931599
2 2 5 26 1.08063103
2 2 5 27 1.0119886
2 2 5 28 0.93565142
2 2 5 29 0.99107477
2 2 5 30 0.94804222
2 2 5 31 0.72406503
2 3 0 0 1.41444934
2 3 0 1 2.99821206
2 3 0 2 2.82767797
2 3 0 3 2.62691371
2 3 0 4 2.19728551
2 3 0 5 2.19000633
2 3 0 6 1.61797075
2 3 0 7 0.85099223
2 3 0 8 0.65341949
2 3 0 9 0.56889558
2 3 0 10 0.61710716
2 3 0 11 0.63486989
2 3 0 12 0.61223085
2 3 0 13 0.67286174
2 3 0 14 0.60254989
2 3 0 15 0.77457973
2 3 0 16 0.51139068
2 3 0 17 0.52923345
2 3 0 18 0.64818993
2 3 0 19 0.57416441
2 3 0 20 0.58993171
2 3 0 21 0.61121964
2 3 0 22 0.64573186
2 3 0 23 0.59172612
2 3 0 24 0.79515397
2 3 0 25 0.77226599
2 3 0 26 0.77944926
2 3 0 27 0.5580677
2 3 0 28 0.59443377
2 3 0 29 0.54447229
2 3 0 30 0.52288531
2 3 0 31 0.53630292
2 3 1 0 0.9783275
2 3 1 1 1.25658317
2 3 1 2 1.30806273
2 3 1 3 1.20111052
2 3 1 4 1.23822814
2 3 1 5 1.38391782
2 3 1 6 1.32694007
2 3 1 7 1.53247728
2 3 1 8 1.27206003
2 3 1 9 1.46313735
2 3 1 10 1.49085078
2 3 1 11 1.31548641
2 3 1 12 1.20478154
2 3 1 13 1.38921885
2 3 1 14 1.26426076
2 3 1 15 0.9754091
2 3 1 16 0.40381966
2 3 1 17 0.41728005
2 3 1 18 0.47904995
2 3 1 19 0.55534172
2 3 1 20 0.74845067
2 3 1 21 0.98362524
2 3 1 22 1.25365149
2 3 1 23 1.35949583
2 3 1 24 0.89873973
2 3 1 25 0.85188036
2 3 1 26 0.72811832
2 3 1 27 0.58893044
2 3 1 28 0.52953698
2 3 1 29 0.5234127
2 3 1 30 0.60971131
2 3 1 31 0.65652673
2 3 2 0 0.74816398
2 3 2 1 0.99896918
2 3 2 2 1.00051983
2 3 2 3 1.01596911
2 3 2 4 1.01887103
2 3 2 5 1.02749239
2 3 2 6 1.08489658
2 3 2 7 0.97764176
2 3 2 8 0.98166914
2 3 2 9 1.03959463
2 3 2 10 1.02918256
2 3 2 11 1.03267783
2 3 2 12 1.04872355
2 3 2 13 1.02362816
2 3 2 14 1.03496016
2 3 2 15 0.93788584
2 3 2 16 0.88618862
2 3 2 17 0.95367527
2 3 2 18 1.04098477
2 3 2 19 1.0804737
2 3 2 20 1.00494439
2 3 2 21 1.04802454
2 3 2 22 1.20200476
2 3 2 23 1.06005698
2 3 2 24 1.09671858
2 3 2 25 1.08455226
2 3 2 26 1.12324095
2 3 2 27 0.92244096
2 3 2 28 0.91780819
2 3 2 29 1.04631562
2 3 2 30 0.88621998
2 3 2 31 0.70341386
2 3 3 0 2.44976924
2 3 3 1 1.42686976
2 3 3 2 1.21296912
2 3 3 3 1.03291377
2 3 3 4 1.35533802
2 3 3 5 1.3139191
2 3 3 6 1.31248443
2 3 3 7 2.40722161
2 3 3 8 1.44695275
2 3 3 9 1.42262421
2 3 3 10 1.44495674
2 3 3 11 1.27615781
2 3 3 12 1.51993792
2 3 3 13 1.71536973
2 3 3 14 1.73057657
2 3 3 15 2.02010988
2 3 3 16 0.21679791
2 3 3 17 0.26324753
2 3 3 18 0.3657801
2 3 3 19 0.25519599
2 3 3 20 0.42015446
2 3 3 21 0.68859253
2 3 3 22 0.81491464
2 3 3 23 1.01554725
2 3 3 24 0.26896793
2 3 3 25 0.24577998
2 3 3 26 0.29886701
2 3 3 27 0.24144849
2 3 3 28 0.373608
2 3 3 29 0.3519089
2 3 3 30 0.34576498
2 3 3 31 0.38636006
2 3 4 0 3.54975743
2 3 4 1 4.09814176
2 3 4 2 3.28964885
2 3 4 3 2.14391581
2 3 4 4 1.22065722
2 3 4 5 0.99645846
2 3 4 6 1.45965442
2 3 4 7 1.81029301
2 3 4 8 0.74879005
2 3 4 9 0.64486853
2 3 4 10 0.66544896
2 3 4 11 0.62357166
2 3 4 12 0.72228084
2 3 4 13 0.78620294
2 3 4 14 0.75536011
2 3 4 15 1.1855027
2 3 4 16 0.1697709
2 3 4 17 0.16304987
2 3 4 18 0.20030684
2 3 4 19 0.20087221
2 3 4 20 0.27246951
2 3 4 21 0.30428635
2 3 4 22 0.27148017
2 3 4 23 0.23336266
2 3 4 24 0.90847113
2 3 4 25 0.8546995
2 3 4 26 0.94373929
2 3 4 27 0.58335371
2 3 4 28 0.39902625
2 3 4 29 0.38509438
2 3 4 30 0.41098049
2 3 4 31 0.58268938
2 3 5 0 0.87290867
2 3 5 1 0.91817149
2 3 5 2 1.0447373
2 3 5 3 1.12022452
2 3 5 4 0.95790559
2 3 5 5 1.12423605
2 3 5 6 1.06791745
2 3 5 7 0.89967077
2 3 5 8 0.85589779
2 3 5 9 1.0869872
2 3 5 10 0.97243148
2 3 5 11 1.05119582
2 3 5 12 0.95840855
2 3 5 13 1.00042805
2 3 5 14 0.99554426
2 3 5 15 0.87334863
2 3 5 16 0.87091546
2 3 5 17 0.99893067
2 3 5 18 1.04368711
2 3 5 19 1.03897638
2 3 5 20 1.08431551
2 3 5 21 1.11151865
2 3 5 22 1.05665771
2 3 5 23 1.04368075
2 3 5 24 1.05310257
2 3 5 25 1.08265262
2 3 5 26 0.94154546
2 3 5 27 1.06278416
2 3 5 28 1.02655682
2 3 5 29 1.02746219
2 3 5 30 1.00454521
2 3 5 31 0.80766384
2 4 0 0 0.5891288
2 4 0 1 0.94089252
2 4 0 2 1.16198332
2 4 0 3 1.17158509
2 4 0 4 1.15192744
2 4 0 5 1.15860661
2 4 0 6 1.25139104
2 4 0 7 1.06281357
2 4 0 8 0.67545213
2 4 0 9 0.86746106
2 4 0 10 0.80348433
2 4 0 11 0.92021345
2 4 0 12 0.92200209
2 4 0 13 0.89138812
2 4 0 14 0.82762046
2 4 0 15 0.74921666
2 4 0 16 0.53294125
2 4 0 17 0.97448341
2 4 0 18 1.05918254
2 4 0 19 1.04738485
2 4 0 20 1.21636005
2 4 0 21 1.24799675
2 4 0 22 1.22119258
2 4 0 23 0.87412276
2 4 0 24 1.07514702
2 4 0 25 1.28814902
2 4 0 26 1.18391497
2 4 0 27 1.2740984
2 4 0 28 1.17154058
2 4 0 29 1.09195209
2 4 0 30 0.99714376
2 4 0 31 0.67670325
2 4 1 0 0.80836612
2 4 1 1 0.97955035
2 4 1 2 1.04924488
2 4 1 3 1.05264723
2 4 1 4 1.0365669
2 4 1 5 1.10887334
2 4 1 6 1.14481778
2 4 1 7 0.96089614
2 4 1 8 0.83205513
2 4 1 9 0.99994545
2 4 1 10 1.00337668
2 4 1 11 1.06741365
2 4 1 12 0.9816262
2 4 1 13 1.07503851
2 4 1 14 0.99297326
2 4 1 15 0.85087806
2 4 1 16 0.87423976
2 4 1 17 1.02936713
2 4 1 18 1.00347257
2 4 1 19 1.04438604
2 4 1 20 1.097162
2 4 1 21 1.02377685
2 4 1 22 1.06005407
2 4 1 23 1.00944267
2 4 1 24 1.01937701
2 4 1 25 1.13211398
2 4 1 26 0.99998431
2 4 1 27 1.07521907
2 4 1 28 0.98554519
2 4 1 29 0.98733562
2 4 1 30 0.93166166
2 4 1 31 0.81948326
2 4 2 0 0.90604876
2 4 2 1 0.95865617
2 4 2 2 1.07366293
2 4 2 3 1.02271399
2 4 2 4 0.93018343
2 4 2 5 0.86440561
2 4 2 6 0.97095095
2 4 2 7 0.84866241
2 4 2 8 0.98574402
2 4 2 9 1.03570863
2 4 2 10 1.07539639
2 4 2 11 1.12790095
2 4 2 12 1.03524451
2 4 2 13 1.14667652
2 4 2 14 0.95861905
2 4 2 15 0.75713417
2 4 2 16 0.8156404
2 4 2 17 0.93219333
2 4 2 18 1.06046932
2 4 2 19 1.06722667
2 4 2 20 1.1318141
2 4 2 21 1.12721919
2 4 2 22 0.99726161
2 4 2 23 1.03933923
2 4 2 24 0.96533622
2 4 2 25 1.04774924
2 4 2 26 1.07232912
2 4 2 27 1.07108531
2 4 2 28 1.05094041
2 4 2 29 1.03521545
2 4 2 30 0.98281125
2 4 2 31 0.91320626
2 4 3 0 1.05319041
2 4 3 1 1.21462433
2 4 3 2 1.39075067
2 4 3 3 1.1929964
2 4 3 4 1.12782207
2 4 3 5 1.52420403
2 4 3 6 1.47918148
2 4 3 7 1.47704134
2 4 3 8 1.40509399
2 4 3 9 1.63805556
2 4 3 10 1.5104623
2 4 3 11 1.49263507
2 4 3 12 1.19357617
2 4 3 13 1.31579859
2 4 3 14 1.28169851
2 4 3 15 0.97547882
2 4 3 16 0.69461806
2 4 3 17 0.6352927
2 4 3 18 0.65988319
2 4 3 19 0.6592862
2 4 3 20 0.61685551
2 4 3 21 0.67784719
2 4 3 22 0.68066789
2 4 3 23 0.72412807
2 4 3 24 0.73094212
2 4 3 25 0.69788624
2 4 3 26 0.61699911
2 4 3 27 0.68762127
2 4 3 28 0.65199017
2 4 3 29 0.65467273
2 4 3 30 0.62345686
2 4 3 31 0.61160139
2 4 4 0 0.91215823
2 4 4 1 1.53005598
2 4 4 2 1.6965099
2 4 4 3 1.61136825
2 4 4 4 1.54795691
2 4 4 5 1.44272181
2 4 4 6 1.36292875
2 4 4 7 1.00038045
2 4 4 8 1.05083914
2 4 4 9 1.41705719
2 4 4 10 1.6031106
2 4 4 11 1.67491377
2 4 4 12 1.63006548
2 4 4 13 1.70143892
2 4 4 14 1.48373489
2 4 4 15 1.20483617
2 4 4 16 0.21461519
2 4 4 17 0.22901378
2 4 4 18 0.23012419
2 4 4 19 0.28289734
2 4 4 20 0.31776125
2 4 4 21 0.31000085
2 4 4 22 0.29049313
2 4 4 23 0.27270704
2 4 4 24 0.47810228
2 4 4 25 0.72913961
2 4 4 26 0.90723382
2 4 4 27 0.96560614
2 4 4 28 0.94498352
2 4 4 29 1.04043425
2 4 4 30 1.01832784
2 4 4 31 1.0164449
2 4 5 0 1.28137782
2 4 5 1 1.74930029
2 4 5 2 1.78685344
2 4 5 3 1.63790274
2 4 5 4 1.48107495
2 4 5 5 1.62396798
2 4 5 6 1.69906455
2 4 5 7 1.28879794
2 4 5 8 1.58958356
2 4 5 9 1.99824869
2 4 5 10 2.05869486
2 4 5 11 2.08737808
2 4 5 12 1.67937226
2 4 5 13 2.15469081
2 4 5 14 1.88348212
2 4 5 15 1.32601626
2 4 5 16 0.13846173
2 4 5 17 0.14344307
2 4 5 18 0.16526708
2 4 5 19 0.15208175
2 4 5 20 0.17933075
2 4 5 21 0.2208511
2 4 5 22 0.4819222
2 4 5 23 0.86807165
2 4 5 24 0.17919213
2 4 5 25 0.16660779
2 4 5 26 0.20632233
2 4 5 27 0.28922865
2 4 5 28 0.36600776
2 4 5 29 0.41594892
2 4 5 30 0.51086358
2 4 5 31 0.41858519
2 5 0 0 0.35196379
2 5 0 1 0.29343096
2 5 0 2 0.04671263
2 5 0 3 0.33467752
2 5 0 4 0.26341748
2 5 0 5 0.25950076
2 5 0 6 0.2743992
2 5 0 7 0.27096315
2 5 0 8 0.68329635
2 5 0 9 0.60171498
2 5 0 10 0.59541493
2 5 0 11 0.51091921
2 5 0 12 0.61117669
2 5 0 13 0.72745478
2 5 0 14 0.83133535
2 5 0 15 0.75469326
2 5 0 16 0.57718861
2 5 0 17 0.57153133
2 5 0 18 0.56846569
2 5 0 19 0.52075355
2 5 0 20 0.61784185
2 5 0 21 0.76448651
2 5 0 22 0.99906278
2 5 0 23 0.99840381
2 5 0 24 1.76605933
2 5 0 25 2.49413479
2 5 0 26 2.31768764
2 5 0 27 3.02476403
2 5 0 28 2.80158026
2 5 0 29 2.46158657
2 5 0 30 1.96761881
2 5 0 31 1.55301511
2 5 1 0 0.23510152
2 5 1 1 0.20101881
2 5 1 2 0.20474656
2 5 1 3 0.23005354
2 5 1 4 0.23918233
2 5 1 5 0.28412601
2 5 1 6 0.24246022
2 5 1 7 0.22955586
2 5 1 8 0.6319536
2 5 1 9 0.60029416
2 5 1 10 0.60425342
2 5 1 11 0.53098303
2 5 1 12 0.53337895
2 5 1 13 0.6869617
2 5 1 14 0.71885255
2 5 1 15 0.85686604
2 5 1 16 1.65765459
2 5 1 17 2.44337523
2 5 1 18 2.58252796
2 5 1 19 2.78653274
2 5 1 20 2.77459308
2 5 1 21 2.46842809
2 5 1 22 2.40949797
2 5 1 23 2.34238822
2 5 1 24 1.64878676
2 5 1 25 0.94716341
2 5 1 26 0.59466891
2 5 1 27 0.57140337
2 5 1 28 0.55066845
2 5 1 29 0.52968203
2 5 1 30 0.44353724
2 5 1 31 0.43174205
2 5 2 0 0.3781317
2 5 2 1 0.31343963
2 5 2 2 0.26705594
2 5 2 3 0.27596454
2 5 2 4 0.26327092
2 5 2 5 0.26712325
2 5 2 6 0.26856972
2 5 2 7 0.24999726
2 5 2 8 0.68195314
2 5 2 9 0.5949337
2 5 2 10 0.65493027
2 5 2 11 0.56860663
2 5 2 12 0.65573037
2 5 2 13 0.65033677
2 5 2 14 0.80345037
2 5 2 15 0.80443855
2 5 2 16 0.54848514
2 5 2 17 0.65172181
2 5 2 18 0.62257425
2 5 2 19 0.79836562
2 5 2 20 0.76393369
2 5 2 21 0.69090099
2 5 2 22 0.76010554
2 5 2 23 0.72873398
2 5 2 24 2.37960633
2 5 2 25 3.01574685
2 5 2 26 2.40018519
2 5 2 27 2.50899681
2 5 2 28 2.86400028
2 5 2 29 2.17511028
2 5 2 30 2.0505251
2 5 2 31 1.02751268
2 5 3 0 0.85609628
2 5 3 1 1.1786175
2 5 3 2 1.37939759
2 5 3 3 1.39895143
2 5 3 4 1.56200465
2 5 3 5 1.38807279
2 5 3 6 1.14156436
2 5 3 7 0.693447
2 5 3 8 0.52665965
2 5 3 9 0.68287947
2 5 3 10 0.89233133
2 5 3 11 1.27550032
2 5 3 12 1.51839577
2 5 3 13 1.5633544
2 5 3 14 1.38576869
2 5 3 15 1.21011219
2 5 3 16 0.31813619
2 5 3 17 0.29303081
2 5 3 18 0.32843442
2 5 3 19 0.30915267
2 5 3 20 0.29611523
2 5 3 21 0.28030842
2 5 3 22 0.32609891
2 5 3 23 0.29639705
2 5 3 24 1.40840357
2 5 3 25 1.54264064
2 5 3 26 1.62434735
2 5 3 27 1.56456182
2 5 3 28 1.38200769
2 5 3 29 1.48410048
2 5 3 30 1.19603846
2 5 3 31 0.99110662
2 5 4 0 0.7420887
2 5 4 1 0.36291767
2 5 4 2 0.22980333
2 5 4 3 0.10274684
2 5 4 4 0.15788769
2 5 4 5 0.11396287
2 5 4 6 0.10534106
2 5 4 7 0.16106215
2 5 4 8 2.1171667
2 5 4 9 2.20720588
2 5 4 10 2.02746097
2 5 4 11 1.82673506
2 5 4 12 2.04432204
2 5 4 13 2.60798182
2 5 4 14 2.55845754
2 5 4 15 3.11591299
2 5 4 16 0.11588661
2 5 4 17 0.18900242
2 5 4 18 0.16529534
2 5 4 19 0.21156828
2 5 4 20 0.15776229
2 5 4 21 0.18554913
2 5 4 22 0.22968004
2 5 4 23 0.16852691
2 5 4 24 0.56241207
2 5 4 25 1.12063238
2 5 4 26 1.77997774
2 5 4 27 2.04079139
2 5 4 28 2.01563145
2 5 4 29 1.45430626
2 5 4 30 0.80032562
2 5 4 31 0.36481349
2 5 5 0 0.87866334
2 5 5 1 0.9951756
2 5 5 2 0.98523571
2 5 5 3 1.09382149
2 5 5 4 1.0279034
2 5 5 5 0.94358022
2 5 5 6 1.02731692
2 5 5 7 0.60809223
2 5 5 8 0.60127441
2 5 5 9 0.83674936
2 5 5 10 1.0854438
2 5 5 11 1.17834255
2 5 5 12 1.10223484
2 5 5 13 0.89062852
2 5 5 14 1.13730118
2 5 5 15 1.01354355
2 5 5 16 0.91404354
2 5 5 17 1.15064236
2 5 5 18 0.99801418
2 5 5 19 1.1149183
2 5 5 20 0.98912224
2 5 5 21 1.15167932
2 5 5 22 0.97948075
2 5 5 23 1.1077494
2 5 5 24 1.00564058
2 5 5 25 1.12196642
2 5 5 26 1.18384395
2 5 5 27 1.15951849
2 5 5 28 1.1018624
2 5 5 29 1.08086917
2 5 5 30 0.87693675
2 5 5 31 0.68782803
3 0 0 0 0.93997098
3 0 0 1 0.78832844
3 0 0 2 0.74437677
3 0 0 3 0.84083411
3 0 0 4 0.87436483
3 0 0 5 0.82571648
3 0 0 6 0.87232434
3 0 0 7 0.86796655
3 0 0 8 2.01659356
3 0 0 9 1.87974931
3 0 0 10 1.64713988
3 0 0 11 1.47417778
3 0 0 12 1.73580236
3 0 0 13 1.85814978
3 0 0 14 2.13508188
3 0 0 15 2.34069971
3 0 0 16 1.92102188
3 0 0 17 1.32487532
3 0 0 18 0.97873462
3 0 0 19 0.65941741
3 0 0 20 0.41762923
3 0 0 21 0.25899978
3 0 0 22 0.07793017
3 0 0 23 0.07092716
3 0 0 24 0.15738243
3 0 0 25 0.14901009
3 0 0 26 0.27833323
3 0 0 27 0.40710437
3 0 0 28 0.53475666
3 0 0 29 0.77359053
3 0 0 30 0.91074866
3 0 0 31 1.29269266
3 0 1 0 -0.00300188
3 0 1 1 1.11203826
3 0 1 2 0.97014529
3 0 1 3 0.89436755
3 0 1 4 0.7376006
3 0 1 5 0.87074779
3 0 1 6 0.69236233
3 0 1 7 0.96227301
3 0 1 8 0.91108825
3 0 1 9 0.94588072
3 0 1 10 1.07120528
3 0 1 11 1.07717245
3 0 1 12 1.06253924
3 0 1 13 1.1518579
3 0 1 14 0.99280303
3 0 1 15 1.26003035
3 0 1 16 1.46513462
3 0 1 17 1.22978604
3 0 1 18 1.12303778
3 0 1 19 1.17506366
3 0 1 20 0.98922861
3 0 1 21 1.18860069
3 0 1 22 0.96375794
3 0 1 23 1.25229772
3 0 1 24 1.00497259
3 0 1 25 0.966791
3 0 1 26 0.97769893
3 0 1 27 0.95468927
3 0 1 28 1.01144622
3 0 1 29 1.02283549
3 0 1 30 0.97220973
3 0 1 31 0.93615235
3 0 2 0 1.07812187
3 0 2 1 1.04351748
3 0 2 2 0.98890345
3 0 2 3 0.66170742
3 0 2 4 0.72373082
3 0 2 5 0.7635363
3 0 2 6 0.67479114
3 0 2 7 0.8056101
3 0 2 8 1.70977328
3 0 2 9 1.5674348
3 0 2 10 1.67224163
3 0 2 11 1.5432535
3 0 2 12 1.68650365
3 0 2 13 1.92748902
3 0 2 14 1.93209416
3 0 2 15 2.03477017
3 0 2 16 0.61342896
3 0 2 17 0.80847605
3 0 2 18 0.71908839
3 0 2 19 0.73811106
3 0 2 20 0.72178499
3 0 2 21 0.77441961
3 0 2 22 0.71486155
3 0 2 23 0.70201473
3 0 2 24 0.91095408
3 0 2 25 0.68491067
3 0 2 26 0.67642958
3 0 2 27 0.68867152
3 0 2 28 0.62273094
3 0 2 29 0.52821984
3 0 2 30 0.68562999
3 0 2 31 0.65962005
3 0 3 0 3.35426198
3 0 3 1 3.97955588
3 0 3 2 3.86236159
3 0 3 3 3.52536616
3 0 3 4 2.39102268
3 0 3 5 2.02209679
3 0 3 6 1.00613469
3 0 3 7 0.40812538
3 0 3 8 0.63047898
3 0 3 9 1.09291198
3 0 3 10 0.96530268
3 0 3 11 0.82097562
3 0 3 12 0.73829779
3 0 3 13 0.86507761
3 0 3 14 0.88390961
3 0 3 15 0.56582801
3 0 3 16 0.15327669
3 0 3 17 0.16395681
3 0 3 18 0.19546039
3 0 3 19 0.23225863
3 0 3 20 0.21495319
3 0 3 21 0.18374678
3 0 3 22 0.18730859
3 0 3 23 0.18699519
3 0 3 24 0.74781624
3 0 3 25 0.56956706
3 0 3 26 0.54452979
3 0 3 27 0.39233589
3 0 3 28 0.29070854
3 0 3 29 0.22958117
3 0 3 30 0.18918257
3 0 3 31 0.20329426
3 0 4 0 0.56715873
3 0 4 1 0.8896866
3 0 4 2 0.9493657
3 0 4 3 0.98618505
3 0 4 4 0.99031329
3 0 4 5 1.01461586
3 0 4 6 0.92474292
3 0 4 7 0.70475343
3 0 4 8 0.94562998
3 0 4 9 0.98517828
3 0 4 10 1.12823176
3 0 4 11 1.11409572
3 0 4 12 1.19993729
3 0 4 13 1.00635842
3 0 4 14 1.17950913
3 0 4 15 0.91991866
3 0 4 16 0.9183601
3 0 4 17 1.05477807
3 0 4 18 1.07165496
3 0 4 19 1.02507605
3 0 4 20 1.07861167
3 0 4 21 1.07947588
3 0 4 22 0.90903314
3 0 4 23 0.98415919
3 0 4 24 1.26942276
3 0 4 25 1.11535344
3 0 4 26 1.00595794
3 0 4 27 1.23310089
3 0 4 28 0.97761123
3 0 4 29 1.04658707
3 0 4 30 0.97119314
3 0 4 31 0.79762016
3 0 5 0 0.336004791
3 0 5 1 0.647561742
3 0 5 2 0.78131533
3 0 5 3 0.720051794
3 0 5 4 0.766009311
3 0 5 5 0.613665004
3 0 5 6 0.335004835
3 0 5 7 0.143479516
3 0 5 8 1.5305331
3 0 5 9 1.94654701
3 0 5 10 1.95310516
3 0 5 11 1.6511106
3 0 5 12 1.57229617
3 0 5 13 1.59369552
3 0 5 14 1.52426836
3 0 5 15 1.08941505
3 0 5 16 1.44782189
3 0 5 17 1.84507907
3 0 5 18 1.71021605
3 0 5 19 2.05553458
3 0 5 20 2.12042835
3 0 5 21 1.86603423
3 0 5 22 1.82161386
3 0 5 23 1.33215066
3 0 5 24 0.000811287555
3 0 5 25 -0.00129161005
3 0 5 26 0.000266800837
3 0 5 27 0.00159224167
3 0 5 28 -0.0013887031
3 0 5 29 -0.00281874763
3 0 5 30 0.00117792019
3 0 5 31 0.00459885412
3 1 0 0 1.51491524
3 1 0 1 1.20403155
3 1 0 2 0.96197609
3 1 0 3 0.86909726
3 1 0 4 0.64563029
3 1 0 5 0.58720687
3 1 0 6 0.14788334
3 1 0 7 0.01313214
3 1 0 8 0.82056247
3 1 0 9 0.86594642
3 1 0 10 1.02474348
3 1 0 11 1.20031334
3 1 0 12 1.52144413
3 1 0 13 1.56959839
3 1 0 14 2.09758864
3 1 0 15 2.71529445
3 1 0 16 1.36310982
3 1 0 17 1.06850508
3 1 0 18 0.86355257
3 1 0 19 0.87421314
3 1 0 20 0.860095
3 1 0 21 0.91827181
3 1 0 22 1.10365497
3 1 0 23 1.02260657
3 1 0 24 0.77570659
3 1 0 25 0.80508307
3 1 0 26 0.83517767
3 1 0 27 0.81023694
3 1 0 28 0.76457567
3 1 0 29 0.68462866
3 1 0 30 0.71033264
3 1 0 31 0.68643667
3 1 1 0 0.93781206
3 1 1 1 0.8846499
3 1 1 2 0.95109977
3 1 1 3 0.92076568
3 1 1 4 0.92255145
3 1 1 5 0.83934182
3 1 1 6 0.83988193
3 1 1 7 0.92839405
3 1 1 8 0.9785291
3 1 1 9 0.94882123
3 1 1 10 0.93371354
3 1 1 11 0.92810024
3 1 1 12 0.96681855
3 1 1 13 0.97333106
3 1 1 14 0.9942616
3 1 1 15 0.9470996
3 1 1 16 1.05634293
3 1 1 17 0.94304822
3 1 1 18 1.00111406
3 1 1 19 0.9962875
3 1 1 20 0.883342
3 1 1 21 0.92739696
3 1 1 22 0.92127669
3 1 1 23 0.94353257
3 1 1 24 0.9693498
3 1 1 25 0.88722169
3 1 1 26 0.97777697
3 1 1 27 1.10503395
3 1 1 28 1.18264081
3 1 1 29 1.39753325
3 1 1 30 1.35878199
3 1 1 31 1.56125011
3 1 2 0 0.7979909
3 1 2 1 0.6907174
3 1 2 2 0.61097267
3 1 2 3 0.63628004
3 1 2 4 0.60498098
3 1 2 5 0.52937338
3 1 2 6 0.55615782
3 1 2 7 0.65621371
3 1 2 8 1.68267658
3 1 2 9 1.72534667
3 1 2 10 1.49932421
3 1 2 11 1.54247313
3 1 2 12 1.62310048
3 1 2 13 1.84693764
3 1 2 14 2.02264578
3 1 2 15 2.28738457
3 1 2 16 0.83247018
3 1 2 17 0.835598
3 1 2 18 0.72561639
3 1 2 19 0.90153775
3 1 2 20 0.71864406
3 1 2 21 0.78775323
3 1 2 22 0.90976002
3 1 2 23 0.81167257
3 1 2 24 0.82820464
3 1 2 25 0.72743018
3 1 2 26 0.82287857
3 1 2 27 0.75469281
3 1 2 28 0.80186362
3 1 2 29 0.73939337
3 1 2 30 0.74787053
3 1 2 31 0.77195457
3 1 3 0 1.1614454
3 1 3 1 0.89270153
3 1 3 2 0.81644849
3 1 3 3 0.91941756
3 1 3 4 0.63850581
3 1 3 5 0.7855352
3 1 3 6 0.90450975
3 1 3 7 0.76664673
3 1 3 8 1.79996682
3 1 3 9 1.74018561
3 1 3 10 1.55268951
3 1 3 11 1.5984978
3 1 3 12 1.89724684
3 1 3 13 1.96842551
3 1 3 14 2.03760079
3 1 3 15 2.33448966
3 1 3 16 0.67669767
3 1 3 17 0.59323522
3 1 3 18 0.67836662
3 1 3 19 0.56269619
3 1 3 20 0.74771066
3 1 3 21 0.87617929
3 1 3 22 1.07418737
3 1 3 23 0.00631136
3 1 3 24 0.83112224
3 1 3 25 0.76822316
3 1 3 26 0.64631971
3 1 3 27 0.56428754
3 1 3 28 0.54947444
3 1 3 29 0.60985754
3 1 3 30 0.50078394
3 1 3 31 0.62919513
3 1 4 0 0.78608899
3 1 4 1 0.92214383
3 1 4 2 1.07810105
3 1 4 3 1.04371618
3 1 4 4 1.0375855
3 1 4 5 1.11998241
3 1 4 6 1.06385333
3 1 4 7 1.04586492
3 1 4 8 0.98374631
3 1 4 9 1.08516434
3 1 4 10 0.94807012
3 1 4 11 1.04729022
3 1 4 12 1.10297253
3 1 4 13 1.05052961
3 1 4 14 1.1038059
3 1 4 15 0.96848424
3 1 4 16 0.79939578
3 1 4 17 0.9056685
3 1 4 18 1.00344172
3 1 4 19 0.92512263
3 1 4 20 1.01127623
3 1 4 21 1.11205437
3 1 4 22 1.09064726
3 1 4 23 1.04860746
3 1 4 24 1.10456124
3 1 4 25 1.17724351
3 1 4 26 1.05080971
3 1 4 27 0.91346502
3 1 4 28 0.98220092
3 1 4 29 0.97753133
3 1 4 30 0.88854393
3 1 4 31 0.70763514
3 2 0 0 0.89054843
3 2 0 1 0.92484838
3 2 0 2 0.768604
3 2 0 3 0.71271364
3 2 0 4 0.91043042
3 2 0 5 0.96315771
3 2 0 6 0.8623154
3 2 0 7 0.97785077
3 2 0 8 1.94671562
3 2 0 9 1.76765411
3 2 0 10 1.60233398
3 2 0 11 1.64807659
3 2 0 12 1.50981293
3 2 0 13 1.55900275
3 2 0 14 1.88622317
3 2 0 15 1.75230874
3 2 0 16 0.62315762
3 2 0 17 0.66853457
3 2 0 18 0.67978953
3 2 0 19 0.83775761
3 2 0 20 0.75547177
3 2 0 21 0.73213336
3 2 0 22 0.8148397
3 2 0 23 0.81372069
3 2 0 24 0.66428796
3 2 0 25 0.70659173
3 2 0 26 0.71018781
3 2 0 27 0.64600364
3 2 0 28 0.64324896
3 2 0 29 0.70471745
3 2 0 30 0.6827268
3 2 0 31 0.78342754
3 2 1 0 0.24129451
3 2 1 1 0.24535183
3 2 1 2 0.24591668
3 2 1 3 0.22673204
3 2 1 4 0.21427768
3 2 1 5 0.23965312
3 2 1 6 0.28909748
3 2 1 7 0.35004693
3 2 1 8 0.74235705
3 2 1 9 0.76117859
3 2 1 10 0.68450357
3 2 1 11 0.59978159
3 2 1 12 0.5959701
3 2 1 13 0.65240432
3 2 1 14 0.68420826
3 2 1 15 0.6910059
3 2 1 16 0.81398872
3 2 1 17 1.71074379
3 2 1 18 1.37975515
3 2 1 19 1.43209286
3 2 1 20 1.33635393
3 2 1 21 1.79139023
3 2 1 22 2.44838913
3 2 1 23 1.48686365
3 2 1 24 3.26251719
3 2 1 25 3.74347739
3 2 1 26 1.64249361
3 2 1 27 0.60955419
3 2 1 28 0.40320241
3 2 1 29 0.40181911
3 2 1 30 0.64211559
3 2 1 31 0.81286984
3 2 2 0 0.31201029
3 2 2 1 0.41461275
3 2 2 2 0.5936556
3 2 2 3 0.7352901
3 2 2 4 1.14081864
3 2 2 5 1.31573602
3 2 2 6 1.2006301
3 2 2 7 1.17490388
3 2 2 8 0.80584202
3 2 2 9 0.94268575
3 2 2 10 1.06811378
3 2 2 11 0.93809831
3 2 2 12 0.93322171
3 2 2 13 1.03304184
3 2 2 14 0.95062768
3 2 2 15 0.91736929
3 2 2 16 0.91986058
3 2 2 17 1.13840194
3 2 2 18 1.26757582
3 2 2 19 1.2505633
3 2 2 20 1.35611816
3 2 2 21 1.15492374
3 2 2 22 1.23364743
3 2 2 23 1.30735354
3 2 2 24 0.86384574
3 2 2 25 1.06756802
3 2 2 26 1.13671486
3 2 2 27 1.01891622
3 2 2 28 0.97429272
3 2 2 29 1.05767121
3 2 2 30 1.07719875
3 2 2 31 0.74015471
3 2 3 0 0.79142189
3 2 3 1 0.80773774
3 2 3 2 0.78575667
3 2 3 3 0.79558855
3 2 3 4 0.80724397
3 2 3 5 0.84435986
3 2 3 6 0.80293222
3 2 3 7 0.91201687
3 2 3 8 0.82295289
3 2 3 9 0.85606708
3 2 3 10 0.8395169
3 2 3 11 0.83095352
3 2 3 12 0.85478531
3 2 3 13 0.90315816
3 2 3 14 0.89996969
3 2 3 15 1.00492344
3 2 3 16 0.85915394
3 2 3 17 0.83409429
3 2 3 18 0.82116694
3 2 3 19 0.85163185
3 2 3 20 1.07031525
3 2 3 21 1.10189535
3 2 3 22 1.00747132
3 2 3 23 0.9284857
3 2 3 24 1.64263343
3 2 3 25 1.64713476
3 2 3 26 1.69880524
3 2 3 27 1.66166031
3 2 3 28 1.32238582
3 2 3 29 1.2178825
3 2 3 30 0.96286802
3 2 3 31 0.83234531
3 2 4 0 0.84429568
3 2 4 1 0.97896931
3 2 4 2 0.98193235
3 2 4 3 1.01887481
3 2 4 4 0.95379468
3 2 4 5 1.01499551
3 2 4 6 1.06413671
3 2 4 7 1.04679094
3 2 4 8 1.10429453
3 2 4 9 1.15040466
3 2 4 10 0.97263278
3 2 4 11 0.97134839
3 2 4 12 1.04011368
3 2 4 13 0.92571241
3 2 4 14 1.04800638
3 2 4 15 0.83935533
3 2 4 16 0.90284428
3 2 4 17 1.05503949
3 2 4 18 1.07165283
3 2 4 19 0.96448573
3 2 4 20 1.00984893
3 2 4 21 0.97055445
3 2 4 22 1.06281895
3 2 4 23 0.90443147
3 2 4 24 1.09806523
3 2 4 25 0.98562463
3 2 4 26 1.10401209
3 2 4 27 1.06559145
3 2 4 28 1.0022381
3 2 4 29 0.98565679
3 2 4 30 0.97993166
3 2 4 31 0.9109551
3 2 5 0 0.70480579
3 2 5 1 0.94286344
3 2 5 2 0.68874565
3 2 5 3 0.86457889
3 2 5 4 0.79554323
3 2 5 5 0.61246145
3 2 5 6 0.60181947
3 2 5 7 0.4608851
3 2 5 8 1.15078263
3 2 5 9 1.36481863
3 2 5 10 1.04792084
3 2 5 11 1.48582566
3 2 5 12 1.2767457
3 2 5 13 1.26891042
3 2 5 14 1.23279056
3 2 5 15 0.9010246
3 2 5 16 1.00847013
3 2 5 17 1.23285956
3 2 5 18 1.30946526
3 2 5 19 1.28004494
3 2 5 20 0.98156322
3 2 5 21 1.3313576
3 2 5 22 1.28460811
3 2 5 23 1.05861453
3 2 5 24 1.05936972
3 2 5 25 1.0687318
3 2 5 26 1.0448643
3 2 5 27 0.9483408
3 2 5 28 0.90786066
3 2 5 29 0.7880094
3 2 5 30 0.68449315
3 2 5 31 0.60846025
3 3 0 0 0.20596175
3 3 0 1 0.20328005
3 3 0 2 0.22202911
3 3 0 3 0.2562274
3 3 0 4 0.22884951
3 3 0 5 0.24593849
3 3 0 6 0.23637119
3 3 0 7 0.28314145
3 3 0 8 0.28315188
3 3 0 9 0.3458753
3 3 0 10 0.34951082
3 3 0 11 0.30592377
3 3 0 12 0.30558843
3 3 0 13 0.37679219
3 3 0 14 0.35252999
3 3 0 15 0.36686309
3 3 0 16 0.27525734
3 3 0 17 0.29569491
3 3 0 18 0.30746266
3 3 0 19 0.32608825
3 3 0 20 0.32353568
3 3 0 21 0.32368284
3 3 0 22 0.32057433
3 3 0 23 0.35326811
3 3 0 24 2.61964984
3 3 0 25 3.26670226
3 3 0 26 3.68593135
3 3 0 27 3.35469632
3 3 0 28 3.52514221
3 3 0 29 3.25288173
3 3 0 30 2.71243923
3 3 0 31 1.80841018
3 3 1 0 0.79655251
3 3 1 1 0.86112306
3 3 1 2 0.83516682
3 3 1 3 0.8297085
3 3 1 4 0.87281687
3 3 1 5 0.89834745
3 3 1 6 0.85108582
3 3 1 7 0.92116237
3 3 1 8 0.90307765
3 3 1 9 0.90706361
3 3 1 10 0.93063088
3 3 1 11 0.91460118
3 3 1 12 0.92112787
3 3 1 13 0.8640191
3 3 1 14 0.91662103
3 3 1 15 0.96229726
3 3 1 16 1.04379513
3 3 1 17 1.11979893
3 3 1 18 0.97482879
3 3 1 19 1.02557635
3 3 1 20 1.24309983
3 3 1 21 1.67808759
3 3 1 22 1.8404516
3 3 1 23 1.78907042
3 3 1 24 1.15778732
3 3 1 25 1.03027795
3 3 1 26 0.89311932
3 3 1 27 0.87344672
3 3 1 28 0.81191256
3 3 1 29 0.83513431
3 3 1 30 0.83959815
3 3 1 31 0.8009637
3 3 2 0 0.73303739
3 3 2 1 0.90333415
3 3 2 2 0.99990163
3 3 2 3 0.94914571
3 3 2 4 1.079712
3 3 2 5 1.10789242
3 3 2 6 1.15078705
3 3 2 7 0.98462705
3 3 2 8 1.02972539
3 3 2 9 1.12740083
3 3 2 10 1.04545178
3 3 2 11 1.09213464
3 3 2 12 1.04807288
3 3 2 13 1.03821084
3 3 2 14 0.86930437
3 3 2 15 0.72855525
3 3 2 16 0.90097968
3 3 2 17 1.03118138
3 3 2 18 1.02051269
3 3 2 19 0.97907104
3 3 2 20 1.11625046
3 3 2 21 1.072016
3 3 2 22 1.03148567
3 3 2 23 0.97000734
3 3 2 24 1.04300943
3 3 2 25 1.0470955
3 3 2 26 1.12853303
3 3 2 27 1.06831824
3 3 2 28 1.02319211
3 3 2 29 1.02090765
3 3 2 30 0.96816194
3 3 2 31 0.7893285
3 3 3 0 0.70680417
3 3 3 1 1.06162518
3 3 3 2 1.12646743
3 3 3 3 1.02545863
3 3 3 4 1.10081924
3 3 3 5 1.17516284
3 3 3 6 1.04544804
3 3 3 7 0.86232598
3 3 3 8 0.61879845
3 3 3 9 0.90289493
3 3 3 10 1.10480508
3 3 3 11 1.06967086
3 3 3 12 1.07406411
3 3 3 13 1.11909793
3 3 3 14 0.97455107
3 3 3 15 0.77618737
3 3 3 16 0.05236616
3 3 3 17 1.02262091
3 3 3 18 1.19382458
3 3 3 19 1.06975491
3 3 3 20 1.09336967
3 3 3 21 1.1206693
3 3 3 22 1.27898243
3 3 3 23 0.9287177
3 3 3 24 1.16457764
3 3 3 25 1.23089592
3 3 3 26 1.17747175
3 3 3 27 1.13900614
3 3 3 28 1.1229981
3 3 3 29 0.99343682
3 3 3 30 0.9475054
3 3 3 31 0.75317946
3 3 4 0 0.7995375
3 3 4 1 0.9436673
3 3 4 2 1.00232479
3 3 4 3 0.98531008
3 3 4 4 1.04845731
3 3 4 5 1.04577771
3 3 4 6 0.98586382
3 3 4 7 1.00258548
3 3 4 8 1.0539466
3 3 4 9 0.97837343
3 3 4 10 1.13391001
3 3 4 11 1.0136981
3 3 4 12 1.03356195
3 3 4 13 1.09675759
3 3 4 14 0.96154572
3 3 4 15 0.82620257
3 3 4 16 0.84452541
3 3 4 17 1.01080115
3 3 4 18 1.03036426
3 3 4 19 1.00982033
3 3 4 20 1.09905715
3 3 4 21 0.8928906
3 3 4 22 1.06394778
3 3 4 23 1.00913063
3 3 4 24 1.04572827
3 3 4 25 1.07678248
3 3 4 26 1.09297034
3 3 4 27 1.0708003
3 3 4 28 0.957706
3 3 4 29 1.0969261
3 3 4 30 0.9799973
3 3 4 31 0.84719034
3 3 5 0 0.25647772
3 3 5 1 0.31819038
3 3 5 2 0.28805199
3 3 5 3 0.20944835
3 3 5 4 0.21524879
3 3 5 5 0.21439297
3 3 5 6 0.26087531
3 3 5 7 0.28357523
3 3 5 8 1.14024851
3 3 5 9 1.34948347
3 3 5 10 1.25793536
3 3 5 11 1.35309691
3 3 5 12 1.30865114
3 3 5 13 1.21176589
3 3 5 14 1.12556026
3 3 5 15 1.00337109
3 3 5 16 1.02848231
3 3 5 17 1.31038785
3 3 5 18 1.47456357
3 3 5 19 1.32564843
3 3 5 20 1.51512965
3 3 5 21 1.57189339
3 3 5 22 1.46241509
3 3 5 23 1.30613778
3 3 5 24 1.23233362
3 3 5 25 1.20026916
3 3 5 26 1.26309616
3 3 5 27 1.2372206
3 3 5 28 1.05371342
3 3 5 29 1.0606013
3 3 5 30 1.00479761
3 3 5 31 0.95049656
3 4 0 0 0.33586756
3 4 0 1 0.2625905
3 4 0 2 0.25766774
3 4 0 3 0.27290346
3 4 0 4 0.27285635
3 4 0 5 0.44710308
3 4 0 6 1.11174975
3 4 0 7 1.17890682
3 4 0 8 0.32244483
3 4 0 9 0.34336644
3 4 0 10 0.29715914
3 4 0 11 0.28869945
3 4 0 12 0.29310121
3 4 0 13 0.33202113
3 4 0 14 0.32989972
3 4 0 15 0.30508499
3 4 0 16 0.32233984
3 4 0 17 0.33241408
3 4 0 18 0.33450999
3 4 0 19 0.32359082
3 4 0 20 0.29639227
3 4 0 21 0.36708234
3 4 0 22 0.31272708
3 4 0 23 0.35653916
3 4 0 24 2.15670549
3 4 0 25 2.39620066
3 4 0 26 2.7888428
3 4 0 27 3.07240404
3 4 0 28 2.65539618
3 4 0 29 3.13090898
3 4 0 30 2.87071457
3 4 0 31 2.59262357
3 4 1 0 0.63412228
3 4 1 1 0.64309041
3 4 1 2 0.65539218
3 4 1 3 0.65142539
3 4 1 4 0.65147725
3 4 1 5 0.6368995
3 4 1 6 0.68127589
3 4 1 7 0.64144361
3 4 1 8 0.78221303
3 4 1 9 0.77791139
3 4 1 10 0.71935321
3 4 1 11 0.71992355
3 4 1 12 0.74026221
3 4 1 13 0.6783896
3 4 1 14 0.7204387
3 4 1 15 0.71737468
3 4 1 16 1.05009174
3 4 1 17 1.35771029
3 4 1 18 1.46796744
3 4 1 19 1.47583641
3 4 1 20 1.56287563
3 4 1 21 1.49253438
3 4 1 22 1.68044655
3 4 1 23 1.67103959
3 4 1 24 0.98974351
3 4 1 25 1.12056174
3 4 1 26 1.15143922
3 4 1 27 1.30615203
3 4 1 28 1.15123379
3 4 1 29 1.17028629
3 4 1 30 1.13211326
3 4 1 31 1.06521176
3 4 2 0 0.22156581
3 4 2 1 0.35907357
3 4 2 2 0.66665778
3 4 2 3 0.99846195
3 4 2 4 0.89549174
3 4 2 5 1.03561764
3 4 2 6 0.84424717
3 4 2 7 1.05814907
3 4 2 8 0.35616477
3 4 2 9 0.30156854
3 4 2 10 0.2649645
3 4 2 11 0.26467115
3 4 2 12 0.25776674
3 4 2 13 0.27814813
3 4 2 14 0.29579743
3 4 2 15 0.35313722
3 4 2 16 0.99692079
3 4 2 17 1.31662913
3 4 2 18 1.21535975
3 4 2 19 1.20206894
3 4 2 20 1.03545547
3 4 2 21 0.71378324
3 4 2 22 0.53974851
3 4 2 23 0.32397926
3 4 2 24 2.26617564
3 4 2 25 3.15303638
3 4 2 26 2.43087311
3 4 2 27 2.7423896
3 4 2 28 2.30543819
3 4 2 29 1.78382635
3 4 2 30 0.85382001
3 4 2 31 0.38743565
3 4 3 0 0.74292783
3 4 3 1 0.9059374
3 4 3 2 0.96888777
3 4 3 3 1.02735577
3 4 3 4 1.06494793
3 4 3 5 1.04808071
3 4 3 6 1.04651798
3 4 3 7 1.14380158
3 4 3 8 1.00296485
3 4 3 9 1.08605095
3 4 3 10 1.09509227
3 4 3 11 1.03154742
3 4 3 12 0.87625076
3 4 3 13 0.98521702
3 4 3 14 1.00536119
3 4 3 15 0.89028684
3 4 3 16 0.90173488
3 4 3 17 0.96750713
3 4 3 18 1.11668641
3 4 3 19 0.9071331
3 4 3 20 1.13752278
3 4 3 21 1.06597998
3 4 3 22 0.96067391
3 4 3 23 0.89197607
3 4 3 24 0.93881264
3 4 3 25 1.15366207
3 4 3 26 1.08731192
3 4 3 27 1.06922048
3 4 3 28 1.08418584
3 4 3 29 1.0359295
3 4 3 30 1.02809277
3 4 3 31 0.83399516
3 4 4 0 0.5190771
3 4 4 1 0.72015888
3 4 4 2 0.94547745
3 4 4 3 0.98162266
3 4 4 4 1.11843742
3 4 4 5 1.10991455
3 4 4 6 1.13059006
3 4 4 7 1.1361859
3 4 4 8 1.28479897
3 4 4 9 1.19785601
3 4 4 10 1.15228152
3 4 4 11 1.17317089
3 4 4 12 1.10874219
3 4 4 13 0.96207196
3 4 4 14 0.86663614
3 4 4 15 0.57568746
3 4 4 16 0.59638972
3 4 4 17 0.88044634
3 4 4 18 0.8858593
3 4 4 19 1.07306325
3 4 4 20 1.21362439
3 4 4 21 1.12495772
3 4 4 22 1.14465694
3 4 4 23 0.95177199
3 4 4 24 0.92776863
3 4 4 25 1.2047013
3 4 4 26 1.1070008
3 4 4 27 1.04574198
3 4 4 28 1.06827572
3 4 4 29 1.09702804
3 4 4 30 0.95269481
3 4 4 31 0.80308092
3 4 5 0 0.36475618
3 4 5 1 0.33973589
3 4 5 2 0.41258666
3 4 5 3 0.4495371
3 4 5 4 0.49068888
3 4 5 5 0.51230118
3 4 5 6 0.45480758
3 4 5 7 0.53143259
3 4 5 8 2.33516791
3 4 5 9 2.71683167
3 4 5 10 2.63908399
3 4 5 11 2.80427421
3 4 5 12 2.7367978
3 4 5 13 2.33128569
3 4 5 14 2.45525655
3 4 5 15 1.51619784
3 4 5 16 0.29138799
3 4 5 17 0.34402981
3 4 5 18 0.44124366
3 4 5 19 0.53245355
3 4 5 20 0.70007898
3 4 5 21 1.11311139
3 4 5 22 1.40721777
3 4 5 23 1.5482661
3 4 5 24 0.2976416
3 4 5 25 0.29383879
3 4 5 26 0.28488339
3 4 5 27 0.28317713
3 4 5 28 0.27154254
3 4 5 29 0.26024336
3 4 5 30 0.25590532
3 4 5 31 0.21439185
3 5 0 0 1.89204399
3 5 0 1 2.67145134
3 5 0 2 2.76560456
3 5 0 3 2.64402096
3 5 0 4 2.15352073
3 5 0 5 2.75199823
3 5 0 6 3.48271194
3 5 0 7 4.10270056
3 5 0 8 0.57790266
3 5 0 9 0.53573773
3 5 0 10 0.55320571
3 5 0 11 0.51085903
3 5 0 12 0.54245679
3 5 0 13 0.56056583
3 5 0 14 0.48487391
3 5 0 15 0.44698045
3 5 0 16 0.1610781
3 5 0 17 0.1942228
3 5 0 18 0.22582486
3 5 0 19 0.22866756
3 5 0 20 0.25794809
3 5 0 21 0.24907504
3 5 0 22 0.23029063
3 5 0 23 0.24269153
3 5 0 24 0.32109323
3 5 0 25 0.2818073
3 5 0 26 0.2509793
3 5 0 27 0.2351319
3 5 0 28 0.20394358
3 5 0 29 0.21046779
3 5 0 30 0.31894908
3 5 0 31 0.4766668
3 5 1 0 0.38434816
3 5 1 1 0.33629847
3 5 1 2 0.4199167
3 5 1 3 0.43414561
3 5 1 4 0.45023466
3 5 1 5 0.43966083
3 5 1 6 0.46044691
3 5 1 7 0.57962059
3 5 1 8 2.66451589
3 5 1 9 2.97560646
3 5 1 10 3.11009902
3 5 1 11 3.11632086
3 5 1 12 2.83235534
3 5 1 13 3.036926
3 5 1 14 2.92656641
3 5 1 15 2.46856752
3 5 1 16 0.30062001
3 5 1 17 0.31780609
3 5 1 18 0.30732429
3 5 1 19 0.30010958
3 5 1 20 0.29489782
3 5 1 21 0.31139562
3 5 1 22 0.2480336
3 5 1 23 0.25608253
3 5 1 24 0.26811333
3 5 1 25 0.26396047
3 5 1 26 0.23525268
3 5 1 27 0.23401972
3 5 1 28 0.2405075
3 5 1 29 0.27679147
3 5 1 30 0.26345846
3 5 1 31 0.27557708
3 5 2 0 0.81194458
3 5 2 1 0.99327348
3 5 2 2 1.08677289
3 5 2 3 1.05870265
3 5 2 4 1.01668189
3 5 2 5 1.07794588
3 5 2 6 1.07245838
3 5 2 7 0.87649373
3 5 2 8 1.05061645
3 5 2 9 1.02128704
3 5 2 10 1.14545103
3 5 2 11 1.03834383
3 5 2 12 1.13886461
3 5 2 13 1.11552413
3 5 2 14 1.06484687
3 5 2 15 0.89139444
3 5 2 16 0.89204501
3 5 2 17 0.98320507
3 5 2 18 0.9948838
3 5 2 19 1.0324044
3 5 2 20 0.85845234
3 5 2 21 1.1398604
3 5 2 22 1.04264551
3 5 2 23 0.97897067
3 5 2 24 0.89264483
3 5 2 25 1.01413814
3 5 2 26 1.01727304
3 5 2 27 1.02282571
3 5 2 28 0.9688799
3 5 2 29 0.94279712
3 5 2 30 0.91459705
3 5 2 31 0.86165233
3 5 3 0 0.801852262
3 5 3 1 1.00647274
3 5 3 2 0.965255525
3 5 3 3 0.964068998
3 5 3 4 0.993155688
3 5 3 5 1.11423633
3 5 3 6 1.11039605
3 5 3 7 1.01529157
3 5 3 8 1.03949945
3 5 3 9 1.1877922
3 5 3 10 1.09636362
3 5 3 11 1.07471491
3 5 3 12 1.00933194
3 5 3 13 0.976709546
3 5 3 14 1.047881
3 5 3 15 1.00269034
3 5 3 16 8.01140107e-05
3 5 3 17 1.18782924
3 5 3 18 1.06052947
3 5 3 19 1.05948321
3 5 3 20 0.95597789
3 5 3 21 1.06891778
3 5 3 22 1.03871666
3 5 3 23 0.925037628
3 5 3 24 1.12257713
3 5 3 25 0.966764267
3 5 3 26 1.13040752
3 5 3 27 1.04212593
3 5 3 28 1.07605253
3 5 3 29 1.06104756
3 5 3 30 1.07314177
3 5 3 31 0.863307333
3 5 4 0 0.9413489
3 5 4 1 1.10779167
3 5 4 2 1.02562757
3 5 4 3 0.98603019
3 5 4 4 1.06119698
3 5 4 5 0.93693803
3 5 4 6 1.09928128
3 5 4 7 0.95576589
3 5 4 8 0.68233481
3 5 4 9 0.93491388
3 5 4 10 1.00353148
3 5 4 11 1.07025422
3 5 4 12 1.08399443
3 5 4 13 1.01862823
3 5 4 14 1.04931415
3 5 4 15 0.94495487
3 5 4 16 0.9191524
3 5 4 17 0.96096633
3 5 4 18 1.04777101
3 5 4 19 1.00832972
3 5 4 20 1.00388059
3 5 4 21 0.91966812
3 5 4 22 1.06857333
3 5 4 23 0.94983962
3 5 4 24 0.94563655
3 5 4 25 1.00092176
3 5 4 26 1.13832228
3 5 4 27 1.05987859
3 5 4 28 1.10065538
3 5 4 29 1.0696119
3 5 4 30 0.95984137
3 5 4 31 0.99966004
3 5 5 0 0.41162692
3 5 5 1 0.48347005
3 5 5 2 0.32910147
3 5 5 3 0.30143158
3 5 5 4 0.27462379
3 5 5 5 0.24183605
3 5 5 6 0.25880628
3 5 5 7 0.32458267
3 5 5 8 0.98907157
3 5 5 9 1.99655144
3 5 5 10 3.18839111
3 5 5 11 2.65751981
3 5 5 12 2.3613493
3 5 5 13 2.51456588
3 5 5 14 2.11699327
3 5 5 15 2.49567018
3 5 5 16 1.158532
3 5 5 17 1.21053161
3 5 5 18 1.70329291
3 5 5 19 1.719369
3 5 5 20 1.49676163
3 5 5 21 1.02090767
3 5 5 22 0.63771481
3 5 5 23 0.37804428
3 5 5 24 0.22510155
3 5 5 25 0.22038306
3 5 5 26 0.2240743
3 5 5 27 0.27978725
3 5 5 28 0.21838946
3 5 5 29 0.237823
3 5 5 30 0.15699249
3 5 5 31 0.1619491
4 0 0 0 1.02499559
4 0 0 1 1.11397855
4 0 0 2 1.04971829
4 0 0 3 0.9914018
4 0 0 4 0.9296643
4 0 0 5 0.91675702
4 0 0 6 0.90104884
4 0 0 7 0.79585334
4 0 0 8 1.06727513
4 0 0 9 1.10454146
4 0 0 10 1.00847478
4 0 0 11 1.24696149
4 0 0 12 1.34122818
4 0 0 13 1.54670558
4 0 0 14 1.73282359
4 0 0 15 2.18861191
4 0 0 16 1.66263238
4 0 0 17 1.18208935
4 0 0 18 1.01169352
4 0 0 19 0.90670767
4 0 0 20 0.74238287
4 0 0 21 0.64794619
4 0 0 22 0.72714378
4 0 0 23 0.92764246
4 0 0 24 0.61034917
4 0 0 25 0.66042168
4 0 0 26 0.65644766
4 0 0 27 0.69074831
4 0 0 28 0.75707219
4 0 0 29 0.66339549
4 0 0 30 0.661366
4 0 0 31 0.47397802
4 0 1 0 0.87636533
4 0 1 1 0.95603757
4 0 1 2 0.93082459
4 0 1 3 1.04668471
4 0 1 4 0.98753429
4 0 1 5 1.12974372
4 0 1 6 1.11421153
4 0 1 7 1.09863743
4 0 1 8 0.8690429
4 0 1 9 1.05272107
4 0 1 10 0.95379771
4 0 1 11 1.03475902
4 0 1 12 1.04892322
4 0 1 13 1.03408411
4 0 1 14 1.19637877
4 0 1 15 1.17526261
4 0 1 16 1.49965707
4 0 1 17 1.06069927
4 0 1 18 0.77871411
4 0 1 19 1.12149544
4 0 1 20 0.93909371
4 0 1 21 0.99211738
4 0 1 22 0.92740583
4 0 1 23 1.16281426
4 0 1 24 0.85818
4 0 1 25 1.00906368
4 0 1 26 0.99063644
4 0 1 27 0.96036375
4 0 1 28 0.93900678
4 0 1 29 0.8412576
4 0 1 30 0.73759865
4 0 1 31 0.67845356
4 0 2 0 0.86064554
4 0 2 1 0.90497756
4 0 2 2 0.85800915
4 0 2 3 0.91135477
4 0 2 4 0.90951177
4 0 2 5 0.90418571
4 0 2 6 0.83782541
4 0 2 7 3.69633765
4 0 2 8 1.05959752
4 0 2 9 0.90698814
4 0 2 10 0.90907515
4 0 2 11 1.00905305
4 0 2 12 0.91104752
4 0 2 13 1.07831354
4 0 2 14 1.18476824
4 0 2 15 1.2661991
4 0 2 16 1.40953068
4 0 2 17 1.17754357
4 0 2 18 0.93577445
4 0 2 19 0.92904571
4 0 2 20 0.91425002
4 0 2 21 0.86152417
4 0 2 22 0.84081013
4 0 2 23 1.00332887
4 0 2 24 0.55094097
4 0 2 25 0.71416648
4 0 2 26 0.60462366
4 0 2 27 0.69276671
4 0 2 28 0.7019972
4 0 2 29 0.7200478
4 0 2 30 0.75070257
4 0 2 31 0.69239849
4 0 3 0 0.79379331
4 0 3 1 0.90219605
4 0 3 2 0.76254654
4 0 3 3 0.8778872
4 0 3 4 1.0306848
4 0 3 5 0.95386669
4 0 3 6 0.90218539
4 0 3 7 1.0081576
4 0 3 8 1.27440481
4 0 3 9 1.24051588
4 0 3 10 1.15908341
4 0 3 11 1.13446277
4 0 3 12 1.03550414
4 0 3 13 1.06895636
4 0 3 14 1.31057551
4 0 3 15 1.53946882
4 0 3 16 1.26901861
4 0 3 17 1.01793984
4 0 3 18 0.99126668
4 0 3 19 0.9400009
4 0 3 20 0.94279356
4 0 3 21 0.90819996
4 0 3 22 1.04453828
4 0 3 23 0.97877873
4 0 3 24 0.9686533
4 0 3 25 0.90490303
4 0 3 26 0.94050887
4 0 3 27 0.85719815
4 0 3 28 0.89306933
4 0 3 29 0.94218049
4 0 3 30 0.71335824
4 0 3 31 0.72772163
4 0 4 0 0.84054043
4 0 4 1 1.0900474
4 0 4 2 1.24929026
4 0 4 3 1.30369315
4 0 4 4 1.27547252
4 0 4 5 1.29007923
4 0 4 6 1.27860485
4 0 4 7 1.28929497
4 0 4 8 1.08714569
4 0 4 9 1.1361718
4 0 4 10 1.16166745
4 0 4 11 1.21188026
4 0 4 12 1.15572666
4 0 4 13 1.13959268
4 0 4 14 0.93640704
4 0 4 15 0.66468745
4 0 4 16 0.83760853
4 0 4 17 0.99663878
4 0 4 18 1.10452452
4 0 4 19 1.10986431
4 0 4 20 1.14976931
4 0 4 21 1.2009938
4 0 4 22 1.23393033
4 0 4 23 1.15238337
4 0 4 24 0.48241914
4 0 4 25 0.50230195
4 0 4 26 0.54646829
4 0 4 27 0.61142777
4 0 4 28 0.76228558
4 0 4 29 0.87590602
4 0 4 30 0.85564805
4 0 4 31 0.63569977
4 0 5 0 0.86393795
4 0 5 1 0.83093438
4 0 5 2 0.87165434
4 0 5 3 1.01673452
4 0 5 4 1.13047254
4 0 5 5 1.08708635
4 0 5 6 1.35242793
4 0 5 7 1.39322164
4 0 5 8 1.52550811
4 0 5 9 1.79896889
4 0 5 10 1.68683387
4 0 5 11 1.96716556
4 0 5 12 1.79588351
4 0 5 13 1.73758291
4 0 5 14 1.54502389
4 0 5 15 0.93069112
4 0 5 16 0.18759254
4 0 5 17 0.20522109
4 0 5 18 0.24622626
4 0 5 19 0.32724089
4 0 5 20 0.57225688
4 0 5 21 0.76722891
4 0 5 22 0.71208208
4 0 5 23 0.42207957
4 0 5 24 0.75810975
4 0 5 25 0.80490405
4 0 5 26 0.92275859
4 0 5 27 1.01623035
4 0 5 28 1.06895713
4 0 5 29 1.01112696
4 0 5 30 0.73162386
4 0 5 31 0.53029123
4 2 0 0 3.06851387
4 2 0 1 2.12947321
4 2 0 2 1.76787195
4 2 0 3 1.8572693
4 2 0 4 1.98410402
4 2 0 5 2.08370342
4 2 0 6 2.22660774
4 2 0 7 2.61384938
4 2 0 8 0.48245728
4 2 0 9 0.454955
4 2 0 10 0.47129275
4 2 0 11 0.46631746
4 2 0 12 0.42837287
4 2 0 13 0.5319715
4 2 0 14 0.51135421
4 2 0 15 0.51340559
4 2 0 16 0.05205072
4 2 0 17 0.16766307
4 2 0 18 0.22075665
4 2 0 19 0.28921619
4 2 0 20 0.31153541
4 2 0 21 0.25543097
4 2 0 22 0.37383395
4 2 0 23 0.38112163
4 2 0 24 3.76282354
4 2 0 25 2.16912636
4 2 0 26 0.72542742
4 2 0 27 0.33759869
4 2 0 28 0.2669505
4 2 0 29 0.23374461
4 2 0 30 0.25258561
4 2 0 31 0.26505165
4 2 1 0 1.30191385
4 2 1 1 1.84539234
4 2 1 2 1.92696777
4 2 1 3 2.01616686
4 2 1 4 2.06863192
4 2 1 5 2.02122828
4 2 1 6 1.73164174
4 2 1 7 1.15394237
4 2 1 8 1.39348759
4 2 1 9 1.87045761
4 2 1 10 2.1467899
4 2 1 11 1.94303466
4 2 1 12 1.81821797
4 2 1 13 1.83988256
4 2 1 14 1.83624461
4 2 1 15 1.31174208
4 2 1 16 0.17113678
4 2 1 17 0.15684197
4 2 1 18 0.16027636
4 2 1 19 0.16802414
4 2 1 20 0.16787827
4 2 1 21 0.1864202
4 2 1 22 0.25070298
4 2 1 23 0.3315641
4 2 1 24 0.23581224
4 2 1 25 0.2059331
4 2 1 26 0.1764146
4 2 1 27 0.16128512
4 2 1 28 0.16446774
4 2 1 29 0.17587499
4 2 1 30 0.15360725
4 2 1 31 0.14128839
4 2 2 0 0.71614958
4 2 2 1 0.95265499
4 2 2 2 1.00589961
4 2 2 3 0.99406068
4 2 2 4 1.05230142
4 2 2 5 1.07467804
4 2 2 6 1.04697358
4 2 2 7 1.02115252
4 2 2 8 0.96933939
4 2 2 9 1.03449604
4 2 2 10 1.12890409
4 2 2 11 1.06845444
4 2 2 12 1.11188541
4 2 2 13 1.01705806
4 2 2 14 0.99132107
4 2 2 15 0.93658928
4 2 2 16 0.78877518
4 2 2 17 0.9578009
4 2 2 18 1.01617979
4 2 2 19 1.02086915
4 2 2 20 1.05658631
4 2 2 21 1.0581408
4 2 2 22 0.98694015
4 2 2 23 0.9965225
4 2 2 24 1.01138284
4 2 2 25 1.10818024
4 2 2 26 1.10865969
4 2 2 27 1.08605354
4 2 2 28 0.9969001
4 2 2 29 1.02352374
4 2 2 30 0.94128627
4 2 2 31 0.74362422
4 2 3 0 0.83771538
4 2 3 1 0.94840196
4 2 3 2 1.14653784
4 2 3 3 1.10707356
4 2 3 4 1.18637499
4 2 3 5 1.09603175
4 2 3 6 1.01095552
4 2 3 7 0.97477281
4 2 3 8 1.05160766
4 2 3 9 1.15191522
4 2 3 10 1.03497955
4 2 3 11 1.01417991
4 2 3 12 1.15686118
4 2 3 13 1.21913693
4 2 3 14 1.13874011
4 2 3 15 0.89426624
4 2 3 16 0.6595189
4 2 3 17 0.83619124
4 2 3 18 0.88713347
4 2 3 19 1.02977229
4 2 3 20 1.10563576
4 2 3 21 1.154553
4 2 3 22 1.1010686
4 2 3 23 0.97783415
4 2 3 24 0.90106609
4 2 3 25 1.11751896
4 2 3 26 0.93226786
4 2 3 27 0.99112222
4 2 3 28 1.02343767
4 2 3 29 0.92597861
4 2 3 30 0.77870225
4 2 3 31 0.65575335
4 2 4 0 0.931779744
4 2 4 1 1.12065294
4 2 4 2 1.05455386
4 2 4 3 1.09023127
4 2 4 4 1.23361157
4 2 4 5 1.17147063
4 2 4 6 1.18827473
4 2 4 7 1.09809294
4 2 4 8 -0.000361472364
4 2 4 9 1.03285187
4 2 4 10 1.09538276
4 2 4 11 1.06130368
4 2 4 12 1.07263624
4 2 4 13 1.10683117
4 2 4 14 1.06920235
4 2 4 15 0.941899806
4 2 4 16 0.853492871
4 2 4 17 0.95558065
4 2 4 18 0.893575813
4 2 4 19 0.995303219
4 2 4 20 0.896386301
4 2 4 21 0.90374692
4 2 4 22 0.808175799
4 2 4 23 0.996224683
4 2 4 24 1.00916127
4 2 4 25 0.932999827
4 2 4 26 1.15896744
4 2 4 27 1.09021035
4 2 4 28 1.17146004
4 2 4 29 1.08388985
4 2 4 30 1.10569523
4 2 4 31 0.947080374
4 2 5 0 0.24781278
4 2 5 1 0.47051038
4 2 5 2 0.50600598
4 2 5 3 0.5695334
4 2 5 4 0.6343712
4 2 5 5 0.68919098
4 2 5 6 0.67831666
4 2 5 7 0.45179389
4 2 5 8 1.01519635
4 2 5 9 1.17230384
4 2 5 10 1.37868736
4 2 5 11 1.39156136
4 2 5 12 1.42793473
4 2 5 13 1.4735783
4 2 5 14 1.19065411
4 2 5 15 1.17718697
4 2 5 16 0.92516581
4 2 5 17 1.28171492
4 2 5 18 1.31750947
4 2 5 19 1.31892845
4 2 5 20 1.27301571
4 2 5 21 1.38999676
4 2 5 22 1.1149052
4 2 5 23 1.26418122
4 2 5 24 0.90897285
4 2 5 25 1.29901187
4 2 5 26 1.13485847
4 2 5 27 1.11012477
4 2 5 28 0.96097822
4 2 5 29 0.95111143
4 2 5 30 0.88109572
4 2 5 31 0.57031951
4 3 0 0 0.84903574
4 3 0 1 0.92919087
4 3 0 2 0.99385108
4 3 0 3 1.02940678
4 3 0 4 1.26143582
4 3 0 5 1.11931652
4 3 0 6 1.13229612
4 3 0 7 0.9565828
4 3 0 8 1.09052541
4 3 0 9 0.95606967
4 3 0 10 0.98185865
4 3 0 11 0.97814764
4 3 0 12 0.98301515
4 3 0 13 1.00909022
4 3 0 14 1.03386216
4 3 0 15 1.54255761
4 3 0 16 1.5960334
4 3 0 17 1.04032588
4 3 0 18 1.05634895
4 3 0 19 0.9563113
4 3 0 20 0.85157847
4 3 0 21 0.87693734
4 3 0 22 0.87988114
4 3 0 23 0.93317385
4 3 0 24 1.12376378
4 3 0 25 1.00023323
4 3 0 26 0.88312283
4 3 0 27 0.91595412
4 3 0 28 0.81276337
4 3 0 29 0.83654151
4 3 0 30 0.86028704
4 3 0 31 0.51308991
4 3 1 0 1.17428305
4 3 1 1 1.04979171
4 3 1 2 0.76667522
4 3 1 3 0.48383284
4 3 1 4 0.3287226
4 3 1 5 0.20733661
4 3 1 6 0.16165763
4 3 1 7 0.16319851
4 3 1 8 0.15775197
4 3 1 9 0.17462273
4 3 1 10 0.13590787
4 3 1 11 0.17010746
4 3 1 12 0.17621923
4 3 1 13 0.19095846
4 3 1 14 0.22857943
4 3 1 15 0.21749641
4 3 1 16 0.61140931
4 3 1 17 1.16214723
4 3 1 18 1.58091119
4 3 1 19 1.86373241
4 3 1 20 2.02100361
4 3 1 21 1.98828657
4 3 1 22 1.99052291
4 3 1 23 1.76517962
4 3 1 24 1.61435941
4 3 1 25 1.79783832
4 3 1 26 1.9569995
4 3 1 27 1.96568491
4 3 1 28 1.94483598
4 3 1 29 1.68387145
4 3 1 30 1.34493947
4 3 1 31 0.93678164
4 3 2 0 0.88975578
4 3 2 1 0.99684794
4 3 2 2 1.07123983
4 3 2 3 1.01756102
4 3 2 4 1.07750378
4 3 2 5 1.08635704
4 3 2 6 0.99481987
4 3 2 7 0.79494833
4 3 2 8 0.9920883
4 3 2 9 1.02500994
4 3 2 10 0.99790523
4 3 2 11 0.94496183
4 3 2 12 0.98483042
4 3 2 13 0.9964648
4 3 2 14 1.01814365
4 3 2 15 0.9090664
4 3 2 16 0.85012553
4 3 2 17 0.95565897
4 3 2 18 1.02894727
4 3 2 19 1.08083581
4 3 2 20 1.0833844
4 3 2 21 1.16843338
4 3 2 22 1.15032884
4 3 2 23 1.05736443
4 3 2 24 0.94397334
4 3 2 25 1.14314521
4 3 2 26 1.09541875
4 3 2 27 0.9229954
4 3 2 28 0.95418138
4 3 2 29 1.01460011
4 3 2 30 0.9517146
4 3 2 31 0.83299317
4 3 3 0 0.85248232
4 3 3 1 0.91680123
4 3 3 2 1.01822408
4 3 3 3 1.10951507
4 3 3 4 0.96784504
4 3 3 5 1.07009832
4 3 3 6 1.0867357
4 3 3 7 1.04740022
4 3 3 8 1.00664527
4 3 3 9 1.05457833
4 3 3 10 1.00017179
4 3 3 11 1.01550144
4 3 3 12 1.00638846
4 3 3 13 0.89786212
4 3 3 14 0.92542673
4 3 3 15 0.83200821
4 3 3 16 0.87535979
4 3 3 17 1.00428115
4 3 3 18 1.03665619
4 3 3 19 1.05830885
4 3 3 20 1.09396851
4 3 3 21 1.00104415
4 3 3 22 1.0789174
4 3 3 23 0.89857729
4 3 3 24 1.07522919
4 3 3 25 1.03524221
4 3 3 26 1.12150503
4 3 3 27 1.0670301
4 3 3 28 1.00584641
4 3 3 29 1.00943229
4 3 3 30 1.02892048
4 3 3 31 0.85321523
4 3 4 0 0.80932426
4 3 4 1 0.96785225
4 3 4 2 1.00786256
4 3 4 3 1.11903789
4 3 4 4 1.10976597
4 3 4 5 1.08664176
4 3 4 6 1.15022911
4 3 4 7 1.10391786
4 3 4 8 0.94763679
4 3 4 9 0.92899958
4 3 4 10 0.92724523
4 3 4 11 0.96713391
4 3 4 12 0.97719187
4 3 4 13 1.0207648
4 3 4 14 0.89579034
4 3 4 15 0.86987095
4 3 4 16 0.8587374
4 3 4 17 0.97518378
4 3 4 18 1.06561907
4 3 4 19 1.04807246
4 3 4 20 1.13031462
4 3 4 21 1.12383538
4 3 4 22 1.05649133
4 3 4 23 1.14577516
4 3 4 24 0.86690373
4 3 4 25 1.00335119
4 3 4 26 1.05472601
4 3 4 27 1.04831694
4 3 4 28 0.95963134
4 3 4 29 1.03954033
4 3 4 30 0.91376293
4 3 4 31 0.85294654
4 3 5 0 0.77239018
4 3 5 1 0.81860153
4 3 5 2 0.73083605
4 3 5 3 0.76878313
4 3 5 4 0.611421
4 3 5 5 0.68298986
4 3 5 6 0.70268471
4 3 5 7 0.68411112
4 3 5 8 1.30161445
4 3 5 9 1.41603629
4 3 5 10 1.47868671
4 3 5 11 1.21719054
4 3 5 12 1.19600625
4 3 5 13 1.16799635
4 3 5 14 1.28270669
4 3 5 15 1.22605985
4 3 5 16 1.18262842
4 3 5 17 1.23118528
4 3 5 18 1.31819834
4 3 5 19 1.26715858
4 3 5 20 1.4082749
4 3 5 21 1.3539946
4 3 5 22 1.60255898
4 3 5 23 1.26396725
4 3 5 24 0.63031799
4 3 5 25 0.66082129
4 3 5 26 0.70540274
4 3 5 27 0.68577914
4 3 5 28 0.71570631
4 3 5 29 0.68960742
4 3 5 30 0.62657605
4 3 5 31 0.63528179
4 4 0 0 0.61909839
4 4 0 1 0.75063505
4 4 0 2 0.82034189
4 4 0 3 1.35860214
4 4 0 4 2.03504418
4 4 0 5 1.80021174
4 4 0 6 1.36695376
4 4 0 7 1.87377957
4 4 0 8 1.19119821
4 4 0 9 1.06859672
4 4 0 10 1.10722857
4 4 0 11 1.00457033
4 4 0 12 1.09484726
4 4 0 13 1.37480539
4 4 0 14 1.32197423
4 4 0 15 1.39700757
4 4 0 16 1.04309476
4 4 0 17 0.81779419
4 4 0 18 0.86741117
4 4 0 19 0.73698117
4 4 0 20 0.78166102
4 4 0 21 0.80464495
4 4 0 22 0.78058581
4 4 0 23 0.81523454
4 4 0 24 0.71864722
4 4 0 25 0.61906324
4 4 0 26 0.60685519
4 4 0 27 0.60751501
4 4 0 28 0.64200938
4 4 0 29 0.58295286
4 4 0 30 0.71612758
4 4 0 31 0.58685808
4 4 1 0 1.43688468
4 4 1 1 1.7086494
4 4 1 2 1.97836467
4 4 1 3 1.81299887
4 4 1 4 1.67467121
4 4 1 5 1.50257379
4 4 1 6 1.26646423
4 4 1 7 1.00040901
4 4 1 8 0.49483201
4 4 1 9 0.40843886
4 4 1 10 0.41808705
4 4 1 11 0.39423948
4 4 1 12 0.50856937
4 4 1 13 0.66487397
4 4 1 14 0.74151591
4 4 1 15 0.88412612
4 4 1 16 0.33657326
4 4 1 17 0.32930771
4 4 1 18 0.33518304
4 4 1 19 0.38490108
4 4 1 20 0.46317876
4 4 1 21 0.44099976
4 4 1 22 0.48398283
4 4 1 23 0.40248285
4 4 1 24 1.11482325
4 4 1 25 1.41062605
4 4 1 26 1.71550079
4 4 1 27 1.5598078
4 4 1 28 1.69901215
4 4 1 29 1.61591028
4 4 1 30 1.61416819
4 4 1 31 1.14182699
4 4 2 0 0.42257764
4 4 2 1 0.80376246
4 4 2 2 0.98905541
4 4 2 3 1.00189639
4 4 2 4 0.9809803
4 4 2 5 1.09642522
4 4 2 6 1.12726263
4 4 2 7 0.99004815
4 4 2 8 1.0005474
4 4 2 9 1.1839569
4 4 2 10 1.09852171
4 4 2 11 1.11538824
4 4 2 12 1.07475755
4 4 2 13 1.06068346
4 4 2 14 1.02656529
4 4 2 15 0.76893161
4 4 2 16 0.77491737
4 4 2 17 0.85683566
4 4 2 18 0.86022721
4 4 2 19 0.98680698
4 4 2 20 1.07142536
4 4 2 21 1.12365978
4 4 2 22 1.12609614
4 4 2 23 0.97497214
4 4 2 24 1.0866045
4 4 2 25 1.24740385
4 4 2 26 1.25475012
4 4 2 27 1.19814903
4 4 2 28 1.15735273
4 4 2 29 1.13092856
4 4 2 30 0.88296031
4 4 2 31 0.52258979
4 4 3 0 0.8205917
4 4 3 1 1.02065484
4 4 3 2 1.02869496
4 4 3 3 1.00313172
4 4 3 4 1.11303022
4 4 3 5 1.11861423
4 4 3 6 1.12668065
4 4 3 7 1.04946617
4 4 3 8 0.85414686
4 4 3 9 0.89227119
4 4 3 10 0.97324385
4 4 3 11 1.00389446
4 4 3 12 0.9999511
4 4 3 13 1.07349864
4 4 3 14 1.01389104
4 4 3 15 0.8983468
4 4 3 16 0.90062163
4 4 3 17 0.95558725
4 4 3 18 1.10344822
4 4 3 19 0.96851891
4 4 3 20 0.94432764
4 4 3 21 1.01736071
4 4 3 22 1.03719949
4 4 3 23 1.06168527
4 4 3 24 1.10247934
4 4 3 25 1.05414075
4 4 3 26 1.02992291
4 4 3 27 1.08929479
4 4 3 28 1.05767409
4 4 3 29 0.94710167
4 4 3 30 0.94430428
4 4 3 31 0.83010604
4 4 4 0 0.82195526
4 4 4 1 0.96570578
4 4 4 2 1.10082694
4 4 4 3 1.04182301
4 4 4 4 1.03965703
4 4 4 5 1.00923147
4 4 4 6 1.06903034
4 4 4 7 1.10774074
4 4 4 8 0.94696111
4 4 4 9 1.09085284
4 4 4 10 1.04679705
4 4 4 11 1.02083331
4 4 4 12 1.08837149
4 4 4 13 1.04009959
4 4 4 14 0.97232603
4 4 4 15 0.00152376
4 4 4 16 0.78248965
4 4 4 17 0.95374931
4 4 4 18 1.02489906
4 4 4 19 1.11096791
4 4 4 20 1.00519456
4 4 4 21 1.13874867
4 4 4 22 1.14597375
4 4 4 23 1.20071571
4 4 4 24 1.02675716
4 4 4 25 1.16859054
4 4 4 26 1.11581645
4 4 4 27 1.08467063
4 4 4 28 1.11486137
4 4 4 29 1.01238534
4 4 4 30 0.98506669
4 4 4 31 0.78768919
4 4 5 0 0.79172682
4 4 5 1 0.67256344
4 4 5 2 0.70573938
4 4 5 3 0.52458326
4 4 5 4 0.6370262
4 4 5 5 0.65935514
4 4 5 6 0.65252513
4 4 5 7 0.50896555
4 4 5 8 1.28950982
4 4 5 9 1.35640032
4 4 5 10 1.25024734
4 4 5 11 1.4172327
4 4 5 12 1.44327793
4 4 5 13 1.64750521
4 4 5 14 1.33946335
4 4 5 15 1.44364082
4 4 5 16 1.48639488
4 4 5 17 1.56455048
4 4 5 18 1.64053882
4 4 5 19 1.58301351
4 4 5 20 1.63425123
4 4 5 21 1.75977727
4 4 5 22 1.411896
4 4 5 23 1.53018515
4 4 5 24 0.48503311
4 4 5 25 0.40070485
4 4 5 26 0.404392
4 4 5 27 0.39376853
4 4 5 28 0.37070564
4 4 5 29 0.37630476
4 4 5 30 0.44195716
4 4 5 31 0.42667245
4 5 0 0 0.34998101
4 5 0 1 0.65050222
4 5 0 2 0.84212912
4 5 0 3 1.02685689
4 5 0 4 1.17986542
4 5 0 5 1.08779566
4 5 0 6 0.93581801
4 5 0 7 0.77187991
4 5 0 8 1.09836474
4 5 0 9 0.76371647
4 5 0 10 0.85034936
4 5 0 11 0.88089299
4 5 0 12 1.10484231
4 5 0 13 1.28812144
4 5 0 14 1.76230455
4 5 0 15 2.38451933
4 5 0 16 1.5342367
4 5 0 17 1.21922116
4 5 0 18 1.00033171
4 5 0 19 1.02192089
4 5 0 20 0.95343716
4 5 0 21 1.10477646
4 5 0 22 1.31991672
4 5 0 23 1.47924729
4 5 0 24 0.49462265
4 5 0 25 0.66985563
4 5 0 26 0.84924302
4 5 0 27 0.84327397
4 5 0 28 0.83425999
4 5 0 29 0.76670721
4 5 0 30 0.62875609
4 5 0 31 0.3807762
4 5 1 0 0.34854161
4 5 1 1 0.32962291
4 5 1 2 0.39015832
4 5 1 3 0.45119786
4 5 1 4 0.4955495
4 5 1 5 0.56584434
4 5 1 6 0.5961503
4 5 1 7 0.44838137
4 5 1 8 1.18869126
4 5 1 9 1.83181525
4 5 1 10 1.5213977
4 5 1 11 1.59708399
4 5 1 12 2.14562318
4 5 1 13 2.88125178
4 5 1 14 3.36248664
4 5 1 15 2.93868087
4 5 1 16 0.3728496
4 5 1 17 0.39514873
4 5 1 18 0.38704863
4 5 1 19 0.36507291
4 5 1 20 0.39478978
4 5 1 21 0.38467006
4 5 1 22 0.40673771
4 5 1 23 0.41100281
4 5 1 24 0.49985256
4 5 1 25 0.53756201
4 5 1 26 0.46658467
4 5 1 27 0.44604905
4 5 1 28 0.50179188
4 5 1 29 0.8849856
4 5 1 30 1.69638392
4 5 1 31 2.64175891
4 5 2 0 2.39295304
4 5 2 1 2.51645466
4 5 2 2 1.98374177
4 5 2 3 1.06320907
4 5 2 4 0.70369596
4 5 2 5 0.46087534
4 5 2 6 0.38344747
4 5 2 7 0.45201248
4 5 2 8 0.52134064
4 5 2 9 0.43275062
4 5 2 10 0.39373878
4 5 2 11 0.37984473
4 5 2 12 0.37854364
4 5 2 13 0.44535337
4 5 2 14 0.69750528
4 5 2 15 1.17772671
4 5 2 16 0.46552872
4 5 2 17 0.53486537
4 5 2 18 0.53750583
4 5 2 19 0.69406362
4 5 2 20 1.2579091
4 5 2 21 1.79689336
4 5 2 22 1.97884365
4 5 2 23 1.6622573
4 5 2 24 3.97685107
4 5 2 25 1.46616037
4 5 2 26 0.93491494
4 5 2 27 0.70908963
4 5 2 28 0.56621217
4 5 2 29 0.48333383
4 5 2 30 0.41387331
4 5 2 31 0.3322555
4 5 3 0 0.28614388
4 5 3 1 0.29513413
4 5 3 2 0.28287031
4 5 3 3 0.29628678
4 5 3 4 0.29665433
4 5 3 5 0.28688132
4 5 3 6 0.29774277
4 5 3 7 0.26833512
4 5 3 8 0.32014736
4 5 3 9 0.35633461
4 5 3 10 0.39679517
4 5 3 11 0.55332543
4 5 3 12 0.78099591
4 5 3 13 1.1691715
4 5 3 14 1.16225234
4 5 3 15 1.27491188
4 5 3 16 1.45230438
4 5 3 17 1.42896892
4 5 3 18 1.39719038
4 5 3 19 1.60143722
4 5 3 20 1.5263805
4 5 3 21 1.47720304
4 5 3 22 1.2245669
4 5 3 23 1.3071237
4 5 3 24 1.34399884
4 5 3 25 1.60922135
4 5 3 26 1.61543675
4 5 3 27 1.72913675
4 5 3 28 1.70048722
4 5 3 29 1.47754497
4 5 3 30 1.32230973
4 5 3 31 1.1950351
4 5 4 0 0.27946725
4 5 4 1 0.25812549
4 5 4 2 0.2749327
4 5 4 3 0.32424964
4 5 4 4 0.30949738
4 5 4 5 0.28372363
4 5 4 6 0.29842276
4 5 4 7 0.33068048
4 5 4 8 0.3905949
4 5 4 9 0.3575509
4 5 4 10 0.37420663
4 5 4 11 0.35186965
4 5 4 12 0.37431908
4 5 4 13 0.40749639
4 5 4 14 0.38509568
4 5 4 15 0.44572622
4 5 4 16 1.71028208
4 5 4 17 1.69654374
4 5 4 18 1.68611598
4 5 4 19 1.87181619
4 5 4 20 2.20846042
4 5 4 21 1.8664107
4 5 4 22 1.58441387
4 5 4 23 1.77325529
4 5 4 24 1.82580128
4 5 4 25 1.89172888
4 5 4 26 1.86962537
4 5 4 27 1.61037678
4 5 4 28 1.5429957
4 5 4 29 1.42498182
4 5 4 30 1.29920355
4 5 4 31 0.97640608
4 5 5 0 0.22150184
4 5 5 1 0.16295459
4 5 5 2 0.17170496
4 5 5 3 0.17098746
4 5 5 4 0.17690153
4 5 5 5 0.17512767
4 5 5 6 0.15357416
4 5 5 7 0.21480311
4 5 5 8 0.35811014
4 5 5 9 0.50169871
4 5 5 10 0.30907689
4 5 5 11 0.27115982
4 5 5 12 0.34119078
4 5 5 13 0.5106895
4 5 5 14 0.90343629
4 5 5 15 1.57097772
4 5 5 16 2.6996491
4 5 5 17 3.29929227
4 5 5 18 3.10381497
4 5 5 19 3.5368764
4 5 5 20 3.17689388
4 5 5 21 2.48672183
4 5 5 22 1.72096737
4 5 5 23 1.41397787
4 5 5 24 0.72907692
4 5 5 25 0.68880129
4 5 5 26 0.71521632
4 5 5 27 0.77545732
4 5 5 28 0.58900319
4 5 5 29 0.31797503
4 5 5 30 0.22669251
4 5 5 31 0.2086035
5 0 0 0 0.38299485
5 0 0 1 0.28063396
5 0 0 2 0.25559325
5 0 0 3 0.18324124
5 0 0 4 0.18616112
5 0 0 5 0.15843146
5 0 0 6 0.66202233
5 0 0 7 0.3044912
5 0 0 8 0.39526167
5 0 0 9 0.46175889
5 0 0 10 0.51008971
5 0 0 11 0.30297607
5 0 0 12 -0.00375851
5 0 0 13 0.35395965
5 0 0 14 0.48705938
5 0 0 15 0.40116612
5 0 0 16 1.34073755
5 0 0 17 1.38225861
5 0 0 18 1.70569564
5 0 0 19 1.55378978
5 0 0 20 1.77516638
5 0 0 21 1.71270313
5 0 0 22 1.52699797
5 0 0 23 1.60162997
5 0 0 24 2.18422067
5 0 0 25 1.82044673
5 0 0 26 1.79067919
5 0 0 27 1.59463769
5 0 0 28 1.65115366
5 0 0 29 1.65684662
5 0 0 30 1.67427873
5 0 0 31 1.86782852
5 0 1 0 1.07371361
5 0 1 1 0.000480023335
5 0 1 2 1.13984713
5 0 1 3 1.12458761
5 0 1 4 1.07844625
5 0 1 5 1.06478004
5 0 1 6 1.09542374
5 0 1 7 1.16149935
5 0 1 8 1.16399563
5 0 1 9 1.15592628
5 0 1 10 1.12406364
5 0 1 11 1.17453789
5 0 1 12 1.19896029
5 0 1 13 1.23519112
5 0 1 14 1.18833358
5 0 1 15 1.139218
5 0 1 16 -0.00122056051
5 0 1 17 1.08601783
5 0 1 18 1.023965
5 0 1 19 1.04575792
5 0 1 20 1.02470889
5 0 1 21 1.05695367
5 0 1 22 1.07642999
5 0 1 23 1.01318049
5 0 1 24 0.00162732358
5 0 1 25 1.09724472
5 0 1 26 1.06848791
5 0 1 27 1.091277
5 0 1 28 1.07766397
5 0 1 29 1.05719818
5 0 1 30 1.15096972
5 0 1 31 1.11051716
5 0 2 0 0.000408542183
5 0 2 1 0.000708960628
5 0 2 2 0.00229494305
5 0 2 3 0.00266881273
5 0 2 4 -0.0030406375
5 0 2 5 0.00557608604
5 0 2 6 -0.000279166418
5 0 2 7 -0.00188406971
5 0 2 8 -0.00109266772
5 0 2 9 0.00188995472
5 0 2 10 0.00706420584
5 0 2 11 -0.00292188751
5 0 2 12 -0.00746326054
5 0 2 13 0.00507244243
5 0 2 14 -0.00354441787
5 0 2 15 0.00791243274
5 0 2 16 1.61947731
5 0 2 17 1.79931128
5 0 2 18 1.85873333
5 0 2 19 2.05822212
5 0 2 20 2.08688871
5 0 2 21 2.08672513
5 0 2 22 2.0728169
5 0 2 23 1.9805648
5 0 2 24 2.24480613
5 0 2 25 2.15599121
5 0 2 26 2.26420358
5 0 2 27 1.80426779
5 0 2 28 2.16068153
5 0 2 29 2.14931535
5 0 2 30 1.93718478
5 0 2 31 1.65883967
5 0 3 0 0.86906218
5 0 3 1 0.94044457
5 0 3 2 0.89359886
5 0 3 3 1.07736685
5 0 3 4 0.93069045
5 0 3 5 1.03947845
5 0 3 6 1.07453905
5 0 3 7 1.04927292
5 0 3 8 1.21880243
5 0 3 9 0.84281781
5 0 3 10 0.93087092
5 0 3 11 1.02992936
5 0 3 12 1.05509912
5 0 3 13 1.00223054
5 0 3 14 1.18966469
5 0 3 15 1.33403981
5 0 3 16 1.62047452
5 0 3 17 1.21298636
5 0 3 18 1.15371234
5 0 3 19 1.08183645
5 0 3 20 1.0020455
5 0 3 21 0.98499153
5 0 3 22 0.88378465
5 0 3 23 1.05245978
5 0 3 24 0.79867264
5 0 3 25 0.85241215
5 0 3 26 0.70833882
5 0 3 27 0.8459185
5 0 3 28 0.91245787
5 0 3 29 0.91725404
5 0 3 30 0.80131021
5 0 3 31 0.69225984
5 0 4 0 1.25078166
5 0 4 1 1.1401301
5 0 4 2 1.18897369
5 0 4 3 1.10580767
5 0 4 4 1.0940021
5 0 4 5 1.18415067
5 0 4 6 1.14721548
5 0 4 7 1.27917578
5 0 4 8 1.0717892
5 0 4 9 1.08787945
5 0 4 10 0.9625524
5 0 4 11 1.0262562
5 0 4 12 1.07223837
5 0 4 13 1.04935355
5 0 4 14 1.11258027
5 0 4 15 0.01423666
5 0 4 16 1.42348075
5 0 4 17 1.0877969
5 0 4 18 1.08639344
5 0 4 19 1.08143939
5 0 4 20 0.98131643
5 0 4 21 0.97009575
5 0 4 22 0.96708634
5 0 4 23 1.05205913
5 0 4 24 0.69801285
5 0 4 25 0.74711818
5 0 4 26 0.79349386
5 0 4 27 0.85137307
5 0 4 28 0.89393043
5 0 4 29 0.93729257
5 0 4 30 0.82597307
5 0 4 31 0.89869347
5 1 0 0 0.84585293
5 1 0 1 0.96203049
5 1 0 2 1.04753541
5 1 0 3 1.14709785
5 1 0 4 1.05428501
5 1 0 5 1.02984291
5 1 0 6 1.02963791
5 1 0 7 1.15954214
5 1 0 8 1.10283213
5 1 0 9 0.95083653
5 1 0 10 0.97833445
5 1 0 11 0.89235579
5 1 0 12 0.99275816
5 1 0 13 1.05448291
5 1 0 14 1.06580036
5 1 0 15 1.32680609
5 1 0 16 1.33307391
5 1 0 17 1.06569543
5 1 0 18 0.94921447
5 1 0 19 0.96541737
5 1 0 20 1.00611914
5 1 0 21 0.9186682
5 1 0 22 0.97924389
5 1 0 23 1.09868412
5 1 0 24 0.89322708
5 1 0 25 0.96606001
5 1 0 26 1.02426578
5 1 0 27 1.02533882
5 1 0 28 0.87409718
5 1 0 29 0.86367633
5 1 0 30 0.80064759
5 1 0 31 0.63158591
5 1 1 0 0.73340162
5 1 1 1 0.97638674
5 1 1 2 0.95202735
5 1 1 3 0.98882505
5 1 1 4 1.19286821
5 1 1 5 1.27091712
5 1 1 6 1.11359514
5 1 1 7 1.12445579
5 1 1 8 1.11011317
5 1 1 9 -0.00477218
5 1 1 10 0.99980192
5 1 1 11 1.01803469
5 1 1 12 -0.0750791
5 1 1 13 1.00043115
5 1 1 14 0.98019378
5 1 1 15 1.13541538
5 1 1 16 1.54311679
5 1 1 17 1.34308995
5 1 1 18 1.22022815
5 1 1 19 1.11008712
5 1 1 20 1.10799978
5 1 1 21 1.14702559
5 1 1 22 1.06034375
5 1 1 23 1.25989855
5 1 1 24 1.03953886
5 1 1 25 1.10966421
5 1 1 26 1.01978012
5 1 1 27 1.17955611
5 1 1 28 0.99167696
5 1 1 29 0.90942078
5 1 1 30 0.83972374
5 1 1 31 0.70149286
5 1 2 0 0.940054674
5 1 2 1 1.00518633
5 1 2 2 0.942279271
5 1 2 3 1.04043657
5 1 2 4 1.07166277
5 1 2 5 1.08963943
5 1 2 6 1.08367379
5 1 2 7 0.995817979
5 1 2 8 1.15757976
5 1 2 9 1.20439915
5 1 2 10 1.17806421
5 1 2 11 1.08685496
5 1 2 12 0.988308729
5 1 2 13 -0.00069715047
5 1 2 14 1.09776321
5 1 2 15 0.947523083
5 1 2 16 0.81219091
5 1 2 17 0.979588333
5 1 2 18 0.99379145
5 1 2 19 1.08892915
5 1 2 20 0.980428195
5 1 2 21 1.03231155
5 1 2 22 0.995508553
5 1 2 23 1.03380189
5 1 2 24 1.06384736
5 1 2 25 1.22153222
5 1 2 26 1.13285454
5 1 2 27 1.11462591
5 1 2 28 0.989177485
5 1 2 29 0.988811485
5 1 2 30 0.923067512
5 1 2 31 0.832305357
5 1 3 0 0.92545188
5 1 3 1 0.95658113
5 1 3 2 0.92145816
5 1 3 3 0.99496297
5 1 3 4 0.96440247
5 1 3 5 1.04244567
5 1 3 6 0.95705722
5 1 3 7 0.90316755
5 1 3 8 1.04067511
5 1 3 9 0.91750769
5 1 3 10 1.03363838
5 1 3 11 0.97471644
5 1 3 12 1.12088951
5 1 3 13 1.07424338
5 1 3 14 1.05429423
5 1 3 15 0.93225764
5 1 3 16 0.85402792
5 1 3 17 1.01478466
5 1 3 18 1.06596014
5 1 3 19 1.10087423
5 1 3 20 0.92919033
5 1 3 21 1.00367355
5 1 3 22 1.05812965
5 1 3 23 0.97691213
5 1 3 24 1.08505274
5 1 3 25 1.18146905
5 1 3 26 1.12512406
5 1 3 27 1.03404421
5 1 3 28 1.05068719
5 1 3 29 0.97744012
5 1 3 30 0.91450983
5 1 3 31 0.89127188
5 1 4 0 0.76176008
5 1 4 1 0.85225246
5 1 4 2 -0.00937663
5 1 4 3 0.89636762
5 1 4 4 0.83236556
5 1 4 5 0.88397029
5 1 4 6 0.86807296
5 1 4 7 0.95977819
5 1 4 8 0.91090525
5 1 4 9 0.84647105
5 1 4 10 0.91316956
5 1 4 11 0.92282899
5 1 4 12 0.92142783
5 1 4 13 0.94598407
5 1 4 14 0.89188554
5 1 4 15 0.90035461
5 1 4 16 1.2390783
5 1 4 17 1.2803836
5 1 4 18 1.23656168
5 1 4 19 1.45042126
5 1 4 20 0.04277714
5 1 4 21 1.70210096
5 1 4 22 1.73895648
5 1 4 23 1.20235501
5 1 4 24 1.4328567
5 1 4 25 1.63976605
5 1 4 26 1.37914898
5 1 4 27 1.03290867
5 1 4 28 0.94108438
5 1 4 29 0.89809754
5 1 4 30 0.83531881
5 1 4 31 0.8685934
5 1 5 0 0.97515367
5 1 5 1 0.98987546
5 1 5 2 0.99229736
5 1 5 3 1.01952882
5 1 5 4 1.01542009
5 1 5 5 1.00657226
5 1 5 6 1.10301677
5 1 5 7 0.0141896
5 1 5 8 1.25853131
5 1 5 9 1.51879959
5 1 5 10 1.27933765
5 1 5 11 1.03537752
5 1 5 12 0.90934329
5 1 5 13 0.94596399
5 1 5 14 1.11397551
5 1 5 15 0.9153149
5 1 5 16 1.24444906
5 1 5 17 1.19620885
5 1 5 18 1.40268298
5 1 5 19 1.13853818
5 1 5 20 1.17126402
5 1 5 21 0.97293045
5 1 5 22 1.04185672
5 1 5 23 1.08669754
5 1 5 24 0.84307078
5 1 5 25 0.82812453
5 1 5 26 0.81909959
5 1 5 27 0.84410617
5 1 5 28 0.89549957
5 1 5 29 0.7941042
5 1 5 30 0.85816381
5 1 5 31 0.67377898
5 2 0 0 -0.00799476
5 2 0 1 1.10792335
5 2 0 2 1.04637887
5 2 0 3 1.08940621
5 2 0 4 1.13593593
5 2 0 5 1.08221493
5 2 0 6 1.14579938
5 2 0 7 1.07775085
5 2 0 8 1.05287475
5 2 0 9 1.10355362
5 2 0 10 0.96335508
5 2 0 11 1.07220538
5 2 0 12 1.05654938
5 2 0 13 1.0805366
5 2 0 14 1.06407539
5 2 0 15 1.06951327
5 2 0 16 0.91053155
5 2 0 17 0.97491359
5 2 0 18 0.97722815
5 2 0 19 1.00192155
5 2 0 20 0.9565102
5 2 0 21 0.90980337
5 2 0 22 1.01810319
5 2 0 23 0.91871775
5 2 0 24 1.12029168
5 2 0 25 1.05104969
5 2 0 26 1.01852692
5 2 0 27 1.0507736
5 2 0 28 0.99928758
5 2 0 29 0.99254236
5 2 0 30 0.99375403
5 2 0 31 1.04220699
5 2 1 0 0.8671131
5 2 1 1 0.74389009
5 2 1 2 0.93076397
5 2 1 3 0.93749468
5 2 1 4 1.03277534
5 2 1 5 0.94988075
5 2 1 6 1.03966477
5 2 1 7 1.06114347
5 2 1 8 1.0203312
5 2 1 9 0.94611611
5 2 1 10 1.00473198
5 2 1 11 1.01896437
5 2 1 12 1.04918642
5 2 1 13 1.15053298
5 2 1 14 0.99238788
5 2 1 15 1.07430705
5 2 1 16 1.30904716
5 2 1 17 1.14958815
5 2 1 18 1.13398892
5 2 1 19 1.14385633
5 2 1 20 0.90665185
5 2 1 21 0.97514921
5 2 1 22 0.96225798
5 2 1 23 0.96389749
5 2 1 24 0.95774407
5 2 1 25 0.99178635
5 2 1 26 0.94030365
5 2 1 27 1.01696224
5 2 1 28 1.05639437
5 2 1 29 1.04490498
5 2 1 30 0.92059156
5 2 1 31 0.77233852
5 2 2 0 0.19924871
5 2 2 1 0.23455704
5 2 2 2 0.21149842
5 2 2 3 0.23712757
5 2 2 4 0.26075747
5 2 2 5 0.27733254
5 2 2 6 0.37356551
5 2 2 7 0.93909776
5 2 2 8 1.67176858
5 2 2 9 2.12806708
5 2 2 10 2.06131117
5 2 2 11 2.17682764
5 2 2 12 2.1068145
5 2 2 13 1.90288999
5 2 2 14 1.74590627
5 2 2 15 0.89349631
5 2 2 16 1.24232916
5 2 2 17 1.82199005
5 2 2 18 2.11033606
5 2 2 19 2.1571536
5 2 2 20 2.2291324
5 2 2 21 1.84426522
5 2 2 22 1.3078126
5 2 2 23 0.62693636
5 2 2 24 0.19198743
5 2 2 25 0.17376748
5 2 2 26 0.22149508
5 2 2 27 0.20417745
5 2 2 28 0.27488243
5 2 2 29 0.2231619
5 2 2 30 0.17998854
5 2 2 31 0.17277847
5 2 3 0 0.116585114
5 2 3 1 0.1084624
5 2 3 2 0.107761876
5 2 3 3 0.109347905
5 2 3 4 0.000637921902
5 2 3 5 0.144781595
5 2 3 6 0.13181782
5 2 3 7 0.156547409
5 2 3 8 0.147219349
5 2 3 9 0.166987995
5 2 3 10 0.217999809
5 2 3 11 0.41969509
5 2 3 12 0.529017901
5 2 3 13 0.634700806
5 2 3 14 1.14353177
5 2 3 15 1.39549271
5 2 3 16 2.86730795
5 2 3 17 3.75948915
5 2 3 18 4.07422982
5 2 3 19 4.20502604
5 2 3 20 3.80635323
5 2 3 21 2.96396951
5 2 3 22 1.7915983
5 2 3 23 0.627525001
5 2 3 24 0.226305861
5 2 3 25 0.17956804
5 2 3 26 0.19362374
5 2 3 27 0.157914635
5 2 3 28 0.158581988
5 2 3 29 0.165310786
5 2 3 30 0.1422031
5 2 3 31 0.121328798
5 2 4 0 0.901869395
5 2 4 1 1.01444087
5 2 4 2 0.907083925
5 2 4 3 1.07066055
5 2 4 4 0.889946966
5 2 4 5 -0.000652357552
5 2 4 6 1.0813321
5 2 4 7 0.931484527
5 2 4 8 0.887351707
5 2 4 9 0.96390551
5 2 4 10 1.1300845
5 2 4 11 1.24284282
5 2 4 12 0.979893304
5 2 4 13 1.07611544
5 2 4 14 1.04602684
5 2 4 15 0.915778768
5 2 4 16 1.06683407
5 2 4 17 1.04236583
5 2 4 18 1.09589042
5 2 4 19 1.01101935
5 2 4 20 1.12482578
5 2 4 21 0.956089778
5 2 4 22 1.11997398
5 2 4 23 1.08606782
5 2 4 24 1.04661414
5 2 4 25 1.21919915
5 2 4 26 1.01782701
5 2 4 27 1.15990307
5 2 4 28 1.15359714
5 2 4 29 1.087803
5 2 4 30 0.971557394
5 2 4 31 0.861020825
5 2 5 0 0.76966075
5 2 5 1 0.93865458
5 2 5 2 1.03013704
5 2 5 3 0.97248644
5 2 5 4 1.03182921
5 2 5 5 1.04789776
5 2 5 6 0.9335785
5 2 5 7 0.99308186
5 2 5 8 0.00582644
5 2 5 9 1.13279883
5 2 5 10 0.97342749
5 2 5 11 0.98809047
5 2 5 12 0.92983013
5 2 5 13 0.90000737
5 2 5 14 1.03496393
5 2 5 15 0.82184269
5 2 5 16 0.86887614
5 2 5 17 1.26835325
5 2 5 18 1.34281111
5 2 5 19 1.34949824
5 2 5 20 1.19333017
5 2 5 21 1.10904164
5 2 5 22 1.17766732
5 2 5 23 1.13823905
5 2 5 24 1.15076114
5 2 5 25 1.09798145
5 2 5 26 1.03012199
5 2 5 27 1.04071211
5 2 5 28 1.04235781
5 2 5 29 0.99564076
5 2 5 30 0.91347343
5 2 5 31 0.76449389
5 3 0 0 0.66006305
5 3 0 1 0.65437723
5 3 0 2 0.65040451
5 3 0 3 0.66713291
5 3 0 4 0.59707415
5 3 0 5 0.67198558
5 3 0 6 0.66131448
5 3 0 7 0.66570803
5 3 0 8 0.54039833
5 3 0 9 0.54702405
5 3 0 10 0.59387816
5 3 0 11 0.7150061
5 3 0 12 0.67882148
5 3 0 13 0.70038716
5 3 0 14 0.72155732
5 3 0 15 0.01073653
5 3 0 16 1.0465598
5 3 0 17 1.00563274
5 3 0 18 0.8308574
5 3 0 19 0.89989302
5 3 0 20 0.925956
5 3 0 21 0.80905191
5 3 0 22 0.8679328
5 3 0 23 0.95304286
5 3 0 24 3.25844866
5 3 0 25 2.31832726
5 3 0 26 2.03074266
5 3 0 27 1.57012768
5 3 0 28 1.26521623
5 3 0 29 1.3637357
5 3 0 30 1.61989112
5 3 0 31 1.35404554
5 3 1 0 0.00953662
5 3 1 1 0.8763511
5 3 1 2 0.85092455
5 3 1 3 0.84837038
5 3 1 4 0.73573712
5 3 1 5 0.76033915
5 3 1 6 0.89125213
5 3 1 7 0.88461567
5 3 1 8 0.86840342
5 3 1 9 0.85286342
5 3 1 10 0.88599509
5 3 1 11 0.94049678
5 3 1 12 0.8980655
5 3 1 13 0.9120267
5 3 1 14 0.89457369
5 3 1 15 0.94012963
5 3 1 16 2.02814133
5 3 1 17 1.8296015
5 3 1 18 1.70047728
5 3 1 19 1.37756162
5 3 1 20 1.14853821
5 3 1 21 0.92759785
5 3 1 22 0.82727535
5 3 1 23 0.93557099
5 3 1 24 1.56448392
5 3 1 25 1.15856269
5 3 1 26 0.88399747
5 3 1 27 0.94594429
5 3 1 28 0.92596351
5 3 1 29 0.92524342
5 3 1 30 0.93660346
5 3 1 31 0.94851046
5 3 2 0 0.03886901
5 3 2 1 0.24642029
5 3 2 2 0.25365498
5 3 2 3 0.26277545
5 3 2 4 0.27520255
5 3 2 5 0.27185769
5 3 2 6 0.23303655
5 3 2 7 0.28520735
5 3 2 8 0.39347385
5 3 2 9 0.38233404
5 3 2 10 0.37907648
5 3 2 11 0.32248465
5 3 2 12 0.35985928
5 3 2 13 0.36670763
5 3 2 14 0.40228464
5 3 2 15 0.35807896
5 3 2 16 1.30356643
5 3 2 17 1.68465186
5 3 2 18 1.55451216
5 3 2 19 1.73603579
5 3 2 20 1.64595818
5 3 2 21 1.87772377
5 3 2 22 1.67327171
5 3 2 23 1.51262684
5 3 2 24 1.72575934
5 3 2 25 2.09851645
5 3 2 26 1.75698769
5 3 2 27 1.98531308
5 3 2 28 1.70088557
5 3 2 29 1.64717793
5 3 2 30 1.82944252
5 3 2 31 1.41227228
5 3 3 0 0.84557077
5 3 3 1 0.95088487
5 3 3 2 1.00025084
5 3 3 3 1.07382082
5 3 3 4 1.10539486
5 3 3 5 1.17527478
5 3 3 6 1.15509756
5 3 3 7 0.91818036
5 3 3 8 0.94295283
5 3 3 9 1.21148459
5 3 3 10 1.10717195
5 3 3 11 1.05861959
5 3 3 12 1.06932765
5 3 3 13 1.11101488
5 3 3 14 0.06356748
5 3 3 15 0.94081593
5 3 3 16 0.76438608
5 3 3 17 0.95886204
5 3 3 18 1.08607414
5 3 3 19 1.07596756
5 3 3 20 0.9937011
5 3 3 21 0.93734324
5 3 3 22 1.05938356
5 3 3 23 1.06085851
5 3 3 24 1.09799115
5 3 3 25 1.09989532
5 3 3 26 1.09850061
5 3 3 27 1.17877694
5 3 3 28 1.10456545
5 3 3 29 1.12387669
5 3 3 30 0.89707557
5 3 3 31 0.80952743
5 3 4 0 0.917336308
5 3 4 1 1.15509057
5 3 4 2 0.964763841
5 3 4 3 1.19036063
5 3 4 4 1.14532237
5 3 4 5 1.12983323
5 3 4 6 0.99420216
5 3 4 7 0.829924487
5 3 4 8 1.20531327
5 3 4 9 1.30484735
5 3 4 10 1.3476059
5 3 4 11 -0.0014745244
5 3 4 12 1.33213005
5 3 4 13 1.27542713
5 3 4 14 1.21800992
5 3 4 15 1.02800348
5 3 4 16 0.751849186
5 3 4 17 1.05847
5 3 4 18 1.30558508
5 3 4 19 1.2661227
5 3 4 20 -0.00512608303
5 3 4 21 0.000903392266
5 3 4 22 1.15933027
5 3 4 23 0.90102692
5 3 4 24 1.23694413
5 3 4 25 1.13587316
5 3 4 26 1.28591961
5 3 4 27 1.35146361
5 3 4 28 1.23458246
5 3 4 29 1.2842657
5 3 4 30 0.949935523
5 3 4 31 -0.00293950389
5 3 5 0 0.29287882
5 3 5 1 0.32410546
5 3 5 2 0.34869489
5 3 5 3 0.35228299
5 3 5 4 0.36060559
5 3 5 5 0.39462588
5 3 5 6 0.42102348
5 3 5 7 0.43730878
5 3 5 8 1.50210167
5 3 5 9 1.66578999
5 3 5 10 -0.00495512
5 3 5 11 1.61791237
5 3 5 12 1.52200039
5 3 5 13 1.50077087
5 3 5 14 1.69813911
5 3 5 15 1.49277979
5 3 5 16 1.85950145
5 3 5 17 2.41101704
5 3 5 18 2.69959543
5 3 5 19 2.33894465
5 3 5 20 2.09540434
5 3 5 21 1.58769106
5 3 5 22 1.10935257
5 3 5 23 0.8333856
5 3 5 24 0.41541917
5 3 5 25 0.40150727
5 3 5 26 0.38211294
5 3 5 27 0.38322325
5 3 5 28 0.31484667
5 3 5 29 0.31444626
5 3 5 30 0.30105469
5 3 5 31 0.26757038
5 4 0 0 1.2561829
5 4 0 1 1.23462552
5 4 0 2 1.29435326
5 4 0 3 1.26167505
5 4 0 4 1.2667593
5 4 0 5 1.24004683
5 4 0 6 1.47844094
5 4 0 7 1.65624319
5 4 0 8 1.41377319
5 4 0 9 1.35972893
5 4 0 10 1.31407321
5 4 0 11 1.40078339
5 4 0 12 1.36332905
5 4 0 13 1.47007801
5 4 0 14 1.43383676
5 4 0 15 1.60527667
5 4 0 16 0.8752703
5 4 0 17 0.69794303
5 4 0 18 0.6170726
5 4 0 19 0.56872815
5 4 0 20 0.58991601
5 4 0 21 0.53741106
5 4 0 22 0.54627797
5 4 0 23 0.59246028
5 4 0 24 0.92538566
5 4 0 25 0.75377545
5 4 0 26 0.58369159
5 4 0 27 0.6206214
5 4 0 28 0.56948444
5 4 0 29 0.54271176
5 4 0 30 0.50107418
5 4 0 31 0.47964531
5 4 1 0 0.28767609
5 4 1 1 0.23119755
5 4 1 2 0.28610992
5 4 1 3 0.26242216
5 4 1 4 0.24844433
5 4 1 5 0.28085275
5 4 1 6 0.32325957
5 4 1 7 0.88086059
5 4 1 8 0.36311149
5 4 1 9 0.35466037
5 4 1 10 0.38062788
5 4 1 11 0.364929
5 4 1 12 0.33883655
5 4 1 13 0.3779663
5 4 1 14 0.42520712
5 4 1 15 0.42172246
5 4 1 16 0.75323988
5 4 1 17 0.54264092
5 4 1 18 0.41041392
5 4 1 19 0.4347493
5 4 1 20 0.4401924
5 4 1 21 0.37941082
5 4 1 22 0.35640715
5 4 1 23 0.53686783
5 4 1 24 3.24104481
5 4 1 25 2.60837843
5 4 1 26 2.92730366
5 4 1 27 3.69945491
5 4 1 28 3.33744261
5 4 1 29 3.32479209
5 4 1 30 2.41857727
5 4 1 31 1.16815868
5 4 2 0 0.22158461
5 4 2 1 0.21890539
5 4 2 2 0.21708391
5 4 2 3 0.27105202
5 4 2 4 0.24649718
5 4 2 5 0.26201412
5 4 2 6 0.27941207
5 4 2 7 0.32890353
5 4 2 8 0.29712572
5 4 2 9 0.31672991
5 4 2 10 0.3048889
5 4 2 11 0.28109984
5 4 2 12 0.29249378
5 4 2 13 0.34301484
5 4 2 14 0.29725802
5 4 2 15 0.33102414
5 4 2 16 1.54916482
5 4 2 17 2.22454293
5 4 2 18 2.36043179
5 4 2 19 2.43148656
5 4 2 20 2.42705815
5 4 2 21 2.38861922
5 4 2 22 2.33233884
5 4 2 23 1.49743742
5 4 2 24 0.58682125
5 4 2 25 0.6696998
5 4 2 26 0.83952714
5 4 2 27 1.06569909
5 4 2 28 1.251906
5 4 2 29 1.81961557
5 4 2 30 1.91962366
5 4 2 31 1.61199599
5 4 3 0 0.69562849
5 4 3 1 0.78994392
5 4 3 2 0.84846179
5 4 3 3 0.82162628
5 4 3 4 0.91246676
5 4 3 5 0.8990288
5 4 3 6 0.90749146
5 4 3 7 1.04755042
5 4 3 8 1.14086656
5 4 3 9 1.27309592
5 4 3 10 1.16579099
5 4 3 11 1.10581958
5 4 3 12 1.04425878
5 4 3 13 1.07718517
5 4 3 14 1.07462259
5 4 3 15 0.8682992
5 4 3 16 0.83972946
5 4 3 17 1.11495367
5 4 3 18 1.12145728
5 4 3 19 1.13873292
5 4 3 20 1.15501126
5 4 3 21 1.13892884
5 4 3 22 1.14291263
5 4 3 23 1.05227234
5 4 3 24 1.03038118
5 4 3 25 1.11515891
5 4 3 26 1.10546402
5 4 3 27 0.96737926
5 4 3 28 0.97380864
5 4 3 29 0.84870239
5 4 3 30 0.89958641
5 4 3 31 0.77542831
5 4 4 0 0.758674801
5 4 4 1 1.10107494
5 4 4 2 1.22012292
5 4 4 3 1.1413491
5 4 4 4 1.19471536
5 4 4 5 1.18675213
5 4 4 6 1.02808769
5 4 4 7 0.85556547
5 4 4 8 0.748039653
5 4 4 9 1.09902815
5 4 4 10 1.22556921
5 4 4 11 1.10819219
5 4 4 12 1.18763708
5 4 4 13 1.09234404
5 4 4 14 1.10205115
5 4 4 15 0.995693581
5 4 4 16 0.991781548
5 4 4 17 1.13447333
5 4 4 18 1.30479171
5 4 4 19 1.25183861
5 4 4 20 1.20347571
5 4 4 21 1.28119933
5 4 4 22 1.24914854
5 4 4 23 1.07688844
5 4 4 24 0.607646891
5 4 4 25 0.990054661
5 4 4 26 0.946416471
5 4 4 27 0.823873947
5 4 4 28 0.85240877
5 4 4 29 0.000546067837
5 4 4 30 0.726217707
5 4 4 31 0.548637463
5 4 5 0 0.32332999
5 4 5 1 0.22671185
5 4 5 2 0.32356922
5 4 5 3 0.35168117
5 4 5 4 0.35101598
5 4 5 5 0.38966005
5 4 5 6 0.45928696
5 4 5 7 0.47383695
5 4 5 8 2.4542918
5 4 5 9 3.50595028
5 4 5 10 3.46049018
5 4 5 11 3.53401183
5 4 5 12 3.07886125
5 4 5 13 2.43888393
5 4 5 14 2.41886329
5 4 5 15 1.87879503
5 4 5 16 -0.00365632
5 4 5 17 0.95119247
5 4 5 18 0.60021138
5 4 5 19 0.51201968
5 4 5 20 0.5789631
5 4 5 21 0.63688777
5 4 5 22 0.47981154
5 4 5 23 0.33950587
5 4 5 24 0.76157874
5 4 5 25 0.45794429
5 4 5 26 0.29783585
5 4 5 27 0.27109099
5 4 5 28 0.22542502
5 4 5 29 0.20559748
5 4 5 30 0.19969912
5 4 5 31 0.1858976
5 5 0 0 0.00594457896
5 5 0 1 -0.0002227282
5 5 0 2 -0.00208248057
5 5 0 3 0.00959947165
5 5 0 4 -0.0106293716
5 5 0 5 0.00824496981
5 5 0 6 0.0188389795
5 5 0 7 0.00499590023
5 5 0 8 1.3717124
5 5 0 9 1.35910574
5 5 0 10 1.37208979
5 5 0 11 1.38925189
5 5 0 12 1.36205924
5 5 0 13 1.42479221
5 5 0 14 1.38765263
5 5 0 15 1.44800375
5 5 0 16 -0.00811002971
5 5 0 17 -0.00282553284
5 5 0 18 0.0173800946
5 5 0 19 0.494960257
5 5 0 20 0.456085353
5 5 0 21 0.493903723
5 5 0 22 0.00144343628
5 5 0 23 0.550536467
5 5 0 24 2.81117239
5 5 0 25 3.46571229
5 5 0 26 0.0130939915
5 5 0 27 3.33892007
5 5 0 28 3.46832273
5 5 0 29 2.69272914
5 5 0 30 1.24620782
5 5 0 31 0.758454332
5 5 1 0 0.59607306
5 5 1 1 0.54329653
5 5 1 2 0.61497509
5 5 1 3 0.58077601
5 5 1 4 0.55290585
5 5 1 5 0.6222119
5 5 1 6 0.61438416
5 5 1 7 0.72424016
5 5 1 8 1.06408949
5 5 1 9 0.9359337
5 5 1 10 0.9114003
5 5 1 11 1.01099665
5 5 1 12 0.97654911
5 5 1 13 1.05081713
5 5 1 14 1.34112758
5 5 1 15 1.4175357
5 5 1 16 0.85708204
5 5 1 17 1.0611325
5 5 1 18 0.72135231
5 5 1 19 0.56899181
5 5 1 20 0.56765081
5 5 1 21 0.63710042
5 5 1 22 1.41348674
5 5 1 23 2.45188032
5 5 1 24 0.52870342
5 5 1 25 0.54845627
5 5 1 26 1.27840089
5 5 1 27 2.26417081
5 5 1 28 2.2728722
5 5 1 29 1.59178645
5 5 1 30 1.0927962
5 5 1 31 0.54804326
5 5 2 0 0.88840919
5 5 2 1 0.93313385
5 5 2 2 0.93909012
5 5 2 3 0.94290783
5 5 2 4 0.96795924
5 5 2 5 1.03091097
5 5 2 6 0.96302969
5 5 2 7 1.04019276
5 5 2 8 1.17128966
5 5 2 9 1.15392251
5 5 2 10 1.13375553
5 5 2 11 1.23690616
5 5 2 12 1.21201803
5 5 2 13 1.26647646
5 5 2 14 1.15824194
5 5 2 15 1.64830311
5 5 2 16 1.56132506
5 5 2 17 1.2685818
5 5 2 18 1.10273849
5 5 2 19 1.04541145
5 5 2 20 0.93620649
5 5 2 21 1.03491578
5 5 2 22 0.99030792
5 5 2 23 0.97842283
5 5 2 24 0.55676042
5 5 2 25 0.61935636
5 5 2 26 0.7005926
5 5 2 27 0.66317479
5 5 2 28 0.65934021
5 5 2 29 0.72610976
5 5 2 30 0.78570469
5 5 2 31 0.6263335
5 5 3 0 0.40563355
5 5 3 1 0.38983656
5 5 3 2 0.43656544
5 5 3 3 0.4275425
5 5 3 4 0.3579263
5 5 3 5 0.35917489
5 5 3 6 0.41374627
5 5 3 7 0.4872985
5 5 3 8 0.72452498
5 5 3 9 0.76907516
5 5 3 10 0.6184997
5 5 3 11 0.49356379
5 5 3 12 0.60472371
5 5 3 13 0.58745633
5 5 3 14 0.60614744
5 5 3 15 0.63023724
5 5 3 16 1.71839191
5 5 3 17 2.47042242
5 5 3 18 2.94126301
5 5 3 19 2.88004565
5 5 3 20 2.05432138
5 5 3 21 1.51686452
5 5 3 22 0.67611579
5 5 3 23 0.5843618
5 5 3 24 0.62630154
5 5 3 25 0.53056107
5 5 3 26 0.51793883
5 5 3 27 0.63841451
5 5 3 28 0.99146175
5 5 3 29 1.15732488
5 5 3 30 1.9006873
5 5 3 31 2.34549205
5 5 4 0 0.24905016
5 5 4 1 0.25064944
5 5 4 2 0.24828779
5 5 4 3 0.28024222
5 5 4 4 0.27858986
5 5 4 5 0.24130298
5 5 4 6 0.25481204
5 5 4 7 0.26327175
5 5 4 8 0.29405737
5 5 4 9 0.26197381
5 5 4 10 0.27223164
5 5 4 11 0.35267483
5 5 4 12 0.34700085
5 5 4 13 0.39065424
5 5 4 14 0.43711248
5 5 4 15 0.42630018
5 5 4 16 1.08525874
5 5 4 17 1.93192633
5 5 4 18 2.11863658
5 5 4 19 2.30967378
5 5 4 20 2.10586409
5 5 4 21 2.01241172
5 5 4 22 1.69806489
5 5 4 23 1.1290454
5 5 4 24 2.38404383
5 5 4 25 2.19037868
5 5 4 26 1.74947761
5 5 4 27 1.67410795
5 5 4 28 1.2656583
5 5 4 29 1.18242563
5 5 4 30 1.00689
5 5 4 31 0.71463601
5 5 5 0 0.34268422
5 5 5 1 0.3495741
5 5 5 2 0.33540922
5 5 5 3 0.3200935
5 5 5 4 0.35693996
5 5 5 5 0.35854763
5 5 5 6 0.35094193
5 5 5 7 0.38361141
5 5 5 8 0.5027709
5 5 5 9 0.48528695
5 5 5 10 0.49275192
5 5 5 11 0.42975522
5 5 5 12 0.46179454
5 5 5 13 0.50756888
5 5 5 14 0.55272274
5 5 5 15 0.60856402
5 5 5 16 4.76063273
5 5 5 17 0.01451668
5 5 5 18 4.47387241
5 5 5 19 0.00515682
5 5 5 20 5.06423599
5 5 5 21 4.60248346
5 5 5 22 0.01097279
5 5 5 23 0.01085454
5 5 5 24 0.88976157
5 5 5 25 1.0788181
5 5 5 26 0.83863297
5 5 5 27 0.5514596
5 5 5 28 0.57767146
5 5 5 29 0.65735354
5 5 5 30 0.71997272
5 5 5 31 0.61400599
6 0 0 0 0.019743299
6 0 0 1 0.0166013809
6 0 0 2 0.0238271809
6 0 0 3 -0.0131123886
6 0 0 4 -0.0270951482
6 0 0 5 -0.012311767
6 0 0 6 0.0442478768
6 0 0 7 0.0384445077
6 0 0 8 0.0489521586
6 0 0 9 0.0701599339
6 0 0 10 0.0080265968
6 0 0 11 -0.000974602298
6 0 0 12 0.00103809875
6 0 0 13 7.95697595
6 0 0 14 9.5604415
6 0 0 15 0.013980036
6 0 0 16 0.00688103913
6 0 0 17 -0.000743386061
6 0 0 18 0.00697240445
6 0 0 19 2.34823939
6 0 0 20 2.34944475
6 0 0 21 1.74083357
6 0 0 22 1.74715087
6 0 0 23 1.23196961
6 0 0 24 0.516448643
6 0 0 25 0.575493822
6 0 0 26 0.589112381
6 0 0 27 0.47195795
6 0 0 28 0.573424393
6 0 0 29 0.544800955
6 0 0 30 0.392265771
6 0 0 31 0.420760294
6 0 1 0 1.08255444
6 0 1 1 1.08808499
6 0 1 2 1.04409228
6 0 1 3 1.00584421
6 0 1 4 1.05005921
6 0 1 5 1.10629587
6 0 1 6 1.03233388
6 0 1 7 1.01456265
6 0 1 8 1.09108327
6 0 1 9 1.12911928
6 0 1 10 1.06627721
6 0 1 11 1.06987995
6 0 1 12 1.02014639
6 0 1 13 1.07755198
6 0 1 14 1.16279602
6 0 1 15 1.14067086
6 0 1 16 0.91747298
6 0 1 17 0.96980882
6 0 1 18 0.92443956
6 0 1 19 0.89439594
6 0 1 20 0.91302168
6 0 1 21 0.95021797
6 0 1 22 0.92960052
6 0 1 23 0.95732256
6 0 1 24 1.00983216
6 0 1 25 0.93357832
6 0 1 26 0.9226064
6 0 1 27 0.92997482
6 0 1 28 0.84586808
6 0 1 29 0.93469392
6 0 1 30 0.86931453
6 0 1 31 0.96742316
6 0 2 0 0.87466612
6 0 2 1 1.03300794
6 0 2 2 1.12683276
6 0 2 3 0.93492168
6 0 2 4 1.05954697
6 0 2 5 0.91723316
6 0 2 6 0.99783129
6 0 2 7 1.0143283
6 0 2 8 1.05047116
6 0 2 9 0.93656689
6 0 2 10 0.96728596
6 0 2 11 0.98781948
6 0 2 12 0.97111867
6 0 2 13 0.97780642
6 0 2 14 1.14552353
6 0 2 15 1.36886257
6 0 2 16 1.60762413
6 0 2 17 1.26928591
6 0 2 18 1.24372098
6 0 2 19 1.13592792
6 0 2 20 0.95134412
6 0 2 21 1.0143969
6 0 2 22 1.07531508
6 0 2 23 1.07063031
6 0 2 24 0.87020146
6 0 2 25 0.87854516
6 0 2 26 0.88552347
6 0 2 27 0.93733699
6 0 2 28 0.9896536
6 0 2 29 0.84123899
6 0 2 30 0.77304128
6 0 2 31 0.01231837
6 0 3 0 -0.00520023
6 0 3 1 1.11460119
6 0 3 2 0.97292789
6 0 3 3 1.12751807
6 0 3 4 1.20850592
6 0 3 5 1.1277651
6 0 3 6 1.09788603
6 0 3 7 1.0148836
6 0 3 8 1.23191294
6 0 3 9 1.0770451
6 0 3 10 1.14583263
6 0 3 11 1.15116042
6 0 3 12 1.01173599
6 0 3 13 1.17105422
6 0 3 14 1.22587371
6 0 3 15 1.18776843
6 0 3 16 1.12431794
6 0 3 17 1.21800064
6 0 3 18 1.12734291
6 0 3 19 1.17970759
6 0 3 20 0.99196626
6 0 3 21 1.04011694
6 0 3 22 1.133016
6 0 3 23 1.06675309
6 0 3 24 0.0887408
6 0 3 25 1.14618848
6 0 3 26 1.05936132
6 0 3 27 0.01407084
6 0 3 28 1.15266704
6 0 3 29 1.06599331
6 0 3 30 0.97051273
6 0 3 31 0.84827988
6 0 4 0 0.00671474143
6 0 4 1 0.077141272
6 0 4 2 0.00137904516
6 0 4 3 0.0794256747
6 0 4 4 -0.0553525319
6 0 4 5 -0.0104607645
6 0 4 6 -0.00826334317
6 0 4 7 0.103385164
6 0 4 8 -0.00306500847
6 0 4 9 0.00153331659
6 0 4 10 -0.00297082317
6 0 4 11 -0.00647086241
6 0 4 12 5.37976041e-05
6 0 4 13 0.000179556667
6 0 4 14 0.066263955
6 0 4 15 -0.00409950912
6 0 4 16 1.31832436
6 0 4 17 1.75542567
6 0 4 18 2.14050434
6 0 4 19 0.189353768
6 0 4 20 1.61620524
6 0 4 21 1.0742034
6 0 4 22 0.943411761
6 0 4 23 0.726756504
6 0 4 24 1.97500504
6 0 4 25 2.41568054
6 0 4 26 2.82897751
6 0 4 27 3.26470598
6 0 4 28 2.87980525
6 0 4 29 2.79790592
6 0 4 30 2.93935282
6 0 4 31 2.29682959
6 0 5 0 0.00214966742
6 0 5 1 0.00451367444
6 0 5 2 -0.00109583434
6 0 5 3 0.0518093351
6 0 5 4 0.0582418005
6 0 5 5 0.0537384422
6 0 5 6 0.0568062307
6 0 5 7 0.0589328713
6 0 5 8 1.56395125
6 0 5 9 2.10723139
6 0 5 10 1.87495659
6 0 5 11 1.77917284
6 0 5 12 1.61956342
6 0 5 13 1.75526569
6 0 5 14 1.67584279
6 0 5 15 0.00450044059
6 0 5 16 1.59016876
6 0 5 17 1.86788003
6 0 5 18 1.75727858
6 0 5 19 1.78383879
6 0 5 20 1.74513032
6 0 5 21 1.74679108
6 0 5 22 1.66310785
6 0 5 23 1.350579
6 0 5 24 0.67556771
6 0 5 25 0.760376228
6 0 5 26 0.788260593
6 0 5 27 0.778807326
6 0 5 28 0.804931653
6 0 5 29 0.8343258
6 0 5 30 0.764182718
6 0 5 31 0.679663298
6 1 0 0 -0.00772544782
6 1 0 1 0.0355232007
6 1 0 2 6.08084336
6 1 0 3 0.00614407084
6 1 0 4 0.00407734672
6 1 0 5 -0.0083319618
6 1 0 6 0.00493677404
6 1 0 7 0.0132256416
6 1 0 8 1.3249839
6 1 0 9 1.24486448
6 1 0 10 1.09806643
6 1 0 11 1.11048144
6 1 0 12 1.21316215
6 1 0 13 1.33054609
6 1 0 14 1.504298
6 1 0 15 1.81113878
6 1 0 16 1.83959479
6 1 0 17 1.39640518
6 1 0 18 1.10981937
6 1 0 19 1.02735925
6 1 0 20 0.959296827
6 1 0 21 0.849780584
6 1 0 22 0.882865498
6 1 0 23 1.04316264
6 1 0 24 0.898063216
6 1 0 25 0.895288036
6 1 0 26 0.875131126
6 1 0 27 0.922799528
6 1 0 28 0.900536383
6 1 0 29 0.902545252
6 1 0 30 0.734924402
6 1 0 31 0.586259973
6 1 1 0 -0.00540676
6 1 1 1 1.54740507
6 1 1 2 1.53520254
6 1 1 3 1.55576119
6 1 1 4 1.59941034
6 1 1 5 1.62689395
6 1 1 6 1.39071846
6 1 1 7 1.68890815
6 1 1 8 0.01504903
6 1 1 9 0.01695742
6 1 1 10 0.02138114
6 1 1 11 0.03147127
6 1 1 12 0.02591973
6 1 1 13 0.01243656
6 1 1 14 0.02140524
6 1 1 15 0.03207078
6 1 1 16 2.17690153
6 1 1 17 0.03351274
6 1 1 18 1.70613592
6 1 1 19 1.29468616
6 1 1 20 1.4556362
6 1 1 21 1.55190038
6 1 1 22 1.6437015
6 1 1 23 1.66352614
6 1 1 24 0.01840937
6 1 1 25 1.54909295
6 1 1 26 1.49326844
6 1 1 27 1.33880111
6 1 1 28 1.39288579
6 1 1 29 1.24908896
6 1 1 30 1.19866688
6 1 1 31 0.91595329
6 1 2 0 1.24036288
6 1 2 1 1.27763174
6 1 2 2 1.57633423
6 1 2 3 1.60151302
6 1 2 4 1.55210193
6 1 2 5 0.0171922471
6 1 2 6 1.47394102
6 1 2 7 1.38178496
6 1 2 8 0.0218341987
6 1 2 9 0.0374320853
6 1 2 10 0.0227982277
6 1 2 11 0.0159877583
6 1 2 12 0.000893106698
6 1 2 13 0.0324600971
6 1 2 14 0.0183332545
6 1 2 15 0.0218858366
6 1 2 16 2.24002748
6 1 2 17 1.95399726
6 1 2 18 1.86742537
6 1 2 19 -0.00180042509
6 1 2 20 1.77794463
6 1 2 21 1.61267317
6 1 2 22 1.51836276
6 1 2 23 1.54543299
6 1 2 24 1.57997424
6 1 2 25 1.63909531
6 1 2 26 -0.00610379444
6 1 2 27 1.53081842
6 1 2 28 1.41657097
6 1 2 29 0.0239853474
6 1 2 30 1.32403667
6 1 2 31 1.0007828
6 1 3 0 1.58053873
6 1 3 1 1.91266213
6 1 3 2 2.15544484
6 1 3 3 2.30327794
6 1 3 4 2.54117901
6 1 3 5 2.84978531
6 1 3 6 -0.00100706173
6 1 3 7 2.26625042
6 1 3 8 1.65110183
6 1 3 9 1.66130524
6 1 3 10 1.6654781
6 1 3 11 1.65368799
6 1 3 12 1.56179421
6 1 3 13 1.70650388
6 1 3 14 0.0712519112
6 1 3 15 -0.00181506512
6 1 3 16 0.799163006
6 1 3 17 0.838688355
6 1 3 18 0.771648433
6 1 3 19 0.805701026
6 1 3 20 0.815872826
6 1 3 21 0.807033738
6 1 3 22 0.786145586
6 1 3 23 0.713160214
6 1 3 24 -0.00532784617
6 1 3 25 -1.27314785e-05
6 1 3 26 -0.00178117621
6 1 3 27 0.00277496609
6 1 3 28 0.0025172637
6 1 3 29 0.00347815577
6 1 3 30 -0.000300524323
6 1 3 31 -0.00653182944
6 1 4 0 0.0467539555
6 1 4 1 -0.000679633551
6 1 4 2 2.07314926
6 1 4 3 2.02433522
6 1 4 4 2.23221056
6 1 4 5 2.19166688
6 1 4 6 2.50278777
6 1 4 7 2.22591852
6 1 4 8 -0.00138355568
6 1 4 9 -0.00126214673
6 1 4 10 -0.0080446453
6 1 4 11 2.85549222
6 1 4 12 0.106131035
6 1 4 13 0.129188291
6 1 4 14 3.61700137
6 1 4 15 0.257015985
6 1 4 16 0.172275907
6 1 4 17 0.214034825
6 1 4 18 -0.00157650797
6 1 4 19 0.210463981
6 1 4 20 0.167971295
6 1 4 21 0.217390355
6 1 4 22 0.198740084
6 1 4 23 0.187581572
6 1 4 24 0.935063696
6 1 4 25 1.38063734
6 1 4 26 1.29574321
6 1 4 27 1.4420276
6 1 4 28 1.40320483
6 1 4 29 1.7351112
6 1 4 30 1.57675618
6 1 4 31 -0.00564159982
6 1 5 0 0.25006144
6 1 5 1 0.26060999
6 1 5 2 0.31575851
6 1 5 3 -0.00546884
6 1 5 4 0.35438793
6 1 5 5 0.34791247
6 1 5 6 0.3500923
6 1 5 7 0.36375709
6 1 5 8 1.33348644
6 1 5 9 1.49265028
6 1 5 10 1.66934254
6 1 5 11 1.66491169
6 1 5 12 1.6155851
6 1 5 13 1.36784767
6 1 5 14 1.37947675
6 1 5 15 0.99903042
6 1 5 16 1.39847222
6 1 5 17 1.75587524
6 1 5 18 1.91726175
6 1 5 19 2.29874589
6 1 5 20 2.09755954
6 1 5 21 1.78818085
6 1 5 22 2.03018179
6 1 5 23 1.9011526
6 1 5 24 0.43301499
6 1 5 25 0.44184871
6 1 5 26 0.43039693
6 1 5 27 0.4053979
6 1 5 28 0.36107306
6 1 5 29 0.37100116
6 1 5 30 0.3422567
6 1 5 31 0.34100266
6 2 0 0 0.0111468222
6 2 0 1 -0.0152066647
6 2 0 2 0.02925124
6 2 0 3 0.0069899111
6 2 0 4 0.00449835073
6 2 0 5 0.00300063295
6 2 0 6 0.0423990449
6 2 0 7 0.0192805167
6 2 0 8 0.0174137034
6 2 0 9 -0.00061363264
6 2 0 10 0.000706409391
6 2 0 11 0.0410529819
6 2 0 12 0.040944014
6 2 0 13 0.0435748188
6 2 0 14 0.0339903369
6 2 0 15 2.51471214
6 2 0 16 2.84045854
6 2 0 17 2.0438178
6 2 0 18 1.93822805
6 2 0 19 1.47585253
6 2 0 20 1.26722108
6 2 0 21 1.37759665
6 2 0 22 1.01476495
6 2 0 23 1.29327914
6 2 0 24 2.04038755
6 2 0 25 0.00816162464
6 2 0 26 2.69144723
6 2 0 27 2.63429229
6 2 0 28 2.75859969
6 2 0 29 2.22464887
6 2 0 30 1.70241903
6 2 0 31 1.02943431
6 2 1 0 0.63150755
6 2 1 1 0.79268372
6 2 1 2 0.8893851
6 2 1 3 0.99182125
6 2 1 4 1.04360743
6 2 1 5 1.00022481
6 2 1 6 0.94161249
6 2 1 7 0.94753321
6 2 1 8 1.49728209
6 2 1 9 1.2833233
6 2 1 10 1.1668377
6 2 1 11 1.01609388
6 2 1 12 1.08611166
6 2 1 13 1.17131755
6 2 1 14 1.15685468
6 2 1 15 1.46859375
6 2 1 16 1.71661748
6 2 1 17 1.37373607
6 2 1 18 1.15949581
6 2 1 19 1.12601802
6 2 1 20 0.85917636
6 2 1 21 0.84292114
6 2 1 22 1.01495282
6 2 1 23 1.09992665
6 2 1 24 0.74019586
6 2 1 25 0.78706103
6 2 1 26 0.81326536
6 2 1 27 0.85259751
6 2 1 28 0.76800144
6 2 1 29 0.68015519
6 2 1 30 0.62035622
6 2 1 31 0.45342751
6 2 2 0 1.45175082
6 2 2 1 2.13875766
6 2 2 2 2.38255909
6 2 2 3 2.41516615
6 2 2 4 2.24382812
6 2 2 5 2.44446832
6 2 2 6 -0.00434401337
6 2 2 7 1.73763742
6 2 2 8 -0.00789107602
6 2 2 9 1.98719106
6 2 2 10 1.82282117
6 2 2 11 1.75951763
6 2 2 12 1.83205061
6 2 2 13 2.00322629
6 2 2 14 1.80572596
6 2 2 15 0.00715202624
6 2 2 16 0.537205268
6 2 2 17 0.541104586
6 2 2 18 0.588277464
6 2 2 19 0.576411766
6 2 2 20 0.592380102
6 2 2 21 0.614938933
6 2 2 22 0.567056828
6 2 2 23 0.589662306
6 2 2 24 0.000790374242
6 2 2 25 -0.00130034315
6 2 2 26 0.739353066
6 2 2 27 -0.00331833997
6 2 2 28 0.539017767
6 2 2 29 0.00569685597
6 2 2 30 -0.00464970224
6 2 2 31 -0.00488679311
6 2 3 0 0.0101023103
6 2 3 1 0.00232606776
6 2 3 2 0.00572132195
6 2 3 3 -0.00369240343
6 2 3 4 0.00847203637
6 2 3 5 0.00392352621
6 2 3 6 -0.000596834512
6 2 3 7 0.00772455822
6 2 3 8 2.03909412
6 2 3 9 2.37516091
6 2 3 10 2.26704944
6 2 3 11 2.40366026
6 2 3 12 2.36347789
6 2 3 13 2.22202763
6 2 3 14 2.30242308
6 2 3 15 0.00230291352
6 2 3 16 0.00096616166
6 2 3 17 0.00203668529
6 2 3 18 0.00475957713
6 2 3 19 0.00578261875
6 2 3 20 -0.00326203698
6 2 3 21 -0.00400481256
6 2 3 22 0.00800024953
6 2 3 23 -0.00254455507
6 2 3 24 1.53750498
6 2 3 25 2.1959105
6 2 3 26 2.2860283
6 2 3 27 2.16488769
6 2 3 28 1.76384727
6 2 3 29 1.92736356
6 2 3 30 2.01968991
6 2 3 31 1.67931809
6 2 4 0 1.14202114
6 2 4 1 1.30701949
6 2 4 2 1.43509218
6 2 4 3 1.44587334
6 2 4 4 1.39917933
6 2 4 5 1.36664445
6 2 4 6 1.42438236
6 2 4 7 1.27309327
6 2 4 8 1.34814944
6 2 4 9 1.41244791
6 2 4 10 1.49089459
6 2 4 11 1.36338923
6 2 4 12 1.46169164
6 2 4 13 1.41094665
6 2 4 14 1.35660308
6 2 4 15 1.07512329
6 2 4 16 -0.0109381031
6 2 4 17 1.19738499
6 2 4 18 1.34881757
6 2 4 19 1.36070352
6 2 4 20 1.39410016
6 2 4 21 1.41984085
6 2 4 22 1.39464988
6 2 4 23 1.37734466
6 2 4 24 -0.00104855947
6 2 4 25 0.172104658
6 2 4 26 0.313108193
6 2 4 27 0.00603366554
6 2 4 28 0.131218727
6 2 4 29 0.218306472
6 2 4 30 -0.00891709978
6 2 4 31 -0.00732205593
6 2 5 0 -0.00231221872
6 2 5 1 -0.00433010291
6 2 5 2 0.00607139685
6 2 5 3 -0.00371755851
6 2 5 4 -0.00417955455
6 2 5 5 -0.00157600536
6 2 5 6 0.000717774459
6 2 5 7 -0.00602546493
6 2 5 8 1.78436785
6 2 5 9 1.7975132
6 2 5 10 1.77233369
6 2 5 11 1.54829693
6 2 5 12 1.42834046
6 2 5 13 1.37874511
6 2 5 14 1.27280787
6 2 5 15 1.00236219
6 2 5 16 0.00214611253
6 2 5 17 1.60427836
6 2 5 18 1.5585644
6 2 5 19 1.75677488
6 2 5 20 1.64424233
6 2 5 21 1.62928812
6 2 5 22 1.78279254
6 2 5 23 0.000956216837
6 2 5 24 1.16478656
6 2 5 25 1.26709368
6 2 5 26 1.23577691
6 2 5 27 1.26743223
6 2 5 28 1.15076562
6 2 5 29 1.20955405
6 2 5 30 1.13665498
6 2 5 31 1.20753993
6 3 0 0 1.1370305
6 3 0 1 1.59691489
6 3 0 2 1.73988353
6 3 0 3 1.81817628
6 3 0 4 1.80629595
6 3 0 5 1.6575978
6 3 0 6 1.826511
6 3 0 7 1.86440636
6 3 0 8 0.0192464104
6 3 0 9 0.00746377788
6 3 0 10 0.0127066638
6 3 0 11 0.0121306035
6 3 0 12 0.0194080861
6 3 0 13 0.0411414036
6 3 0 14 0.00418894725
6 3 0 15 0.0199714759
6 3 0 16 3.10056882
6 3 0 17 2.63057905
6 3 0 18 2.15251294
6 3 0 19 2.21574885
6 3 0 20 1.94182941
6 3 0 21 1.82699528
6 3 0 22 1.85896696
6 3 0 23 2.11444139
6 3 0 24 0.0318295054
6 3 0 25 0.0343282979
6 3 0 26 0.0206500665
6 3 0 27 -0.00562334495
6 3 0 28 -0.00039239958
6 3 0 29 0.00205134896
6 3 0 30 0.0188371376
6 3 0 31 0.0291297442
6 3 1 0 2.87951931
6 3 1 1 4.82614344
6 3 1 2 0.0066508452
6 3 1 3 0.00808729367
6 3 1 4 5.65376197
6 3 1 5 5.01044917
6 3 1 6 4.55218612
6 3 1 7 3.04206484
6 3 1 8 -0.00163389412
6 3 1 9 0.00711129167
6 3 1 10 0.014934413
6 3 1 11 0.0144260529
6 3 1 12 0.00969770695
6 3 1 13 -0.00174280571
6 3 1 14 -0.0054635029
6 3 1 15 0.00730689414
6 3 1 16 0.455973775
6 3 1 17 0.426342127
6 3 1 18 0.398667018
6 3 1 19 0.439717884
6 3 1 20 0.00525489471
6 3 1 21 0.0369816328
6 3 1 22 -0.000279247194
6 3 1 23 0.444513744
6 3 1 24 -0.00113113322
6 3 1 25 0.438337315
6 3 1 26 0.456895336
6 3 1 27 0.415561116
6 3 1 28 0.351274121
6 3 1 29 0.392420843
6 3 1 30 0.304738236
6 3 1 31 0.295586446
6 3 2 0 1.09870551
6 3 2 1 1.26548258
6 3 2 2 -0.0016856326
6 3 2 3 -0.000601160458
6 3 2 4 1.48978431
6 3 2 5 1.4724683
6 3 2 6 1.41709217
6 3 2 7 1.32285138
6 3 2 8 1.34882179
6 3 2 9 1.38809508
6 3 2 10 1.45242236
6 3 2 11 1.54515426
6 3 2 12 1.46796466
6 3 2 13 1.32120803
6 3 2 14 1.3562102
6 3 2 15 0.908207587
6 3 2 16 0.377896419
6 3 2 17 0.373683954
6 3 2 18 0.394381134
6 3 2 19 0.38675055
6 3 2 20 0.36878237
6 3 2 21 0.413585476
6 3 2 22 0.39275414
6 3 2 23 0.417235887
6 3 2 24 1.05394822
6 3 2 25 1.30874538
6 3 2 26 1.35865589
6 3 2 27 1.42365988
6 3 2 28 1.41297972
6 3 2 29 1.13549337
6 3 2 30 1.13599428
6 3 2 31 0.866422191
6 3 3 0 0.84161108
6 3 3 1 1.04956098
6 3 3 2 1.06684219
6 3 3 3 1.01744539
6 3 3 4 1.15706194
6 3 3 5 1.12316893
6 3 3 6 1.04142978
6 3 3 7 0.98439708
6 3 3 8 1.04593647
6 3 3 9 -0.00174397
6 3 3 10 1.0242586
6 3 3 11 1.05971915
6 3 3 12 1.03868752
6 3 3 13 1.09841476
6 3 3 14 1.08345419
6 3 3 15 0.89711174
6 3 3 16 0.91273133
6 3 3 17 1.01978538
6 3 3 18 1.03479781
6 3 3 19 1.11952085
6 3 3 20 1.10074179
6 3 3 21 1.13910311
6 3 3 22 1.02604154
6 3 3 23 1.05553726
6 3 3 24 1.1001509
6 3 3 25 1.06467417
6 3 3 26 1.1189236
6 3 3 27 1.0018698
6 3 3 28 1.10068327
6 3 3 29 0.9136308
6 3 3 30 0.91682691
6 3 3 31 0.87606037
6 3 4 0 0.907071481
6 3 4 1 0.984505386
6 3 4 2 1.13915637
6 3 4 3 1.11305967
6 3 4 4 1.13968573
6 3 4 5 1.12176296
6 3 4 6 0.94909925
6 3 4 7 1.07495162
6 3 4 8 1.14169797
6 3 4 9 1.04850026
6 3 4 10 1.25276474
6 3 4 11 1.18293538
6 3 4 12 1.14454653
6 3 4 13 1.07115664
6 3 4 14 1.04209774
6 3 4 15 1.02046116
6 3 4 16 0.964758427
6 3 4 17 1.2208662
6 3 4 18 1.14303083
6 3 4 19 1.18727734
6 3 4 20 1.19147678
6 3 4 21 1.15328383
6 3 4 22 1.183051
6 3 4 23 1.01830008
6 3 4 24 1.01068157
6 3 4 25 1.14956788
6 3 4 26 0.000538463542
6 3 4 27 0.000361670126
6 3 4 28 1.27744704
6 3 4 29 0.00477695339
6 3 4 30 1.17846314
6 3 4 31 0.945616768
6 3 5 0 -0.00272289087
6 3 5 1 -0.000212428606
6 3 5 2 0.00360451927
6 3 5 3 0.00102318716
6 3 5 4 0.000766301555
6 3 5 5 0.000801400827
6 3 5 6 0.0032477758
6 3 5 7 0.00834671676
6 3 5 8 1.74567796
6 3 5 9 2.20221131
6 3 5 10 2.198154
6 3 5 11 2.31554096
6 3 5 12 2.13333916
6 3 5 13 2.21197777
6 3 5 14 0.00946939682
6 3 5 15 1.98282348
6 3 5 16 1.74227094
6 3 5 17 2.16134358
6 3 5 18 2.24662108
6 3 5 19 2.26871791
6 3 5 20 2.28379334
6 3 5 21 2.2709253
6 3 5 22 2.17838463
6 3 5 23 1.73967966
6 3 5 24 -0.00476147451
6 3 5 25 0.0108619778
6 3 5 26 0.00796969175
6 3 5 27 -0.00102083908
6 3 5 28 0.00785490146
6 3 5 29 -0.0018884878
6 3 5 30 0.00469278782
6 3 5 31 -0.00188189381
6 4 0 0 0.38132916
6 4 0 1 0.42672616
6 4 0 2 0.49992554
6 4 0 3 0.49882363
6 4 0 4 0.51251083
6 4 0 5 0.55411715
6 4 0 6 0.74711589
6 4 0 7 1.0309979
6 4 0 8 1.06979697
6 4 0 9 2.08254169
6 4 0 10 2.60733226
6 4 0 11 2.7862036
6 4 0 12 3.45166549
6 4 0 13 3.47566947
6 4 0 14 3.65352141
6 4 0 15 2.69915912
6 4 0 16 0.50132541
6 4 0 17 0.39368894
6 4 0 18 0.38251025
6 4 0 19 0.31116003
6 4 0 20 0.29997096
6 4 0 21 0.33135381
6 4 0 22 0.03168914
6 4 0 23 0.36242536
6 4 0 24 0.27482092
6 4 0 25 0.30405409
6 4 0 26 0.32414122
6 4 0 27 0.31747748
6 4 0 28 0.28205031
6 4 0 29 0.28266512
6 4 0 30 0.25132718
6 4 0 31 0.21664886
6 4 1 0 1.25699618
6 4 1 1 1.3334191
6 4 1 2 1.42634493
6 4 1 3 1.43030298
6 4 1 4 1.51666124
6 4 1 5 1.4420752
6 4 1 6 1.59422144
6 4 1 7 1.58090974
6 4 1 8 -0.00244759948
6 4 1 9 -0.00248045929
6 4 1 10 -0.00101813768
6 4 1 11 0.00196878635
6 4 1 12 0.00363592776
6 4 1 13 -0.00177284613
6 4 1 14 0.00390517347
6 4 1 15 -0.00426308659
6 4 1 16 -0.00868467402
6 4 1 17 1.52142162
6 4 1 18 1.52721968
6 4 1 19 1.42063016
6 4 1 20 1.6376349
6 4 1 21 1.43558923
6 4 1 22 1.39406613
6 4 1 23 0.00517188609
6 4 1 24 1.43647842
6 4 1 25 1.48785856
6 4 1 26 1.43356262
6 4 1 27 1.48285806
6 4 1 28 1.43537972
6 4 1 29 1.37976357
6 4 1 30 1.37470452
6 4 1 31 1.20073144
6 4 2 0 0.79576753
6 4 2 1 1.09863311
6 4 2 2 1.05753846
6 4 2 3 1.12202729
6 4 2 4 1.23175471
6 4 2 5 1.14549197
6 4 2 6 1.20531584
6 4 2 7 0.00683314
6 4 2 8 1.02076506
6 4 2 9 1.19862567
6 4 2 10 1.14844724
6 4 2 11 1.03789386
6 4 2 12 1.22377746
6 4 2 13 1.18281491
6 4 2 14 1.09718951
6 4 2 15 0.88201632
6 4 2 16 0.8950731
6 4 2 17 1.01343276
6 4 2 18 0.86431678
6 4 2 19 1.15752678
6 4 2 20 0.03250865
6 4 2 21 1.13054501
6 4 2 22 1.12236669
6 4 2 23 1.03614553
6 4 2 24 0.95458942
6 4 2 25 1.10424147
6 4 2 26 1.16167416
6 4 2 27 1.05785833
6 4 2 28 0.96769887
6 4 2 29 1.13744489
6 4 2 30 1.0564082
6 4 2 31 0.90719973
6 4 3 0 0.914213233
6 4 3 1 1.1151306
6 4 3 2 -0.00387189253
6 4 3 3 1.19741636
6 4 3 4 1.27637941
6 4 3 5 1.2044784
6 4 3 6 1.08068725
6 4 3 7 1.09997765
6 4 3 8 -0.000218247352
6 4 3 9 1.12818013
6 4 3 10 1.06209194
6 4 3 11 1.07646888
6 4 3 12 1.05375408
6 4 3 13 1.16573941
6 4 3 14 1.11911657
6 4 3 15 0.991916181
6 4 3 16 1.00218976
6 4 3 17 1.1725652
6 4 3 18 1.07695135
6 4 3 19 1.23963315
6 4 3 20 1.13219924
6 4 3 21 1.08192285
6 4 3 22 0.842275993
6 4 3 23 0.444045772
6 4 3 24 0.775095223
6 4 3 25 1.00962549
6 4 3 26 1.11379598
6 4 3 27 1.2617935
6 4 3 28 1.16729486
6 4 3 29 1.10183237
6 4 3 30 1.17564845
6 4 3 31 0.959610951
6 4 4 0 1.10639203
6 4 4 1 1.1418878
6 4 4 2 1.24371421
6 4 4 3 1.21367881
6 4 4 4 1.30390946
6 4 4 5 1.29334764
6 4 4 6 1.24714322
6 4 4 7 1.23714116
6 4 4 8 1.15373116
6 4 4 9 1.19430108
6 4 4 10 1.35003387
6 4 4 11 1.23608458
6 4 4 12 1.35998529
6 4 4 13 1.29307361
6 4 4 14 1.14816734
6 4 4 15 1.09111475
6 4 4 16 1.17990823
6 4 4 17 -0.000734770366
6 4 4 18 0.104240823
6 4 4 19 0.391192122
6 4 4 20 1.13356939
6 4 4 21 -0.00665265447
6 4 4 22 -0.00382938091
6 4 4 23 -0.00360339126
6 4 4 24 1.37788006
6 4 4 25 1.393625
6 4 4 26 1.23571649
6 4 4 27 1.25459612
6 4 4 28 1.2355223
6 4 4 29 1.21761988
6 4 4 30 1.05532638
6 4 4 31 1.09421134
6 4 5 0 0.719881696
6 4 5 1 0.749464993
6 4 5 2 -0.00292103748
6 4 5 3 0.672250522
6 4 5 4 -0.00501862591
6 4 5 5 0.715404936
6 4 5 6 0.855471111
6 4 5 7 0.775872112
6 4 5 8 2.46347891
6 4 5 9 2.35634571
6 4 5 10 1.86437841
6 4 5 11 2.03773475
6 4 5 12 -0.000666387825
6 4 5 13 2.12143169
6 4 5 14 1.70073115
6 4 5 15 1.13055291
6 4 5 16 0.729738466
6 4 5 17 0.950986005
6 4 5 18 1.27850225
6 4 5 19 1.3365405
6 4 5 20 1.52891275
6 4 5 21 1.55654817
6 4 5 22 1.75762117
6 4 5 23 -0.00314940419
6 4 5 24 0.680055109
6 4 5 25 0.653363615
6 4 5 26 0.562573779
6 4 5 27 0.518256656
6 4 5 28 0.532841431
6 4 5 29 0.55269976
6 4 5 30 0.525844405
6 4 5 31 0.473924447
6 5 0 0 0.0130950411
6 5 0 1 -0.000338292917
6 5 0 2 0.0141833539
6 5 0 3 -0.0050156341
6 5 0 4 -0.010048084
6 5 0 5 0.00131946408
6 5 0 6 0.0124769776
6 5 0 7 0.0299248042
6 5 0 8 1.03735542
6 5 0 9 0.784282857
6 5 0 10 0.75185199
6 5 0 11 0.860902393
6 5 0 12 1.00234896
6 5 0 13 1.22035492
6 5 0 14 1.68582392
6 5 0 15 2.36556354
6 5 0 16 2.17879094
6 5 0 17 1.82920417
6 5 0 18 1.59334458
6 5 0 19 1.52589809
6 5 0 20 1.56771942
6 5 0 21 1.57482233
6 5 0 22 1.54354179
6 5 0 23 2.13713364
6 5 0 24 0.852388366
6 5 0 25 1.06708106
6 5 0 26 1.17176483
6 5 0 27 1.29266307
6 5 0 28 1.27102363
6 5 0 29 1.14882511
6 5 0 30 0.960376053
6 5 0 31 0.595949867
6 5 1 0 0.00123870862
6 5 1 1 0.00307786338
6 5 1 2 -0.000536550125
6 5 1 3 0.00509797958
6 5 1 4 0.00938157854
6 5 1 5 0.00731283769
6 5 1 6 -0.00148862373
6 5 1 7 -0.00434105042
6 5 1 8 -0.00152074822
6 5 1 9 0.000308193727
6 5 1 10 -0.00326038992
6 5 1 11 -0.000306512864
6 5 1 12 1.06017924
6 5 1 13 0.00217076151
6 5 1 14 -0.00333432459
6 5 1 15 1.08628219
6 5 1 16 1.12964541
6 5 1 17 1.40249204
6 5 1 18 1.79236749
6 5 1 19 1.92552881
6 5 1 20 1.94666261
6 5 1 21 1.78149773
6 5 1 22 1.52047781
6 5 1 23 1.30170326
6 5 1 24 2.10393875
6 5 1 25 2.13035156
6 5 1 26 2.2781167
6 5 1 27 2.38553068
6 5 1 28 2.14124445
6 5 1 29 2.01006877
6 5 1 30 1.80926731
6 5 1 31 1.37263923
6 5 2 0 0.23029815
6 5 2 1 0.21240586
6 5 2 2 0.2272412
6 5 2 3 0.27025681
6 5 2 4 0.27478258
6 5 2 5 0.26188051
6 5 2 6 0.29276155
6 5 2 7 0.3514328
6 5 2 8 0.31208597
6 5 2 9 0.4807908
6 5 2 10 0.71623035
6 5 2 11 0.8604737
6 5 2 12 0.85348349
6 5 2 13 1.41576923
6 5 2 14 1.66919782
6 5 2 15 1.36654418
6 5 2 16 1.70214205
6 5 2 17 2.3169609
6 5 2 18 2.48898258
6 5 2 19 2.34381298
6 5 2 20 2.40660536
6 5 2 21 2.32744571
6 5 2 22 2.20680602
6 5 2 23 1.81466138
6 5 2 24 0.98538982
6 5 2 25 1.00419837
6 5 2 26 0.68389958
6 5 2 27 0.55157016
6 5 2 28 0.49748939
6 5 2 29 0.52945676
6 5 2 30 0.42229682
6 5 2 31 0.29319083
6 5 3 0 0.27896698
6 5 3 1 0.34615441
6 5 3 2 0.50716487
6 5 3 3 0.40221542
6 5 3 4 0.22736133
6 5 3 5 0.19980135
6 5 3 6 0.2001338
6 5 3 7 0.20892559
6 5 3 8 0.3103918
6 5 3 9 0.27733511
6 5 3 10 0.29999814
6 5 3 11 0.26324586
6 5 3 12 0.28242114
6 5 3 13 0.29290012
6 5 3 14 0.3146908
6 5 3 15 0.36974675
6 5 3 16 1.76115265
6 5 3 17 1.91967258
6 5 3 18 1.13170163
6 5 3 19 0.68697535
6 5 3 20 0.81405969
6 5 3 21 0.86456323
6 5 3 22 1.03418709
6 5 3 23 1.26834446
6 5 3 24 1.90333759
6 5 3 25 2.59803222
6 5 3 26 2.58660953
6 5 3 27 2.84408651
6 5 3 28 2.60328389
6 5 3 29 2.32165504
6 5 3 30 1.43148596
6 5 3 31 0.94069287
6 5 4 0 0.41987866
6 5 4 1 0.49820505
6 5 4 2 0.50796112
6 5 4 3 0.62743624
6 5 4 4 0.58841986
6 5 4 5 0.49043553
6 5 4 6 0.25423358
6 5 4 7 0.23870995
6 5 4 8 0.27901006
6 5 4 9 0.29488777
6 5 4 10 0.30289353
6 5 4 11 0.31813516
6 5 4 12 0.31158479
6 5 4 13 0.33533389
6 5 4 14 0.32965369
6 5 4 15 0.3524244
6 5 4 16 0.68685077
6 5 4 17 0.97726219
6 5 4 18 0.96565401
6 5 4 19 0.85257988
6 5 4 20 1.04006246
6 5 4 21 0.92087933
6 5 4 22 1.09945128
6 5 4 23 0.84093187
6 5 4 24 1.87545215
6 5 4 25 2.03283784
6 5 4 26 2.27844775
6 5 4 27 2.46193798
6 5 4 28 2.74154555
6 5 4 29 2.61144018
6 5 4 30 2.4843538
6 5 4 31 1.79264304
6 5 5 0 0.26455582
6 5 5 1 0.23862868
6 5 5 2 0.22507832
6 5 5 3 0.23801839
6 5 5 4 0.22100661
6 5 5 5 0.23233499
6 5 5 6 0.23752972
6 5 5 7 0.24677013
6 5 5 8 0.45938107
6 5 5 9 0.74680992
6 5 5 10 0.95475805
6 5 5 11 0.90426022
6 5 5 12 1.20926715
6 5 5 13 1.97044593
6 5 5 14 2.76191367
6 5 5 15 3.34845727
6 5 5 16 0.82741247
6 5 5 17 0.70778235
6 5 5 18 0.52583634
6 5 5 19 0.86011016
6 5 5 20 1.75596209
6 5 5 21 2.60988874
6 5 5 22 3.48480847
6 5 5 23 4.41966253
6 5 5 24 0.28787366
6 5 5 25 0.25691421
6 5 5 26 0.27173497
6 5 5 27 0.27728631
6 5 5 28 0.24568328
6 5 5 29 0.24974101
6 5 5 30 0.22780406
6 5 5 31 0.22476821
